-- Documents - Criminal record alert 15 days before it expires
REPLACE INTO aow_workflow (id, name, date_entered, date_modified, modified_user_id, created_by, description, deleted, assigned_user_id, flow_module, flow_run_on, status, run_when, multiple_runs, run_on_import) VALUES('342e61a2-619a-8665-631c-67484165dfc6', 'Documentos - Alerta certificado de delitos - 15 días antes', NOW(), NOW(), '2', '2', 'Cuando se detecta que quedan 15 días para que un certificado de delitos caduque se envía un correo electrónico al responsable de voluntariado y a la persona voluntaria para que suministre el certificado renovado.', 0, '2', 'Documents', 'All_Records', 'Inactive', 'In_Scheduler', 1, 0);
REPLACE INTO aow_conditions (id, name, date_entered, date_modified, modified_user_id, created_by, description, deleted, aow_workflow_id, condition_order, module_path, field, operator, value_type, value) VALUES('e16cfa66-d917-8ab2-e06e-6748426efaa9', '', NOW(), NOW(), '2', '2', NULL, 0, '342e61a2-619a-8665-631c-67484165dfc6', 1, 'YToxOntpOjA7czo5OiJEb2N1bWVudHMiO30=', 'status_id', 'Equal_To', 'Value', 'Active');
REPLACE INTO aow_conditions (id, name, date_entered, date_modified, modified_user_id, created_by, description, deleted, aow_workflow_id, condition_order, module_path, field, operator, value_type, value) VALUES('972403ba-2991-e9cc-5acb-674842946625', '', NOW(), NOW(), '2', '2', NULL, 0, '342e61a2-619a-8665-631c-67484165dfc6', 2, 'YToxOntpOjA7czo5OiJEb2N1bWVudHMiO30=', 'exp_date', 'Equal_To', 'Date', 'YTo0OntpOjA7czozOiJub3ciO2k6MTtzOjU6Im1pbnVzIjtpOjI7czoyOiIxNSI7aTozO3M6MzoiZGF5Ijt9');
REPLACE INTO aow_conditions (id, name, date_entered, date_modified, modified_user_id, created_by, description, deleted, aow_workflow_id, condition_order, module_path, field, operator, value_type, value) VALUES('a1eb1b05-0c06-d969-e792-67580e5a00cf', '', NOW(), NOW(), '2', '2', NULL, 0, '342e61a2-619a-8665-631c-67484165dfc6', 3, 'YToxOntpOjA7czo5OiJEb2N1bWVudHMiO30=', 'stic_category_c', 'Equal_To', 'Value', 'certificate');
REPLACE INTO aow_conditions (id, name, date_entered, date_modified, modified_user_id, created_by, description, deleted, aow_workflow_id, condition_order, module_path, field, operator, value_type, value) VALUES('70e295bc-c928-8c9a-219d-67580eb1648a', '', NOW(), NOW(), '2', '2', NULL, 0, '342e61a2-619a-8665-631c-67484165dfc6', 4, 'YToxOntpOjA7czo5OiJEb2N1bWVudHMiO30=', 'stic_subcategory_c', 'Equal_To', 'Value', 'certificate_sexual_offences');
REPLACE INTO aow_actions (id, name, date_entered, date_modified, modified_user_id, created_by, description, deleted, aow_workflow_id, action_order, action, parameters) VALUES('3ac486b1-4c72-2472-0f87-67596a48ed86', '', NOW(), NOW(), '2', '2', NULL, 0, '342e61a2-619a-8665-631c-67484165dfc6', 2, 'SendEmail', 'YTo3OntzOjE2OiJpbmRpdmlkdWFsX2VtYWlsIjtzOjE6IjAiO3M6MTQ6ImVtYWlsX3RlbXBsYXRlIjtzOjM2OiIwMDAwMDI1OC1lM2RhLTM5MGMtZTcyMi02OTMxNjJmMjA2MGYiO3M6MTE6Im91dHB1dF9zbXRwIjtzOjY6InN5c3RlbSI7czoxNToiZnJvbV9lbWFpbF9uYW1lIjtzOjY6IlN5c3RlbSI7czoxODoiZnJvbV9lbWFpbF9hZGRyZXNzIjtzOjIyOiJtYW51ZWxAc2luZXJnaWFjcm0ub3JnIjtzOjEzOiJyZXBseV90b19uYW1lIjtzOjA6IiI7czo4OiJyZXBseV90byI7czowOiIiO30=');

-- Documents - Criminal record alert on its expiration date
REPLACE INTO aow_workflow (id, name, date_entered, date_modified, modified_user_id, created_by, description, deleted, assigned_user_id, flow_module, flow_run_on, status, run_when, multiple_runs, run_on_import) VALUES('00000226-bd0e-5507-022c-69300f94b397', 'Documentos - Alerta certificado de delitos', NOW(), NOW(), '2', '2', 'Cuando se detecta que un certificado de delitos ha caducado se envía un correo electrónico al responsable de voluntariado y a la persona voluntaria para que suministre el certificado renovado.', 0, '2', 'Documents', 'All_Records', 'Inactive', 'In_Scheduler', 1, 0);
REPLACE INTO aow_conditions (id, name, date_entered, date_modified, modified_user_id, created_by, description, deleted, aow_workflow_id, condition_order, module_path, field, operator, value_type, value) VALUES('00000998-c388-b6c5-4643-69300f6fac66', '', NOW(), NOW(), '2', '2', NULL, 0, '00000226-bd0e-5507-022c-69300f94b397', 1, 'YToxOntpOjA7czo5OiJEb2N1bWVudHMiO30=', 'status_id', 'Equal_To', 'Value', 'Active');
REPLACE INTO aow_conditions (id, name, date_entered, date_modified, modified_user_id, created_by, description, deleted, aow_workflow_id, condition_order, module_path, field, operator, value_type, value) VALUES('00000093-da63-d1b3-9706-69300ffa93b5', '', NOW(), NOW(), '2', '2', NULL, 0, '00000226-bd0e-5507-022c-69300f94b397', 2, 'YToxOntpOjA7czo5OiJEb2N1bWVudHMiO30=', 'exp_date', 'Equal_To', 'Date', 'YTo0OntpOjA7czozOiJub3ciO2k6MTtzOjM6Im5vdyI7aToyO3M6MDoiIjtpOjM7czowOiIiO30=');
REPLACE INTO aow_conditions (id, name, date_entered, date_modified, modified_user_id, created_by, description, deleted, aow_workflow_id, condition_order, module_path, field, operator, value_type, value) VALUES('00000acd-cca5-4abc-450d-69300f977a4a', '', NOW(), NOW(), '2', '2', NULL, 0, '00000226-bd0e-5507-022c-69300f94b397', 3, 'YToxOntpOjA7czo5OiJEb2N1bWVudHMiO30=', 'stic_category_c', 'Equal_To', 'Value', 'certificate');
REPLACE INTO aow_conditions (id, name, date_entered, date_modified, modified_user_id, created_by, description, deleted, aow_workflow_id, condition_order, module_path, field, operator, value_type, value) VALUES('00000e35-5f97-3d7c-cac3-69300fa334f4', '', NOW(), NOW(), '2', '2', NULL, 0, '00000226-bd0e-5507-022c-69300f94b397', 4, 'YToxOntpOjA7czo5OiJEb2N1bWVudHMiO30=', 'stic_subcategory_c', 'Equal_To', 'Value', 'certificate_sexual_offences');
REPLACE INTO aow_actions (id, name, date_entered, date_modified, modified_user_id, created_by, description, deleted, aow_workflow_id, action_order, action, parameters) VALUES('00000955-fba9-042d-4020-69302e7aa6f9', '', NOW(), NOW(), '2', '2', NULL, 0, '00000226-bd0e-5507-022c-69300f94b397', 2, 'SendEmail', 'YTo3OntzOjE2OiJpbmRpdmlkdWFsX2VtYWlsIjtzOjE6IjAiO3M6MTQ6ImVtYWlsX3RlbXBsYXRlIjtzOjM2OiIwMDAwMDI1OC1lM2RhLTM5MGMtZTcyMi02OTMxNjJmMjA2MGYiO3M6MTE6Im91dHB1dF9zbXRwIjtzOjY6InN5c3RlbSI7czoxNToiZnJvbV9lbWFpbF9uYW1lIjtzOjY6IlN5c3RlbSI7czoxODoiZnJvbV9lbWFpbF9hZGRyZXNzIjtzOjIyOiJtYW51ZWxAc2luZXJnaWFjcm0ub3JnIjtzOjEzOiJyZXBseV90b19uYW1lIjtzOjA6IiI7czo4OiJyZXBseV90byI7czowOiIiO30=');

-- Documents - Insurance policy alert 15 days before its expiration
REPLACE INTO aow_workflow (id, name, date_entered, date_modified, modified_user_id, created_by, description, deleted, assigned_user_id, flow_module, flow_run_on, status, run_when, multiple_runs, run_on_import) VALUES('b2318176-24bb-6422-aefb-67580fef20c6', 'Documentos - Alerta póliza de seguros - 15 días antes', NOW(), NOW(), '2', '2', 'Cuando se detecta que quedan 15 días para que una póliza de seguro caduque se envía un correo electrónico al responsable de voluntariado.', 0, '2', 'Documents', 'All_Records', 'Inactive', 'In_Scheduler', 1, 0);
REPLACE INTO aow_conditions (id, name, date_entered, date_modified, modified_user_id, created_by, description, deleted, aow_workflow_id, condition_order, module_path, field, operator, value_type, value) VALUES('438a85bd-32ff-0c91-7ae3-67580f6e7d0b', '', NOW(), NOW(), '2', '2', NULL, 0, 'b2318176-24bb-6422-aefb-67580fef20c6', 1, 'YToxOntpOjA7czo5OiJEb2N1bWVudHMiO30=', 'status_id', 'Equal_To', 'Value', 'Active');
REPLACE INTO aow_conditions (id, name, date_entered, date_modified, modified_user_id, created_by, description, deleted, aow_workflow_id, condition_order, module_path, field, operator, value_type, value) VALUES('da48bcc6-a65f-1e8e-d0cc-675810ef1fe9', '', NOW(), NOW(), '2', '2', NULL, 0, 'b2318176-24bb-6422-aefb-67580fef20c6', 2, 'YToxOntpOjA7czo5OiJEb2N1bWVudHMiO30=', 'exp_date', 'Equal_To', 'Date', 'YTo0OntpOjA7czozOiJub3ciO2k6MTtzOjU6Im1pbnVzIjtpOjI7czoyOiIxNSI7aTozO3M6MzoiZGF5Ijt9');
REPLACE INTO aow_conditions (id, name, date_entered, date_modified, modified_user_id, created_by, description, deleted, aow_workflow_id, condition_order, module_path, field, operator, value_type, value) VALUES('61485c2a-88cc-fe52-787f-6759521aa4ac', '', NOW(), NOW(), '2', '2', NULL, 0, 'b2318176-24bb-6422-aefb-67580fef20c6', 3, 'YToxOntpOjA7czo5OiJEb2N1bWVudHMiO30=', 'stic_category_c', 'Equal_To', 'Value', 'insurance');
REPLACE INTO aow_actions (id, name, date_entered, date_modified, modified_user_id, created_by, description, deleted, aow_workflow_id, action_order, action, parameters) VALUES('57060cbf-8b52-41b8-3488-675969cfd93f', '', NOW(), NOW(), '2', '2', NULL, 0, 'b2318176-24bb-6422-aefb-67580fef20c6', 1, 'SendEmail', 'YTo3OntzOjE2OiJpbmRpdmlkdWFsX2VtYWlsIjtzOjE6IjAiO3M6MTQ6ImVtYWlsX3RlbXBsYXRlIjtzOjM2OiIwMDAwMGI2ZC05YThkLTM3YzAtNjg0ZS02OTMxNjIyMTMzZDgiO3M6MTE6Im91dHB1dF9zbXRwIjtzOjY6InN5c3RlbSI7czoxNToiZnJvbV9lbWFpbF9uYW1lIjtzOjY6IlN5c3RlbSI7czoxODoiZnJvbV9lbWFpbF9hZGRyZXNzIjtzOjIyOiJtYW51ZWxAc2luZXJnaWFjcm0ub3JnIjtzOjEzOiJyZXBseV90b19uYW1lIjtzOjA6IiI7czo4OiJyZXBseV90byI7czowOiIiO30=');

-- Documents - Insurance policy alert on its expiration date
REPLACE INTO aow_workflow (id, name, date_entered, date_modified, modified_user_id, created_by, description, deleted, assigned_user_id, flow_module, flow_run_on, status, run_when, multiple_runs, run_on_import) VALUES('00000112-976f-ce58-6c10-6930077b0632', 'Documentos - Alerta póliza de seguros', NOW(), NOW(), '2', '2', 'Cuando se detecta que una póliza de seguro ha caducado se envía un correo electrónico al responsable de voluntariado.', 0, '2', 'Documents', 'All_Records', 'Inactive', 'In_Scheduler', 1, 0);
REPLACE INTO aow_conditions (id, name, date_entered, date_modified, modified_user_id, created_by, description, deleted, aow_workflow_id, condition_order, module_path, field, operator, value_type, value) VALUES('000003d2-dd87-4165-2c91-693007f94009', '', NOW(), NOW(), '2', '2', NULL, 0, '00000112-976f-ce58-6c10-6930077b0632', 1, 'YToxOntpOjA7czo5OiJEb2N1bWVudHMiO30=', 'status_id', 'Equal_To', 'Value', 'Active');
REPLACE INTO aow_conditions (id, name, date_entered, date_modified, modified_user_id, created_by, description, deleted, aow_workflow_id, condition_order, module_path, field, operator, value_type, value) VALUES('00000e01-cb31-d081-edf3-6930076a4cf9', '', NOW(), NOW(), '2', '2', NULL, 0, '00000112-976f-ce58-6c10-6930077b0632', 2, 'YToxOntpOjA7czo5OiJEb2N1bWVudHMiO30=', 'exp_date', 'Equal_To', 'Date', 'YTo0OntpOjA7czozOiJub3ciO2k6MTtzOjM6Im5vdyI7aToyO3M6MDoiIjtpOjM7czowOiIiO30=');
REPLACE INTO aow_conditions (id, name, date_entered, date_modified, modified_user_id, created_by, description, deleted, aow_workflow_id, condition_order, module_path, field, operator, value_type, value) VALUES('00000e30-6aeb-7ab5-0902-693007c9ee51', '', NOW(), NOW(), '2', '2', NULL, 0, '00000112-976f-ce58-6c10-6930077b0632', 3, 'YToxOntpOjA7czo5OiJEb2N1bWVudHMiO30=', 'stic_category_c', 'Equal_To', 'Value', 'insurance');
REPLACE INTO aow_actions (id, name, date_entered, date_modified, modified_user_id, created_by, description, deleted, aow_workflow_id, action_order, action, parameters) VALUES('000001b4-224a-dc5f-5d8b-6930078f095c', '', NOW(), NOW(), '2', '2', NULL, 0, '00000112-976f-ce58-6c10-6930077b0632', 1, 'SendEmail', 'YTo3OntzOjE2OiJpbmRpdmlkdWFsX2VtYWlsIjtzOjE6IjAiO3M6MTQ6ImVtYWlsX3RlbXBsYXRlIjtzOjM2OiIwMDAwMGI2ZC05YThkLTM3YzAtNjg0ZS02OTMxNjIyMTMzZDgiO3M6MTE6Im91dHB1dF9zbXRwIjtzOjY6InN5c3RlbSI7czoxNToiZnJvbV9lbWFpbF9uYW1lIjtzOjY6IlN5c3RlbSI7czoxODoiZnJvbV9lbWFpbF9hZGRyZXNzIjtzOjIyOiJtYW51ZWxAc2luZXJnaWFjcm0ub3JnIjtzOjEzOiJyZXBseV90b19uYW1lIjtzOjA6IiI7czo4OiJyZXBseV90byI7czowOiIiO30=');

-- Documents - Insert validation action
REPLACE INTO stic_validation_actions (id, name, date_entered, date_modified, modified_user_id, created_by, description, deleted, assigned_user_id, last_execution, function, report_always, priority) VALUES
('02546e06-37d2-ffad-868b-685bc852ebdb', 'Documentos - Actualizar el estado de documentos relacionados con el voluntariado', NOW(), NOW(), '1', '1', NULL, 0, '1', NOW(), '02546e06-37d2-ffad-868b-685bc852ebdb', 0, 100);

-- Documents - Insert relationship between scheduler and validation action
REPLACE INTO stic_validation_actions_schedulers_c (id, date_modified, deleted, stic_validation_actions_schedulersstic_validation_actions_ida, stic_validation_actions_schedulersschedulers_idb) VALUES
('84520e53-57fe-dedb-99f2-691d9f02a984', NOW(), 0, '02546e06-37d2-ffad-868b-685bc852ebdb', 'b05bde8a-1309-4789-993b-bf85be389f07');

-- Email templates - Volunteer renewal notifications
REPLACE INTO email_templates (id, date_entered, date_modified, modified_user_id, created_by, published, name, description, subject, body, body_html, deleted, assigned_user_id, text_only, type) VALUES ('00000b6d-9a8d-37c0-684e-6931622133d8', NOW(), NOW(), '1', '1', 'off', 'Ejemplo - Notificación de la renovación de la póliza de seguros', NULL, 'Renovación de la póliza de seguro de voluntariado', NULL, '<!DOCTYPE html>\r\n<html>\r\n<head>\r\n</head>\r\n<body>\r\n<p>La <strong>póliza de seguro de voluntariado</strong> de $contact_name está próxima a vencer y requiere de su renovación para mantener la cobertura activa.</p>\r\n</body>\r\n</html>', 0, '2', 0, 'email');
REPLACE INTO email_templates (id, date_entered, date_modified, modified_user_id, created_by, published, name, description, subject, body, body_html, deleted, assigned_user_id, text_only, type) VALUES ('00000258-e3da-390c-e722-693162f2060f', NOW(), NOW(), '1', '1', 'off', 'Ejemplo - Notificación de la renovación del certificado de delitos', NULL, 'Renovación del certificado de delitos', NULL, '<!DOCTYPE html>\r\n<html>\r\n<head>\r\n</head>\r\n<body>\r\n<p>El <strong>certificado de delitos</strong> de $contact_name está próximo a vencer y requiere ser renovado para que pueda seguir desarrollando su actividad en la organización.</p>\r\n</body>\r\n</html>', 0, '2', 0, 'email');

-- KReports - Volunteer evaluations report
REPLACE INTO kreports (id, name, date_entered, date_modified, modified_user_id, created_by, description, deleted, assigned_user_id, report_module, report_status, report_segmentation, union_modules, reportoptions, listtype, listtypeproperties, selectionlimit, presentation_params, visualization_params, integration_params, wheregroups, whereconditions, listfields, unionlistfields, advancedoptions) VALUES ('000002e2-a384-1c3c-00e8-6967586d62d8', 'Ejemplo - Voluntariado - 01 - Valoraciones', NOW(), NOW(), '1', '1', NULL, 0, '1', 'Contacts', NULL, NULL, NULL,                    '{\"resultsFolded\":\"open\",\"optionsFolded\":\"open\",\"authCheck\":\"full\",\"showDeleted\":false,\"showExport\":true,\"showSnapshots\":false,\"showTools\":true}', NULL, NULL, NULL, '{\"plugin\":\"standard\",\"pluginData\":{}}', '{\"plugin\":\"googlecharts\",\"layout\":\"-\",\"chartheight\":300,\"height\":\"300\"}', '{\"activePlugins\":{\"kcsvexport\":\"0\",\"ktargetlistexport\":\"0\",\"ksnapshots\":\"0\"}}', '[{\"unionid\":\"root\",\"id\":\"root\",\"group\":\"root\",\"type\":\"AND\",\"parent\":\"-\",\"notexists\":\"\"}]', '[{\"unionid\":\"root\",\"sequence\":\"\",\"fieldid\":\"k53b095678992d2acaf06f0373349\",\"name\":\"Tipo de relaci\\u00f3n\",\"fixedvalue\":\"\",\"groupid\":\"root\",\"path\":\"root:Contacts::link:Contacts:stic_contacts_relationships_contacts::field:relationship_type\",\"displaypath\":\"Contacts::Relaciones con Personas\",\"referencefieldid\":\"\",\"operator\":\"oneof\",\"type\":\"enum\",\"value\":\"Prevoluntario/a, Voluntario/a\",\"valuekey\":[\"pre-volunteer\",\"volunteer\"],\"valueto\":\"\",\"valuetokey\":\"\",\"jointype\":\"required\",\"context\":\"\",\"reference\":\"\",\"include\":\"\",\"usereditable\":\"yes\",\"dashleteditable\":\"no\",\"exportpdf\":\"no\",\"customsqlfunction\":\"\"},{\"unionid\":\"root\",\"sequence\":\"\",\"fieldid\":\"k34e5d2708c88ab57359f765233cb\",\"name\":\"Activo\",\"fixedvalue\":\"\",\"groupid\":\"root\",\"path\":\"root:Contacts::link:Contacts:stic_contacts_relationships_contacts::field:active\",\"displaypath\":\"Contacts::Relaciones con Personas\",\"referencefieldid\":\"\",\"operator\":\"ignore\",\"type\":\"bool\",\"value\":\"\",\"valuekey\":\"\",\"valueto\":\"\",\"valuetokey\":\"\",\"jointype\":\"optional\",\"context\":\"\",\"reference\":\"\",\"include\":\"\",\"usereditable\":\"yes\",\"dashleteditable\":\"no\",\"exportpdf\":\"no\",\"customsqlfunction\":\"\"},{\"unionid\":\"root\",\"sequence\":\"\",\"fieldid\":\"k31c2d88d0645e2eaddecddfb613d\",\"name\":\"Fecha de alta relaci\\u00f3n\",\"fixedvalue\":\"\",\"groupid\":\"root\",\"path\":\"root:Contacts::link:Contacts:stic_contacts_relationships_contacts::field:start_date\",\"displaypath\":\"Contacts::Relaciones con Personas\",\"referencefieldid\":\"\",\"operator\":\"ignore\",\"type\":\"date\",\"value\":\"\",\"valuekey\":\"\",\"valueto\":\"\",\"valuetokey\":\"\",\"jointype\":\"optional\",\"context\":\"\",\"reference\":\"\",\"include\":\"\",\"usereditable\":\"yes\",\"dashleteditable\":\"no\",\"exportpdf\":\"no\",\"customsqlfunction\":\"\"},{\"unionid\":\"root\",\"sequence\":\"\",\"fieldid\":\"kab90d7627d03cd5bc3da92b2b477\",\"name\":\"Fecha de baja relaci\\u00f3n\",\"fixedvalue\":\"\",\"groupid\":\"root\",\"path\":\"root:Contacts::link:Contacts:stic_contacts_relationships_contacts::field:end_date\",\"displaypath\":\"Contacts::Relaciones con Personas\",\"referencefieldid\":\"\",\"operator\":\"ignore\",\"type\":\"date\",\"value\":\"\",\"valuekey\":\"\",\"valueto\":\"\",\"valuetokey\":\"\",\"jointype\":\"required\",\"context\":\"\",\"reference\":\"\",\"include\":\"\",\"usereditable\":\"yes\",\"dashleteditable\":\"no\",\"exportpdf\":\"no\",\"customsqlfunction\":\"\"},{\"unionid\":\"root\",\"sequence\":\"\",\"fieldid\":\"k34c815cf672e86cc2f43baaab6f0\",\"name\":\"Disponibilidad horaria\",\"fixedvalue\":\"\",\"groupid\":\"root\",\"path\":\"root:Contacts::link:Contacts:stic_assessments_contacts::field:available_time\",\"displaypath\":\"Contacts::Valoraciones\",\"referencefieldid\":\"\",\"operator\":\"ignore\",\"type\":\"varchar\",\"value\":\"\",\"valuekey\":\"\",\"valueto\":\"\",\"valuetokey\":\"\",\"jointype\":\"required\",\"context\":\"\",\"reference\":\"\",\"include\":\"\",\"usereditable\":\"yes\",\"dashleteditable\":\"no\",\"exportpdf\":\"no\",\"customsqlfunction\":\"\"},{\"unionid\":\"root\",\"sequence\":\"\",\"fieldid\":\"k7ad3e6d5e79a0cf4251598b7652d\",\"name\":\"Estado de la valoraci\\u00f3n\",\"fixedvalue\":\"\",\"groupid\":\"root\",\"path\":\"root:Contacts::link:Contacts:stic_assessments_contacts::field:status\",\"displaypath\":\"Contacts::Valoraciones\",\"referencefieldid\":\"\",\"operator\":\"ignore\",\"type\":\"enum\",\"value\":\"\",\"valuekey\":\"\",\"valueto\":\"\",\"valuetokey\":\"\",\"jointype\":\"required\",\"context\":\"\",\"reference\":\"\",\"include\":\"\",\"usereditable\":\"yes\",\"dashleteditable\":\"no\",\"exportpdf\":\"no\",\"customsqlfunction\":\"\"},{\"unionid\":\"root\",\"sequence\":\"\",\"fieldid\":\"kad0602c3e98a6c89a79992e09aed\",\"name\":\"D\\u00edas disponibles\",\"fixedvalue\":\"\",\"groupid\":\"root\",\"path\":\"root:Contacts::link:Contacts:stic_assessments_contacts::field:available_days\",\"displaypath\":\"Contacts::Valoraciones\",\"referencefieldid\":\"\",\"operator\":\"ignore\",\"type\":\"multienum\",\"value\":\"\",\"valuekey\":\"\",\"valueto\":\"\",\"valuetokey\":\"\",\"jointype\":\"required\",\"context\":\"\",\"reference\":\"\",\"include\":\"\",\"usereditable\":\"yes\",\"dashleteditable\":\"no\",\"exportpdf\":\"no\",\"customsqlfunction\":\"\"},{\"unionid\":\"root\",\"sequence\":\"\",\"fieldid\":\"k1d2d4b872b472de281e4bb4f401c\",\"name\":\"Formaci\\u00f3n completada\",\"fixedvalue\":\"\",\"groupid\":\"root\",\"path\":\"root:Contacts::link:Contacts:stic_assessments_contacts::field:training_completed\",\"displaypath\":\"Contacts::Valoraciones\",\"referencefieldid\":\"\",\"operator\":\"ignore\",\"type\":\"enum\",\"value\":\"\",\"valuekey\":\"\",\"valueto\":\"\",\"valuetokey\":\"\",\"jointype\":\"required\",\"context\":\"\",\"reference\":\"\",\"include\":\"\",\"usereditable\":\"yes\",\"dashleteditable\":\"no\",\"exportpdf\":\"no\",\"customsqlfunction\":\"\"}]', '[{\"fieldid\":\"k2fdd575baeb44e04a9900f059758\",\"sequence\":\"01\",\"fieldname\":\"ID:\",\"name\":\"ID:\",\"display\":\"no\",\"path\":\"root:Contacts::field:id\",\"displaypath\":\"Contacts\",\"sort\":\"-\",\"sortpriority\":\"\",\"width\":\"100\",\"jointype\":\"required\",\"sqlfunction\":\"-\",\"summaryfunction\":\"\",\"customsqlfunction\":\"\",\"valuetype\":\"\",\"groupby\":\"no\",\"link\":\"no\",\"editable\":\"\",\"fixedvalue\":\"\",\"assigntovalue\":\"\",\"formulavalue\":\"\",\"formulasequence\":\"\",\"widget\":\"\",\"overridetype\":\"\",\"overridealignment\":\"\"},{\"fieldid\":\"kb556027ee789bbd1d859a7f442d3\",\"sequence\":\"02\",\"fieldname\":\"Apellidos:\",\"name\":\"Persona\",\"display\":\"yes\",\"path\":\"root:Contacts::field:last_name\",\"displaypath\":\"Contacts\",\"sort\":\"-\",\"sortpriority\":\"\",\"width\":\"100\",\"jointype\":\"required\",\"sqlfunction\":\"-\",\"summaryfunction\":\"\",\"customsqlfunction\":\"Y29uY2F0JTI4JTdCdCU3RC5maXJzdF9uYW1lJTJDJTIwJTI3JTIwJTI3JTJDJTIwJTdCdCU3RC5sYXN0X25hbWUlMjk=\",\"valuetype\":\"\",\"groupby\":\"no\",\"link\":\"yes\",\"editable\":\"\",\"fixedvalue\":\"\",\"assigntovalue\":\"\",\"formulavalue\":\"\",\"formulasequence\":\"\",\"widget\":\"\",\"overridetype\":\"\",\"overridealignment\":\"\"},{\"fieldid\":\"k30ef4e58c541fa32387c62a61058\",\"sequence\":\"03\",\"fieldname\":\"Tipo de relaci\\u00f3n\",\"name\":\"Tipo de relaci\\u00f3n\",\"display\":\"yes\",\"path\":\"root:Contacts::link:Contacts:stic_contacts_relationships_contacts::field:relationship_type\",\"displaypath\":\"Contacts::Relaciones con Personas\",\"sort\":\"-\",\"sortpriority\":\"\",\"width\":\"100\",\"jointype\":\"required\",\"sqlfunction\":\"-\",\"summaryfunction\":\"\",\"customsqlfunction\":\"\",\"valuetype\":\"\",\"groupby\":\"no\",\"link\":\"no\",\"editable\":\"\",\"fixedvalue\":\"\",\"assigntovalue\":\"\",\"formulavalue\":\"\",\"formulasequence\":\"\",\"widget\":\"\",\"overridetype\":\"\",\"overridealignment\":\"\"},{\"fieldid\":\"kffec7e3f5b79a8f64e6b218ef803\",\"sequence\":\"04\",\"fieldname\":\"Fecha de alta\",\"name\":\"Fecha de alta relaci\\u00f3n\",\"display\":\"yes\",\"path\":\"root:Contacts::link:Contacts:stic_contacts_relationships_contacts::field:start_date\",\"displaypath\":\"Contacts::Relaciones con Personas\",\"sort\":\"-\",\"sortpriority\":\"\",\"width\":\"100\",\"jointype\":\"required\",\"sqlfunction\":\"-\",\"summaryfunction\":\"\",\"customsqlfunction\":\"\",\"valuetype\":\"\",\"groupby\":\"no\",\"link\":\"no\",\"editable\":\"\",\"fixedvalue\":\"\",\"assigntovalue\":\"\",\"formulavalue\":\"\",\"formulasequence\":\"\",\"widget\":\"\",\"overridetype\":\"\",\"overridealignment\":\"\"},{\"fieldid\":\"k6aaa53be9b32ead90a50a2bac490\",\"sequence\":\"05\",\"fieldname\":\"Fecha de baja\",\"name\":\"Fecha de baja relaci\\u00f3n\",\"display\":\"yes\",\"path\":\"root:Contacts::link:Contacts:stic_contacts_relationships_contacts::field:end_date\",\"displaypath\":\"Contacts::Relaciones con Personas\",\"sort\":\"-\",\"sortpriority\":\"\",\"width\":\"100\",\"jointype\":\"required\",\"sqlfunction\":\"-\",\"summaryfunction\":\"\",\"customsqlfunction\":\"\",\"valuetype\":\"\",\"groupby\":\"no\",\"link\":\"no\",\"editable\":\"\",\"fixedvalue\":\"\",\"assigntovalue\":\"\",\"formulavalue\":\"\",\"formulasequence\":\"\",\"widget\":\"\",\"overridetype\":\"\",\"overridealignment\":\"\"},{\"fieldid\":\"k203b9d2d63ee24e4d37a4924d696\",\"sequence\":\"06\",\"fieldname\":\"Nombre:\",\"name\":\"Proyecto\",\"display\":\"yes\",\"path\":\"root:Contacts::link:Contacts:stic_contacts_relationships_contacts::link:stic_Contacts_Relationships:stic_contacts_relationships_project::field:name\",\"displaypath\":\"Contacts::Relaciones con Personas::Proyecto\",\"sort\":\"-\",\"sortpriority\":\"\",\"width\":\"100\",\"jointype\":\"optional\",\"sqlfunction\":\"-\",\"summaryfunction\":\"\",\"customsqlfunction\":\"\",\"valuetype\":\"\",\"groupby\":\"no\",\"link\":\"no\",\"editable\":\"\",\"fixedvalue\":\"\",\"assigntovalue\":\"\",\"formulavalue\":\"\",\"formulasequence\":\"\",\"widget\":\"\",\"overridetype\":\"\",\"overridealignment\":\"\"},{\"fieldid\":\"kd43d1661ba1fbfb660d862b3b9cf\",\"sequence\":\"07\",\"fieldname\":\"Nombre\",\"name\":\"Nombre Valoraci\\u00f3n\",\"display\":\"yes\",\"path\":\"root:Contacts::link:Contacts:stic_assessments_contacts::field:name\",\"displaypath\":\"Contacts::Valoraciones\",\"sort\":\"-\",\"sortpriority\":\"\",\"width\":\"100\",\"jointype\":\"required\",\"sqlfunction\":\"-\",\"summaryfunction\":\"\",\"customsqlfunction\":\"\",\"valuetype\":\"\",\"groupby\":\"yes\",\"link\":\"yes\",\"editable\":\"\",\"fixedvalue\":\"\",\"assigntovalue\":\"\",\"formulavalue\":\"\",\"formulasequence\":\"\",\"widget\":\"\",\"overridetype\":\"\",\"overridealignment\":\"\"},{\"fieldid\":\"k5df486b0f2cb216a4df9c6570baf\",\"sequence\":\"08\",\"fieldname\":\"Momento\",\"name\":\"Momento\",\"display\":\"yes\",\"path\":\"root:Contacts::link:Contacts:stic_assessments_contacts::field:moment\",\"displaypath\":\"Contacts::Valoraciones\",\"sort\":\"-\",\"sortpriority\":\"\",\"width\":\"100\",\"jointype\":\"optional\",\"sqlfunction\":\"-\",\"summaryfunction\":\"\",\"customsqlfunction\":\"\",\"valuetype\":\"\",\"groupby\":\"no\",\"link\":\"no\",\"editable\":\"\",\"fixedvalue\":\"\",\"assigntovalue\":\"\",\"formulavalue\":\"\",\"formulasequence\":\"\",\"widget\":\"\",\"overridetype\":\"\",\"overridealignment\":\"\"},{\"fieldid\":\"ke7c6536cc55352fbd52b52716274\",\"sequence\":\"09\",\"fieldname\":\"Estado\",\"name\":\"Estado\",\"display\":\"yes\",\"path\":\"root:Contacts::link:Contacts:stic_assessments_contacts::field:status\",\"displaypath\":\"Contacts::Valoraciones\",\"sort\":\"-\",\"sortpriority\":\"\",\"width\":\"100\",\"jointype\":\"optional\",\"sqlfunction\":\"-\",\"summaryfunction\":\"\",\"customsqlfunction\":\"\",\"valuetype\":\"\",\"groupby\":\"no\",\"link\":\"no\",\"editable\":\"\",\"fixedvalue\":\"\",\"assigntovalue\":\"\",\"formulavalue\":\"\",\"formulasequence\":\"\",\"widget\":\"\",\"overridetype\":\"\",\"overridealignment\":\"\"},{\"fieldid\":\"kc40717672510b2b44451df7aba8f\",\"sequence\":10,\"fieldname\":\"Formaci\\u00f3n completada\",\"name\":\"Formaci\\u00f3n completada\",\"display\":\"yes\",\"path\":\"root:Contacts::link:Contacts:stic_assessments_contacts::field:training_completed\",\"displaypath\":\"Contacts::Valoraciones\",\"sort\":\"-\",\"sortpriority\":\"\",\"width\":\"100\",\"jointype\":\"optional\",\"sqlfunction\":\"-\",\"summaryfunction\":\"\",\"customsqlfunction\":\"\",\"valuetype\":\"\",\"groupby\":\"no\",\"link\":\"no\",\"editable\":\"\",\"fixedvalue\":\"\",\"assigntovalue\":\"\",\"formulavalue\":\"\",\"formulasequence\":\"\",\"widget\":\"\",\"overridetype\":\"\",\"overridealignment\":\"\"},{\"fieldid\":\"kef14293d7d0cb5667d0e9c98ae78\",\"sequence\":11,\"fieldname\":\"Tiene certificado de delitos\",\"name\":\"Tiene certificado de delitos\",\"display\":\"yes\",\"path\":\"root:Contacts::link:Contacts:stic_assessments_contacts::field:has_criminal_certificate\",\"displaypath\":\"Contacts::Valoraciones\",\"sort\":\"-\",\"sortpriority\":\"\",\"width\":\"100\",\"jointype\":\"optional\",\"sqlfunction\":\"-\",\"summaryfunction\":\"\",\"customsqlfunction\":\"\",\"valuetype\":\"\",\"groupby\":\"no\",\"link\":\"no\",\"editable\":\"\",\"fixedvalue\":\"\",\"assigntovalue\":\"\",\"formulavalue\":\"\",\"formulasequence\":\"\",\"widget\":\"\",\"overridetype\":\"\",\"overridealignment\":\"\"},{\"fieldid\":\"kd3f54af866aea5a65b00d8cb31a0\",\"sequence\":12,\"fieldname\":\"Necesita ayudas / becas / dietas\",\"name\":\"Necesita ayudas / becas / dietas\",\"display\":\"yes\",\"path\":\"root:Contacts::link:Contacts:stic_assessments_contacts::field:needs_financial_aid\",\"displaypath\":\"Contacts::Valoraciones\",\"sort\":\"-\",\"sortpriority\":\"\",\"width\":\"100\",\"jointype\":\"optional\",\"sqlfunction\":\"-\",\"summaryfunction\":\"\",\"customsqlfunction\":\"\",\"valuetype\":\"\",\"groupby\":\"no\",\"link\":\"no\",\"editable\":\"\",\"fixedvalue\":\"\",\"assigntovalue\":\"\",\"formulavalue\":\"\",\"formulasequence\":\"\",\"widget\":\"\",\"overridetype\":\"\",\"overridealignment\":\"\"},{\"fieldid\":\"k1277e77caf2ea47e4ed3ecac4553\",\"sequence\":13,\"fieldname\":\"Necesita autorizaci\\u00f3n de padre / madre / tutor\",\"name\":\"Necesita autorizaci\\u00f3n de padre / madre / tutor\",\"display\":\"yes\",\"path\":\"root:Contacts::link:Contacts:stic_assessments_contacts::field:needs_parental_authorization\",\"displaypath\":\"Contacts::Valoraciones\",\"sort\":\"-\",\"sortpriority\":\"\",\"width\":\"100\",\"jointype\":\"optional\",\"sqlfunction\":\"-\",\"summaryfunction\":\"\",\"customsqlfunction\":\"\",\"valuetype\":\"\",\"groupby\":\"no\",\"link\":\"no\",\"editable\":\"\",\"fixedvalue\":\"\",\"assigntovalue\":\"\",\"formulavalue\":\"\",\"formulasequence\":\"\",\"widget\":\"\",\"overridetype\":\"\",\"overridealignment\":\"\"},{\"fieldid\":\"k708dd5742f53305c744750abcd19\",\"sequence\":14,\"fieldname\":\"D\\u00edas disponibles\",\"name\":\"D\\u00edas disponibles\",\"display\":\"yes\",\"path\":\"root:Contacts::link:Contacts:stic_assessments_contacts::field:available_days\",\"displaypath\":\"Contacts::Valoraciones\",\"sort\":\"-\",\"sortpriority\":\"\",\"width\":\"100\",\"jointype\":\"optional\",\"sqlfunction\":\"-\",\"summaryfunction\":\"\",\"customsqlfunction\":\"\",\"valuetype\":\"\",\"groupby\":\"no\",\"link\":\"no\",\"editable\":\"\",\"fixedvalue\":\"\",\"assigntovalue\":\"\",\"formulavalue\":\"\",\"formulasequence\":\"\",\"widget\":\"\",\"overridetype\":\"\",\"overridealignment\":\"\"},{\"fieldid\":\"kc9d2b4d3cd354f47520e3cb5364c\",\"sequence\":15,\"fieldname\":\"Disponibilidad horaria\",\"name\":\"Disponibilidad horaria\",\"display\":\"yes\",\"path\":\"root:Contacts::link:Contacts:stic_assessments_contacts::field:available_time\",\"displaypath\":\"Contacts::Valoraciones\",\"sort\":\"-\",\"sortpriority\":\"\",\"width\":\"100\",\"jointype\":\"optional\",\"sqlfunction\":\"-\",\"summaryfunction\":\"\",\"customsqlfunction\":\"\",\"valuetype\":\"\",\"groupby\":\"no\",\"link\":\"no\",\"editable\":\"\",\"fixedvalue\":\"\",\"assigntovalue\":\"\",\"formulavalue\":\"\",\"formulasequence\":\"\",\"widget\":\"\",\"overridetype\":\"\",\"overridealignment\":\"\"},{\"fieldid\":\"k05409a9982595d07d168fbc4e840\",\"sequence\":16,\"fieldname\":\"Baja firmada\",\"name\":\"Baja firmada\",\"display\":\"yes\",\"path\":\"root:Contacts::link:Contacts:stic_assessments_contacts::field:resignation_signed\",\"displaypath\":\"Contacts::Valoraciones\",\"sort\":\"-\",\"sortpriority\":\"\",\"width\":\"100\",\"jointype\":\"optional\",\"sqlfunction\":\"-\",\"summaryfunction\":\"\",\"customsqlfunction\":\"\",\"valuetype\":\"\",\"groupby\":\"no\",\"link\":\"no\",\"editable\":\"\",\"fixedvalue\":\"\",\"assigntovalue\":\"\",\"formulavalue\":\"\",\"formulasequence\":\"\",\"widget\":\"\",\"overridetype\":\"\",\"overridealignment\":\"\"},{\"fieldid\":\"k0285e1c2b93d21fb5cd5ed776b06\",\"sequence\":17,\"fieldname\":\"Fecha de baja\",\"name\":\"Fecha de baja\",\"display\":\"yes\",\"path\":\"root:Contacts::link:Contacts:stic_assessments_contacts::field:resignation_date\",\"displaypath\":\"Contacts::Valoraciones\",\"sort\":\"-\",\"sortpriority\":\"\",\"width\":\"100\",\"jointype\":\"optional\",\"sqlfunction\":\"-\",\"summaryfunction\":\"\",\"customsqlfunction\":\"\",\"valuetype\":\"\",\"groupby\":\"no\",\"link\":\"no\",\"editable\":\"\",\"fixedvalue\":\"\",\"assigntovalue\":\"\",\"formulavalue\":\"\",\"formulasequence\":\"\",\"widget\":\"\",\"overridetype\":\"\",\"overridealignment\":\"\"},{\"fieldid\":\"k0b148fa5b259d416a3f2c05f40fc\",\"sequence\":18,\"fieldname\":\"Material retornado\",\"name\":\"Material retornado\",\"display\":\"yes\",\"path\":\"root:Contacts::link:Contacts:stic_assessments_contacts::field:material_returned\",\"displaypath\":\"Contacts::Valoraciones\",\"sort\":\"-\",\"sortpriority\":\"\",\"width\":\"100\",\"jointype\":\"optional\",\"sqlfunction\":\"-\",\"summaryfunction\":\"\",\"customsqlfunction\":\"\",\"valuetype\":\"\",\"groupby\":\"no\",\"link\":\"no\",\"editable\":\"\",\"fixedvalue\":\"\",\"assigntovalue\":\"\",\"formulavalue\":\"\",\"formulasequence\":\"\",\"widget\":\"\",\"overridetype\":\"\",\"overridealignment\":\"\"},{\"fieldid\":\"k29d6ee67d7854b2b128dfeb01730\",\"sequence\":19,\"fieldname\":\"P\\u00f3liza cancelada\",\"name\":\"P\\u00f3liza cancelada\",\"display\":\"yes\",\"path\":\"root:Contacts::link:Contacts:stic_assessments_contacts::field:insurance_canceled\",\"displaypath\":\"Contacts::Valoraciones\",\"sort\":\"-\",\"sortpriority\":\"\",\"width\":\"100\",\"jointype\":\"optional\",\"sqlfunction\":\"-\",\"summaryfunction\":\"\",\"customsqlfunction\":\"\",\"valuetype\":\"\",\"groupby\":\"no\",\"link\":\"no\",\"editable\":\"\",\"fixedvalue\":\"\",\"assigntovalue\":\"\",\"formulavalue\":\"\",\"formulasequence\":\"\",\"widget\":\"\",\"overridetype\":\"\",\"overridealignment\":\"\"}]', NULL, NULL);
REPLACE INTO kreports (id, name, date_entered, date_modified, modified_user_id, created_by, description, deleted, assigned_user_id, report_module, report_status, report_segmentation, union_modules, reportoptions, listtype, listtypeproperties, selectionlimit, presentation_params, visualization_params, integration_params, wheregroups, whereconditions, listfields, unionlistfields, advancedoptions) VALUES ('00000cdc-42bd-c62c-1dd9-69660d056a03', 'Ejemplo - Voluntariado - 02 - Situación', NOW(), NOW(), '1', '1', NULL, 0, '1', 'Contacts', NULL, NULL, NULL,                       '{\"resultsFolded\":\"open\",\"optionsFolded\":\"open\",\"authCheck\":\"full\",\"showDeleted\":false,\"showExport\":true,\"showSnapshots\":false,\"showTools\":true}', NULL, NULL, NULL, '{\"plugin\":\"standard\",\"pluginData\":{}}', '{\"plugin\":\"googlecharts\",\"layout\":\"-\",\"chartheight\":300,\"height\":\"300\"}', '{\"activePlugins\":{\"kcsvexport\":\"0\",\"ktargetlistexport\":\"0\",\"ksnapshots\":\"0\"}}', '[{\"unionid\":\"root\",\"id\":\"root\",\"group\":\"root\",\"type\":\"AND\",\"parent\":\"-\",\"notexists\":\"\"}]', '[{\"unionid\":\"root\",\"sequence\":\"\",\"fieldid\":\"k53b095678992d2acaf06f0373349\",\"name\":\"Tipo de relaci\\u00f3n\",\"fixedvalue\":\"\",\"groupid\":\"root\",\"path\":\"root:Contacts::link:Contacts:stic_contacts_relationships_contacts::field:relationship_type\",\"displaypath\":\"Contacts::Relaciones con Personas\",\"referencefieldid\":\"\",\"operator\":\"oneof\",\"type\":\"enum\",\"value\":\"Prevoluntario/a, Voluntario/a\",\"valuekey\":[\"pre-volunteer\",\"volunteer\"],\"valueto\":\"\",\"valuetokey\":\"\",\"jointype\":\"required\",\"context\":\"\",\"reference\":\"\",\"include\":\"\",\"usereditable\":\"yes\",\"dashleteditable\":\"no\",\"exportpdf\":\"no\",\"customsqlfunction\":\"\"},{\"unionid\":\"root\",\"sequence\":\"\",\"fieldid\":\"k34e5d2708c88ab57359f765233cb\",\"name\":\"Activo\",\"fixedvalue\":\"\",\"groupid\":\"root\",\"path\":\"root:Contacts::link:Contacts:stic_contacts_relationships_contacts::field:active\",\"displaypath\":\"Contacts::Relaciones con Personas\",\"referencefieldid\":\"\",\"operator\":\"ignore\",\"type\":\"bool\",\"value\":\"\",\"valuekey\":\"\",\"valueto\":\"\",\"valuetokey\":\"\",\"jointype\":\"optional\",\"context\":\"\",\"reference\":\"\",\"include\":\"\",\"usereditable\":\"yes\",\"dashleteditable\":\"no\",\"exportpdf\":\"no\",\"customsqlfunction\":\"\"},{\"unionid\":\"root\",\"sequence\":\"\",\"fieldid\":\"k31c2d88d0645e2eaddecddfb613d\",\"name\":\"Fecha de alta\",\"fixedvalue\":\"\",\"groupid\":\"root\",\"path\":\"root:Contacts::link:Contacts:stic_contacts_relationships_contacts::field:start_date\",\"displaypath\":\"Contacts::Relaciones con Personas\",\"referencefieldid\":\"\",\"operator\":\"ignore\",\"type\":\"date\",\"value\":\"\",\"valuekey\":\"\",\"valueto\":\"\",\"valuetokey\":\"\",\"jointype\":\"optional\",\"context\":\"\",\"reference\":\"\",\"include\":\"\",\"usereditable\":\"yes\",\"dashleteditable\":\"no\",\"exportpdf\":\"no\",\"customsqlfunction\":\"\"},{\"unionid\":\"root\",\"sequence\":\"\",\"fieldid\":\"kab90d7627d03cd5bc3da92b2b477\",\"name\":\"Fecha de baja\",\"fixedvalue\":\"\",\"groupid\":\"root\",\"path\":\"root:Contacts::link:Contacts:stic_contacts_relationships_contacts::field:end_date\",\"displaypath\":\"Contacts::Relaciones con Personas\",\"referencefieldid\":\"\",\"operator\":\"ignore\",\"type\":\"date\",\"value\":\"\",\"valuekey\":\"\",\"valueto\":\"\",\"valuetokey\":\"\",\"jointype\":\"optional\",\"context\":\"\",\"reference\":\"\",\"include\":\"\",\"usereditable\":\"yes\",\"dashleteditable\":\"no\",\"exportpdf\":\"no\",\"customsqlfunction\":\"\"},{\"unionid\":\"root\",\"sequence\":\"\",\"fieldid\":\"k16bf34dad0e266a03c3e5f7c63fc\",\"name\":\"Rol en el proyecto\",\"fixedvalue\":\"\",\"groupid\":\"root\",\"path\":\"root:Contacts::link:Contacts:stic_contacts_relationships_contacts::field:role\",\"displaypath\":\"Contacts::Relaciones con Personas\",\"referencefieldid\":\"\",\"operator\":\"ignore\",\"type\":\"enum\",\"value\":\"\",\"valuekey\":\"\",\"valueto\":\"\",\"valuetokey\":\"\",\"jointype\":\"optional\",\"context\":\"\",\"reference\":\"\",\"include\":\"\",\"usereditable\":\"yes\",\"dashleteditable\":\"no\",\"exportpdf\":\"no\",\"customsqlfunction\":\"\"},{\"unionid\":\"root\",\"sequence\":\"\",\"fieldid\":\"k689ddad8a02f9ecbc9654333d73f\",\"name\":\"Proyecto\",\"fixedvalue\":\"\",\"groupid\":\"root\",\"path\":\"root:Contacts::link:Contacts:stic_contacts_relationships_contacts::link:stic_Contacts_Relationships:stic_contacts_relationships_project::field:name\",\"displaypath\":\"Contacts::Relaciones con Personas::Proyecto\",\"referencefieldid\":\"\",\"operator\":\"ignore\",\"type\":\"name\",\"value\":\"\",\"valuekey\":\"\",\"valueto\":\"\",\"valuetokey\":\"\",\"jointype\":\"required\",\"context\":\"\",\"reference\":\"\",\"include\":\"\",\"usereditable\":\"yes\",\"dashleteditable\":\"no\",\"exportpdf\":\"no\",\"customsqlfunction\":\"\"}]', '[{\"fieldid\":\"k2fdd575baeb44e04a9900f059758\",\"sequence\":\"01\",\"fieldname\":\"ID:\",\"name\":\"ID:\",\"display\":\"no\",\"path\":\"root:Contacts::field:id\",\"displaypath\":\"Contacts\",\"sort\":\"-\",\"sortpriority\":\"\",\"width\":\"100\",\"jointype\":\"required\",\"sqlfunction\":\"-\",\"summaryfunction\":\"\",\"customsqlfunction\":\"\",\"valuetype\":\"\",\"groupby\":\"no\",\"link\":\"no\",\"editable\":\"\",\"fixedvalue\":\"\",\"assigntovalue\":\"\",\"formulavalue\":\"\",\"formulasequence\":\"\",\"widget\":\"\",\"overridetype\":\"\",\"overridealignment\":\"\"},{\"fieldid\":\"kb556027ee789bbd1d859a7f442d3\",\"sequence\":\"03\",\"fieldname\":\"Apellidos:\",\"name\":\"Persona\",\"display\":\"yes\",\"path\":\"root:Contacts::field:last_name\",\"displaypath\":\"Contacts\",\"sort\":\"-\",\"sortpriority\":\"\",\"width\":\"100\",\"jointype\":\"required\",\"sqlfunction\":\"-\",\"summaryfunction\":\"\",\"customsqlfunction\":\"Y29uY2F0JTI4JTdCdCU3RC5maXJzdF9uYW1lJTJDJTIwJTI3JTIwJTI3JTJDJTIwJTdCdCU3RC5sYXN0X25hbWUlMjk=\",\"valuetype\":\"\",\"groupby\":\"no\",\"link\":\"yes\",\"editable\":\"\",\"fixedvalue\":\"\",\"assigntovalue\":\"\",\"formulavalue\":\"\",\"formulasequence\":\"\",\"widget\":\"\",\"overridetype\":\"\",\"overridealignment\":\"\"},{\"fieldid\":\"k30ef4e58c541fa32387c62a61058\",\"sequence\":\"05\",\"fieldname\":\"Tipo de relaci\\u00f3n\",\"name\":\"Tipo de relaci\\u00f3n\",\"display\":\"yes\",\"path\":\"root:Contacts::link:Contacts:stic_contacts_relationships_contacts::field:relationship_type\",\"displaypath\":\"Contacts::Relaciones con Personas\",\"sort\":\"-\",\"sortpriority\":\"\",\"width\":\"100\",\"jointype\":\"required\",\"sqlfunction\":\"-\",\"summaryfunction\":\"\",\"customsqlfunction\":\"\",\"valuetype\":\"\",\"groupby\":\"no\",\"link\":\"no\",\"editable\":\"\",\"fixedvalue\":\"\",\"assigntovalue\":\"\",\"formulavalue\":\"\",\"formulasequence\":\"\",\"widget\":\"\",\"overridetype\":\"\",\"overridealignment\":\"\"},{\"fieldid\":\"kffec7e3f5b79a8f64e6b218ef803\",\"sequence\":\"06\",\"fieldname\":\"Fecha de alta\",\"name\":\"Fecha de alta\",\"display\":\"yes\",\"path\":\"root:Contacts::link:Contacts:stic_contacts_relationships_contacts::field:start_date\",\"displaypath\":\"Contacts::Relaciones con Personas\",\"sort\":\"-\",\"sortpriority\":\"\",\"width\":\"100\",\"jointype\":\"required\",\"sqlfunction\":\"-\",\"summaryfunction\":\"\",\"customsqlfunction\":\"\",\"valuetype\":\"\",\"groupby\":\"no\",\"link\":\"no\",\"editable\":\"\",\"fixedvalue\":\"\",\"assigntovalue\":\"\",\"formulavalue\":\"\",\"formulasequence\":\"\",\"widget\":\"\",\"overridetype\":\"\",\"overridealignment\":\"\"},{\"fieldid\":\"k6aaa53be9b32ead90a50a2bac490\",\"sequence\":\"07\",\"fieldname\":\"Fecha de baja\",\"name\":\"Fecha de baja\",\"display\":\"yes\",\"path\":\"root:Contacts::link:Contacts:stic_contacts_relationships_contacts::field:end_date\",\"displaypath\":\"Contacts::Relaciones con Personas\",\"sort\":\"-\",\"sortpriority\":\"\",\"width\":\"100\",\"jointype\":\"required\",\"sqlfunction\":\"-\",\"summaryfunction\":\"\",\"customsqlfunction\":\"\",\"valuetype\":\"\",\"groupby\":\"no\",\"link\":\"no\",\"editable\":\"\",\"fixedvalue\":\"\",\"assigntovalue\":\"\",\"formulavalue\":\"\",\"formulasequence\":\"\",\"widget\":\"\",\"overridetype\":\"\",\"overridealignment\":\"\"},{\"fieldid\":\"k203b9d2d63ee24e4d37a4924d696\",\"sequence\":\"08\",\"fieldname\":\"Nombre:\",\"name\":\"Proyecto\",\"display\":\"yes\",\"path\":\"root:Contacts::link:Contacts:stic_contacts_relationships_contacts::link:stic_Contacts_Relationships:stic_contacts_relationships_project::field:name\",\"displaypath\":\"Contacts::Relaciones con Personas::Proyecto\",\"sort\":\"-\",\"sortpriority\":\"\",\"width\":\"100\",\"jointype\":\"optional\",\"sqlfunction\":\"-\",\"summaryfunction\":\"\",\"customsqlfunction\":\"\",\"valuetype\":\"\",\"groupby\":\"no\",\"link\":\"no\",\"editable\":\"\",\"fixedvalue\":\"\",\"assigntovalue\":\"\",\"formulavalue\":\"\",\"formulasequence\":\"\",\"widget\":\"\",\"overridetype\":\"\",\"overridealignment\":\"\"},{\"fieldid\":\"kac2539a4abc4fcfd79ba32100dcc\",\"sequence\":\"09\",\"fieldname\":\"Rol en el proyecto\",\"name\":\"Rol en el proyecto\",\"display\":\"yes\",\"path\":\"root:Contacts::link:Contacts:stic_contacts_relationships_contacts::field:role\",\"displaypath\":\"Contacts::Relaciones con Personas\",\"sort\":\"-\",\"sortpriority\":\"\",\"width\":\"100\",\"jointype\":\"optional\",\"sqlfunction\":\"-\",\"summaryfunction\":\"\",\"customsqlfunction\":\"\",\"valuetype\":\"\",\"groupby\":\"no\",\"link\":\"no\",\"editable\":\"\",\"fixedvalue\":\"\",\"assigntovalue\":\"\",\"formulavalue\":\"\",\"formulasequence\":\"\",\"widget\":\"\",\"overridetype\":\"\",\"overridealignment\":\"\"}]', NULL, NULL);
REPLACE INTO kreports (id, name, date_entered, date_modified, modified_user_id, created_by, description, deleted, assigned_user_id, report_module, report_status, report_segmentation, union_modules, reportoptions, listtype, listtypeproperties, selectionlimit, presentation_params, visualization_params, integration_params, wheregroups, whereconditions, listfields, unionlistfields, advancedoptions) VALUES ('00000334-96f8-7176-ccdc-69660e705f73', 'Ejemplo - Voluntariado - 03 - Candidaturas por ofertas', NOW(), NOW(), '1', '1', NULL, 0, '1', 'stic_Job_Offers', NULL, NULL, NULL, '{\"resultsFolded\":false,\"optionsFolded\":true,\"authCheck\":\"full\",\"showDeleted\":false,\"showExport\":true,\"showSnapshots\":false,\"showTools\":true}', NULL, NULL, NULL, '{\"plugin\":\"standard\",\"pluginData\":{}}', '{\"1\":{\"googlecharts\":{\"uid\":\"k00000349f9e668a88f5c69660e6c\",\"dims\":\"111\",\"type\":\"Pie\",\"dimensions\":{\"dimension1\":\"k1c930599d56b32dc2d12a015d179\"},\"dataseries\":[{\"fieldid\":\"k1c930599d56b32dc2d12a015d179\",\"name\":\"Estado\",\"chartfunction\":\"SUM\",\"meaning\":\"value\",\"axis\":\"P\",\"renderer\":\"bars\"}],\"options\":{\"legend\":true},\"title\":\"Estados de las ofertas\"},\"plugin\":\"googlecharts\"},\"2\":{\"plugin\":\"googlecharts\",\"googlecharts\":{\"uid\":\"k00000a3defc6605eaca869660e70\",\"dims\":\"111\",\"type\":\"Column\",\"dimensions\":{\"dimension1\":\"ke496cd0a68f0eb59f3f3a781d8cc\"},\"dataseries\":[{\"fieldid\":\"ke496cd0a68f0eb59f3f3a781d8cc\",\"name\":\"Estado\",\"chartfunction\":\"SUM\",\"meaning\":\"value\",\"axis\":\"P\",\"renderer\":\"bars\"}],\"options\":[],\"title\":\"Estados de las candidaturas\"}},\"3\":{\"plugin\":\"googlecharts\",\"googlecharts\":{\"uid\":\"k0000039a62b9a8a3938869660e8f\",\"dims\":\"111\",\"type\":\"Column\",\"dimensions\":{\"dimension1\":\"k2e88ccb576a33bd72fee06b13b35\"},\"dataseries\":[{\"fieldid\":\"k2e88ccb576a33bd72fee06b13b35\",\"name\":\"Motivo de rechazo\",\"chartfunction\":\"SUM\",\"meaning\":\"value\",\"axis\":\"P\",\"renderer\":\"bars\"}],\"options\":[],\"title\":\"Principales motivos de rechazo de las candidaturas\"}},\"4\":{\"plugin\":\"googlecharts\",\"googlecharts\":{\"uid\":\"k00000a8b10aa7b73276069660e3a\",\"dims\":\"111\",\"type\":\"Column\",\"dimensions\":{\"dimension1\":\"ke9481b913e7c5c38c7ebb3418717\"},\"dataseries\":[{\"fieldid\":\"kbffdab55c0f7ec5bc4d44b624fdf\",\"name\":\"counter\",\"chartfunction\":\"SUM\",\"meaning\":\"value\",\"axis\":\"P\",\"renderer\":\"bars\"}],\"options\":[],\"title\":\"Total de candidaturas por oferta\"}},\"plugin\":\"googlecharts\",\"layout\":\"1x4\",\"chartheight\":300,\"height\":\"300\"}', '{\"activePlugins\":{\"kcsvexport\":\"1\",\"ktargetlistexport\":\"0\",\"ksnapshots\":\"0\"}}', '[{\"unionid\":\"root\",\"id\":\"root\",\"group\":\"root\",\"type\":\"AND\",\"parent\":\"-\",\"notexists\":\"\"}]', '[{\"unionid\":\"root\",\"sequence\":\"\",\"fieldid\":\"k74f5a81c91343b8595114b6a01e0\",\"name\":\"Fecha inicio candidaturas\",\"fixedvalue\":\"\",\"groupid\":\"root\",\"path\":\"root:stic_Job_Offers::field:applications_start_date\",\"displaypath\":\"stic_Job_Offers\",\"referencefieldid\":\"\",\"operator\":\"ignore\",\"type\":\"date\",\"value\":\"\",\"valuekey\":\"\",\"valueto\":\"\",\"valuetokey\":\"\",\"jointype\":\"required\",\"context\":\"\",\"reference\":\"\",\"include\":\"\",\"usereditable\":\"yes\",\"dashleteditable\":\"no\",\"exportpdf\":\"no\",\"customsqlfunction\":\"\"},{\"unionid\":\"root\",\"sequence\":\"\",\"fieldid\":\"k0fc05bbe28b7c425bede1fdab00c\",\"name\":\"Fecha final candidaturas\",\"fixedvalue\":\"\",\"groupid\":\"root\",\"path\":\"root:stic_Job_Offers::field:applications_end_date\",\"displaypath\":\"stic_Job_Offers\",\"referencefieldid\":\"\",\"operator\":\"ignore\",\"type\":\"date\",\"value\":\"\",\"valuekey\":\"\",\"valueto\":\"\",\"valuetokey\":\"\",\"jointype\":\"required\",\"context\":\"\",\"reference\":\"\",\"include\":\"\",\"usereditable\":\"yes\",\"dashleteditable\":\"no\",\"exportpdf\":\"no\",\"customsqlfunction\":\"\"},{\"unionid\":\"root\",\"sequence\":\"\",\"fieldid\":\"k7eb8de4159772a66d89c8152c803\",\"name\":\"Estado oferta laboral\",\"fixedvalue\":\"\",\"groupid\":\"root\",\"path\":\"root:stic_Job_Offers::field:status\",\"displaypath\":\"stic_Job_Offers\",\"referencefieldid\":\"\",\"operator\":\"ignore\",\"type\":\"enum\",\"value\":\"\",\"valuekey\":\"\",\"valueto\":\"\",\"valuetokey\":\"\",\"jointype\":\"required\",\"context\":\"\",\"reference\":\"\",\"include\":\"\",\"usereditable\":\"yes\",\"dashleteditable\":\"no\",\"exportpdf\":\"no\",\"customsqlfunction\":\"\"},{\"unionid\":\"root\",\"sequence\":\"\",\"fieldid\":\"k5ce4650142ad0c665274a65f5300\",\"name\":\"Fecha de alta candidatura\",\"fixedvalue\":\"\",\"groupid\":\"root\",\"path\":\"root:stic_Job_Offers::link:stic_Job_Offers:stic_job_applications_stic_job_offers::field:start_date\",\"displaypath\":\"stic_Job_Offers::Candidatures\",\"referencefieldid\":\"\",\"operator\":\"ignore\",\"type\":\"date\",\"value\":\"\",\"valuekey\":\"\",\"valueto\":\"\",\"valuetokey\":\"\",\"jointype\":\"required\",\"context\":\"\",\"reference\":\"\",\"include\":\"\",\"usereditable\":\"yes\",\"dashleteditable\":\"no\",\"exportpdf\":\"no\",\"customsqlfunction\":\"\"},{\"unionid\":\"root\",\"sequence\":\"\",\"fieldid\":\"k87b1b1804896a8e4ff232dfc202f\",\"name\":\"Fecha de baja candidatura\",\"fixedvalue\":\"\",\"groupid\":\"root\",\"path\":\"root:stic_Job_Offers::link:stic_Job_Offers:stic_job_applications_stic_job_offers::field:end_date\",\"displaypath\":\"stic_Job_Offers::Candidaturas\",\"referencefieldid\":\"\",\"operator\":\"ignore\",\"type\":\"date\",\"value\":\"\",\"valuekey\":\"\",\"valueto\":\"\",\"valuetokey\":\"\",\"jointype\":\"required\",\"context\":\"\",\"reference\":\"\",\"include\":\"\",\"usereditable\":\"yes\",\"dashleteditable\":\"no\",\"exportpdf\":\"no\",\"customsqlfunction\":\"\"},{\"unionid\":\"root\",\"sequence\":\"\",\"fieldid\":\"k5f5efc00659bb432125f6237842e\",\"name\":\"Estado candidatura\",\"fixedvalue\":\"\",\"groupid\":\"root\",\"path\":\"root:stic_Job_Offers::link:stic_Job_Offers:stic_job_applications_stic_job_offers::field:status\",\"displaypath\":\"stic_Job_Offers::Candidaturas\",\"referencefieldid\":\"\",\"operator\":\"ignore\",\"type\":\"enum\",\"value\":\"\",\"valuekey\":\"\",\"valueto\":\"\",\"valuetokey\":\"\",\"jointype\":\"required\",\"context\":\"\",\"reference\":\"\",\"include\":\"\",\"usereditable\":\"yes\",\"dashleteditable\":\"no\",\"exportpdf\":\"no\",\"customsqlfunction\":\"\"},{\"unionid\":\"root\",\"sequence\":\"\",\"fieldid\":\"kbcd1515734384b32e606d73e2ecf\",\"name\":\"Motivo de rechazo\",\"fixedvalue\":\"\",\"groupid\":\"root\",\"path\":\"root:stic_Job_Offers::link:stic_Job_Offers:stic_job_applications_stic_job_offers::field:rejection_reason\",\"displaypath\":\"stic_Job_Offers::Candidaturas\",\"referencefieldid\":\"\",\"operator\":\"ignore\",\"type\":\"enum\",\"value\":\"\",\"valuekey\":\"\",\"valueto\":\"\",\"valuetokey\":\"\",\"jointype\":\"required\",\"context\":\"\",\"reference\":\"\",\"include\":\"\",\"usereditable\":\"yes\",\"dashleteditable\":\"no\",\"exportpdf\":\"no\",\"customsqlfunction\":\"\"},{\"unionid\":\"root\",\"sequence\":\"\",\"fieldid\":\"kf9269100cba1c150339d54e3596c\",\"name\":\"Tipo\",\"fixedvalue\":\"\",\"groupid\":\"root\",\"path\":\"root:stic_Job_Offers::field:offer_type\",\"displaypath\":\"stic_Job_Offers\",\"referencefieldid\":\"\",\"operator\":\"equals\",\"type\":\"enum\",\"value\":\"Voluntariado\",\"valuekey\":\"volunteering\",\"valueto\":\"\",\"valuetokey\":\"\",\"jointype\":\"required\",\"context\":\"\",\"reference\":\"\",\"include\":\"\",\"usereditable\":\"no\",\"dashleteditable\":\"no\",\"exportpdf\":\"no\",\"customsqlfunction\":\"\"}]', '[{\"fieldid\":\"ke9481b913e7c5c38c7ebb3418717\",\"sequence\":\"01\",\"fieldname\":\"Nom\",\"name\":\"Nombre oferta\",\"display\":\"yes\",\"path\":\"root:stic_Job_Offers::field:name\",\"displaypath\":\"stic_Job_Offers\",\"sort\":\"sortable\",\"sortpriority\":\"\",\"width\":200,\"jointype\":\"required\",\"sqlfunction\":\"-\",\"summaryfunction\":\"\",\"customsqlfunction\":\"\",\"valuetype\":\"\",\"groupby\":\"no\",\"link\":\"yes\",\"editable\":\"\",\"fixedvalue\":\"\",\"assigntovalue\":\"\",\"formulavalue\":\"\",\"formulasequence\":\"\",\"widget\":\"\",\"overridetype\":\"\",\"overridealignment\":\"\"},{\"fieldid\":\"k1c930599d56b32dc2d12a015d179\",\"sequence\":\"02\",\"fieldname\":\"Estat\",\"name\":\"Estado\",\"display\":\"yes\",\"path\":\"root:stic_Job_Offers::field:status\",\"displaypath\":\"stic_Job_Offers\",\"sort\":\"sortable\",\"sortpriority\":\"\",\"width\":120,\"jointype\":\"required\",\"sqlfunction\":\"-\",\"summaryfunction\":\"\",\"customsqlfunction\":\"\",\"valuetype\":\"\",\"groupby\":\"no\",\"link\":\"no\",\"editable\":\"\",\"fixedvalue\":\"\",\"assigntovalue\":\"\",\"formulavalue\":\"\",\"formulasequence\":\"\",\"widget\":\"\",\"overridetype\":\"\",\"overridealignment\":\"\"},{\"fieldid\":\"ke5f2395dc2a5ce3674a1566fb149\",\"sequence\":\"03\",\"fieldname\":\"Tipo\",\"name\":\"Tipo\",\"display\":\"yes\",\"path\":\"root:stic_Job_Offers::field:offer_type\",\"displaypath\":\"stic_Job_Offers\",\"sort\":\"-\",\"sortpriority\":\"\",\"width\":\"100\",\"jointype\":\"required\",\"sqlfunction\":\"-\",\"summaryfunction\":\"\",\"customsqlfunction\":\"\",\"valuetype\":\"\",\"groupby\":\"no\",\"link\":\"no\",\"editable\":\"\",\"fixedvalue\":\"\",\"assigntovalue\":\"\",\"formulavalue\":\"\",\"formulasequence\":\"\",\"widget\":\"\",\"overridetype\":\"\",\"overridealignment\":\"\"},{\"fieldid\":\"kf8b49c79c2093ce06283235a3699\",\"sequence\":\"04\",\"fieldname\":\"Fecha inicio proceso\",\"name\":\"Fecha inicio proceso\",\"display\":\"yes\",\"path\":\"root:stic_Job_Offers::field:process_start_date\",\"displaypath\":\"stic_Job_Offers\",\"sort\":\"sortable\",\"sortpriority\":null,\"width\":\"100\",\"jointype\":\"required\",\"sqlfunction\":\"-\",\"summaryfunction\":\"\",\"customsqlfunction\":\"\",\"valuetype\":\"\",\"groupby\":\"no\",\"link\":\"no\",\"editable\":\"\",\"fixedvalue\":\"\",\"assigntovalue\":\"\",\"formulavalue\":\"\",\"formulasequence\":\"\",\"widget\":\"\",\"overridetype\":\"\",\"overridealignment\":\"\"},{\"fieldid\":\"ka9e8648a061d027b671e3466bd19\",\"sequence\":\"05\",\"fieldname\":\"Fecha final proceso\",\"name\":\"Fecha final proceso\",\"display\":\"yes\",\"path\":\"root:stic_Job_Offers::field:process_end_date\",\"displaypath\":\"stic_Job_Offers\",\"sort\":\"sortable\",\"sortpriority\":\"\",\"width\":\"100\",\"jointype\":\"required\",\"sqlfunction\":\"-\",\"summaryfunction\":\"\",\"customsqlfunction\":\"\",\"valuetype\":\"\",\"groupby\":\"no\",\"link\":\"no\",\"editable\":\"\",\"fixedvalue\":\"\",\"assigntovalue\":\"\",\"formulavalue\":\"\",\"formulasequence\":\"\",\"widget\":\"\",\"overridetype\":\"\",\"overridealignment\":\"\"},{\"fieldid\":\"k7e8efca42ee5102cbf2cd7bde4e6\",\"sequence\":\"06\",\"fieldname\":\"Data inici candidatures\",\"name\":\"Fecha inicio candidaturas\",\"display\":\"yes\",\"path\":\"root:stic_Job_Offers::field:applications_start_date\",\"displaypath\":\"stic_Job_Offers\",\"sort\":\"sortable\",\"sortpriority\":\"\",\"width\":120,\"jointype\":\"required\",\"sqlfunction\":\"-\",\"summaryfunction\":\"\",\"customsqlfunction\":\"\",\"valuetype\":\"\",\"groupby\":\"no\",\"link\":\"no\",\"editable\":\"\",\"fixedvalue\":\"\",\"assigntovalue\":\"\",\"formulavalue\":\"\",\"formulasequence\":\"\",\"widget\":\"\",\"overridetype\":\"\",\"overridealignment\":\"\"},{\"fieldid\":\"k9cbba6bf1d1b46bcd832f8297227\",\"sequence\":\"07\",\"fieldname\":\"Data final candidatures\",\"name\":\"Fecha final candidaturas\",\"display\":\"yes\",\"path\":\"root:stic_Job_Offers::field:applications_end_date\",\"displaypath\":\"stic_Job_Offers\",\"sort\":\"sortable\",\"sortpriority\":\"\",\"width\":120,\"jointype\":\"required\",\"sqlfunction\":\"-\",\"summaryfunction\":\"\",\"customsqlfunction\":\"\",\"valuetype\":\"\",\"groupby\":\"no\",\"link\":\"no\",\"editable\":\"\",\"fixedvalue\":\"\",\"assigntovalue\":\"\",\"formulavalue\":\"\",\"formulasequence\":\"\",\"widget\":\"\",\"overridetype\":\"\",\"overridealignment\":\"\"},{\"fieldid\":\"kf7f46906cc6b6d3a7ce708a35ea3\",\"sequence\":\"08\",\"fieldname\":\"Temporalidad\",\"name\":\"Temporalidad\",\"display\":\"yes\",\"path\":\"root:stic_Job_Offers::field:temporality\",\"displaypath\":\"stic_Job_Offers\",\"sort\":\"-\",\"sortpriority\":\"\",\"width\":\"100\",\"jointype\":\"required\",\"sqlfunction\":\"-\",\"summaryfunction\":\"\",\"customsqlfunction\":\"\",\"valuetype\":\"\",\"groupby\":\"no\",\"link\":\"no\",\"editable\":\"\",\"fixedvalue\":\"\",\"assigntovalue\":\"\",\"formulavalue\":\"\",\"formulasequence\":\"\",\"widget\":\"\",\"overridetype\":\"\",\"overridealignment\":\"\"},{\"fieldid\":\"kdc8ee81e0c6c6293905cae1f3245\",\"sequence\":\"09\",\"fieldname\":\"Duraci\\u00f3n prevista\",\"name\":\"Duraci\\u00f3n prevista\",\"display\":\"yes\",\"path\":\"root:stic_Job_Offers::field:expected_duration\",\"displaypath\":\"stic_Job_Offers\",\"sort\":\"-\",\"sortpriority\":\"\",\"width\":\"100\",\"jointype\":\"required\",\"sqlfunction\":\"-\",\"summaryfunction\":\"\",\"customsqlfunction\":\"\",\"valuetype\":\"\",\"groupby\":\"no\",\"link\":\"no\",\"editable\":\"\",\"fixedvalue\":\"\",\"assigntovalue\":\"\",\"formulavalue\":\"\",\"formulasequence\":\"\",\"widget\":\"\",\"overridetype\":\"\",\"overridealignment\":\"\"},{\"fieldid\":\"kbdfca3f1cdc564573c6246364b92\",\"sequence\":10,\"fieldname\":\"Objetivos\",\"name\":\"Objetivos\",\"display\":\"yes\",\"path\":\"root:stic_Job_Offers::field:goals\",\"displaypath\":\"stic_Job_Offers\",\"sort\":\"-\",\"sortpriority\":\"\",\"width\":\"100\",\"jointype\":\"required\",\"sqlfunction\":\"-\",\"summaryfunction\":\"\",\"customsqlfunction\":\"\",\"valuetype\":\"\",\"groupby\":\"no\",\"link\":\"no\",\"editable\":\"\",\"fixedvalue\":\"\",\"assigntovalue\":\"\",\"formulavalue\":\"\",\"formulasequence\":\"\",\"widget\":\"\",\"overridetype\":\"\",\"overridealignment\":\"\"},{\"fieldid\":\"k81a89a4b3c8a4bc333b10604984e\",\"sequence\":11,\"fieldname\":\"Nom\",\"name\":\"Candidatura\",\"display\":\"yes\",\"path\":\"root:stic_Job_Offers::link:stic_Job_Offers:stic_job_applications_stic_job_offers::field:name\",\"displaypath\":\"stic_Job_Offers::Candidatures\",\"sort\":\"sortable\",\"sortpriority\":\"\",\"width\":300,\"jointype\":\"required\",\"sqlfunction\":\"-\",\"summaryfunction\":\"\",\"customsqlfunction\":\"\",\"valuetype\":\"\",\"groupby\":\"no\",\"link\":\"yes\",\"editable\":\"\",\"fixedvalue\":\"\",\"assigntovalue\":\"\",\"formulavalue\":\"\",\"formulasequence\":\"\",\"widget\":\"\",\"overridetype\":\"\",\"overridealignment\":\"\"},{\"fieldid\":\"k7712a31dcdee3f6fb20b92c363b5\",\"sequence\":12,\"fieldname\":\"Cognoms:\",\"name\":\"Persona\",\"display\":\"yes\",\"path\":\"root:stic_Job_Offers::link:stic_Job_Offers:stic_job_applications_stic_job_offers::link:stic_Job_Applications:stic_job_applications_contacts::field:last_name\",\"displaypath\":\"stic_Job_Offers::Candidatures::Persona\",\"sort\":\"sortable\",\"sortpriority\":\"\",\"width\":200,\"jointype\":\"required\",\"sqlfunction\":\"-\",\"summaryfunction\":\"\",\"customsqlfunction\":\"Y29uY2F0JTI4JTdCdCU3RC5maXJzdF9uYW1lJTJDJTIwJTI3JTIwJTI3JTJDJTIwJTdCdCU3RC5sYXN0X25hbWUlMjk=\",\"valuetype\":\"\",\"groupby\":\"no\",\"link\":\"yes\",\"editable\":\"\",\"fixedvalue\":\"\",\"assigntovalue\":\"\",\"formulavalue\":\"\",\"formulasequence\":\"\",\"widget\":\"\",\"overridetype\":\"\",\"overridealignment\":\"\"},{\"fieldid\":\"ke496cd0a68f0eb59f3f3a781d8cc\",\"sequence\":13,\"fieldname\":\"Estat\",\"name\":\"Estado\",\"display\":\"yes\",\"path\":\"root:stic_Job_Offers::link:stic_Job_Offers:stic_job_applications_stic_job_offers::field:status\",\"displaypath\":\"stic_Job_Offers::Candidatures\",\"sort\":\"sortable\",\"sortpriority\":\"\",\"width\":120,\"jointype\":\"required\",\"sqlfunction\":\"-\",\"summaryfunction\":\"\",\"customsqlfunction\":\"\",\"valuetype\":\"\",\"groupby\":\"no\",\"link\":\"no\",\"editable\":\"\",\"fixedvalue\":\"\",\"assigntovalue\":\"\",\"formulavalue\":\"\",\"formulasequence\":\"\",\"widget\":\"\",\"overridetype\":\"\",\"overridealignment\":\"\"},{\"fieldid\":\"kbc51e9b6fa6d98bba4646adfe922\",\"sequence\":14,\"fieldname\":\"Data d\'alta\",\"name\":\"Fecha de alta de la candidatura\",\"display\":\"yes\",\"path\":\"root:stic_Job_Offers::link:stic_Job_Offers:stic_job_applications_stic_job_offers::field:start_date\",\"displaypath\":\"stic_Job_Offers::Candidatures\",\"sort\":\"sortable\",\"sortpriority\":\"\",\"width\":150,\"jointype\":\"required\",\"sqlfunction\":\"-\",\"summaryfunction\":\"\",\"customsqlfunction\":\"\",\"valuetype\":\"\",\"groupby\":\"no\",\"link\":\"no\",\"editable\":\"\",\"fixedvalue\":\"\",\"assigntovalue\":\"\",\"formulavalue\":\"\",\"formulasequence\":\"\",\"widget\":\"\",\"overridetype\":\"\",\"overridealignment\":\"\"},{\"fieldid\":\"k15c842a87e30bf95688516aa157c\",\"sequence\":15,\"fieldname\":\"Fecha de baja\",\"name\":\"Fecha de baja de la candidatura\",\"display\":\"yes\",\"path\":\"root:stic_Job_Offers::link:stic_Job_Offers:stic_job_applications_stic_job_offers::field:end_date\",\"displaypath\":\"stic_Job_Offers::Candidaturas\",\"sort\":\"-\",\"sortpriority\":\"\",\"width\":150,\"jointype\":\"required\",\"sqlfunction\":\"-\",\"summaryfunction\":\"\",\"customsqlfunction\":\"\",\"valuetype\":\"\",\"groupby\":\"no\",\"link\":\"no\",\"editable\":\"\",\"fixedvalue\":\"\",\"assigntovalue\":\"\",\"formulavalue\":\"\",\"formulasequence\":\"\",\"widget\":\"\",\"overridetype\":\"\",\"overridealignment\":\"\"},{\"fieldid\":\"k2e88ccb576a33bd72fee06b13b35\",\"sequence\":16,\"fieldname\":\"Motivo de rechazo\",\"name\":\"Motivo de rechazo\",\"display\":\"yes\",\"path\":\"root:stic_Job_Offers::link:stic_Job_Offers:stic_job_applications_stic_job_offers::field:rejection_reason\",\"displaypath\":\"stic_Job_Offers::Candidaturas\",\"sort\":\"-\",\"sortpriority\":\"\",\"width\":125,\"jointype\":\"required\",\"sqlfunction\":\"-\",\"summaryfunction\":\"\",\"customsqlfunction\":\"\",\"valuetype\":\"\",\"groupby\":\"no\",\"link\":\"no\",\"editable\":\"\",\"fixedvalue\":\"\",\"assigntovalue\":\"\",\"formulavalue\":\"\",\"formulasequence\":\"\",\"widget\":\"\",\"overridetype\":\"\",\"overridealignment\":\"\"},{\"fieldid\":\"k9b293771374c36fbe0241aecb886\",\"sequence\":17,\"fieldname\":\"Experiencia previa\",\"name\":\"Experiencia previa\",\"display\":\"yes\",\"path\":\"root:stic_Job_Offers::link:stic_Job_Offers:stic_job_applications_stic_job_offers::field:previous_experience\",\"displaypath\":\"stic_Job_Offers::Candidaturas\",\"sort\":\"-\",\"sortpriority\":\"\",\"width\":\"100\",\"jointype\":\"required\",\"sqlfunction\":\"-\",\"summaryfunction\":\"\",\"customsqlfunction\":\"\",\"valuetype\":\"\",\"groupby\":\"no\",\"link\":\"no\",\"editable\":\"\",\"fixedvalue\":\"\",\"assigntovalue\":\"\",\"formulavalue\":\"\",\"formulasequence\":\"\",\"widget\":\"\",\"overridetype\":\"\",\"overridealignment\":\"\"},{\"fieldid\":\"kd23ba12053fc443e2c2ba58ff317\",\"sequence\":18,\"fieldname\":\"D\\u00edas disponibles\",\"name\":\"D\\u00edas disponibles\",\"display\":\"yes\",\"path\":\"root:stic_Job_Offers::link:stic_Job_Offers:stic_job_applications_stic_job_offers::field:available_days\",\"displaypath\":\"stic_Job_Offers::Candidaturas\",\"sort\":\"-\",\"sortpriority\":\"\",\"width\":\"100\",\"jointype\":\"required\",\"sqlfunction\":\"-\",\"summaryfunction\":\"\",\"customsqlfunction\":\"\",\"valuetype\":\"\",\"groupby\":\"no\",\"link\":\"no\",\"editable\":\"\",\"fixedvalue\":\"\",\"assigntovalue\":\"\",\"formulavalue\":\"\",\"formulasequence\":\"\",\"widget\":\"\",\"overridetype\":\"\",\"overridealignment\":\"\"},{\"fieldid\":\"k58916b509055ba01f04b038ca51b\",\"sequence\":19,\"fieldname\":\"Disponibilidad horaria\",\"name\":\"Disponibilidad horaria\",\"display\":\"yes\",\"path\":\"root:stic_Job_Offers::link:stic_Job_Offers:stic_job_applications_stic_job_offers::field:available_time\",\"displaypath\":\"stic_Job_Offers::Candidaturas\",\"sort\":\"-\",\"sortpriority\":\"\",\"width\":\"100\",\"jointype\":\"required\",\"sqlfunction\":\"-\",\"summaryfunction\":\"\",\"customsqlfunction\":\"\",\"valuetype\":\"\",\"groupby\":\"no\",\"link\":\"no\",\"editable\":\"\",\"fixedvalue\":\"\",\"assigntovalue\":\"\",\"formulavalue\":\"\",\"formulasequence\":\"\",\"widget\":\"\",\"overridetype\":\"\",\"overridealignment\":\"\"},{\"fieldid\":\"k17b0f2e7404a8b07b716d9056591\",\"sequence\":20,\"fieldname\":\"Fecha inicio contrato o colocaci\\u00f3n\",\"name\":\"Fecha inicio contrato o colocaci\\u00f3n\",\"display\":\"yes\",\"path\":\"root:stic_Job_Offers::link:stic_Job_Offers:stic_job_applications_stic_job_offers::field:contract_start_date\",\"displaypath\":\"stic_Job_Offers::Candidaturas\",\"sort\":\"-\",\"sortpriority\":\"\",\"width\":150,\"jointype\":\"required\",\"sqlfunction\":\"-\",\"summaryfunction\":\"\",\"customsqlfunction\":\"\",\"valuetype\":\"\",\"groupby\":\"no\",\"link\":\"no\",\"editable\":\"\",\"fixedvalue\":\"\",\"assigntovalue\":\"\",\"formulavalue\":\"\",\"formulasequence\":\"\",\"widget\":\"\",\"overridetype\":\"\",\"overridealignment\":\"\"},{\"fieldid\":\"k21482ad956a53cb17c6f8045ee47\",\"sequence\":21,\"fieldname\":\"Fecha fin contrato o colocaci\\u00f3n\",\"name\":\"Fecha fin contrato o colocaci\\u00f3n\",\"display\":\"yes\",\"path\":\"root:stic_Job_Offers::link:stic_Job_Offers:stic_job_applications_stic_job_offers::field:contract_end_date\",\"displaypath\":\"stic_Job_Offers::Candidaturas\",\"sort\":\"-\",\"sortpriority\":\"\",\"width\":150,\"jointype\":\"required\",\"sqlfunction\":\"-\",\"summaryfunction\":\"\",\"customsqlfunction\":\"\",\"valuetype\":\"\",\"groupby\":\"no\",\"link\":\"no\",\"editable\":\"\",\"fixedvalue\":\"\",\"assigntovalue\":\"\",\"formulavalue\":\"\",\"formulasequence\":\"\",\"widget\":\"\",\"overridetype\":\"\",\"overridealignment\":\"\"},{\"fieldid\":\"k31e11bd74cd2f92b178351a7cfd9\",\"sequence\":22,\"fieldname\":\"Motivo fin de contrato\",\"name\":\"Motivo fin de contrato\",\"display\":\"yes\",\"path\":\"root:stic_Job_Offers::link:stic_Job_Offers:stic_job_applications_stic_job_offers::field:contract_end_reason\",\"displaypath\":\"stic_Job_Offers::Candidaturas\",\"sort\":\"-\",\"sortpriority\":\"\",\"width\":150,\"jointype\":\"required\",\"sqlfunction\":\"-\",\"summaryfunction\":\"\",\"customsqlfunction\":\"\",\"valuetype\":\"\",\"groupby\":\"no\",\"link\":\"no\",\"editable\":\"\",\"fixedvalue\":\"\",\"assigntovalue\":\"\",\"formulavalue\":\"\",\"formulasequence\":\"\",\"widget\":\"\",\"overridetype\":\"\",\"overridealignment\":\"\"},{\"fieldid\":\"kbffdab55c0f7ec5bc4d44b624fdf\",\"sequence\":23,\"fieldname\":\"\",\"name\":\"counter\",\"display\":\"no\",\"path\":\"\",\"displaypath\":\"\",\"sort\":\"-\",\"sortpriority\":\"\",\"width\":\"100\",\"jointype\":\"required\",\"sqlfunction\":\"-\",\"summaryfunction\":\"\",\"customsqlfunction\":\"\",\"valuetype\":\"\",\"groupby\":\"no\",\"link\":\"no\",\"editable\":\"\",\"fixedvalue\":\"1\",\"assigntovalue\":\"\",\"formulavalue\":\"\",\"formulasequence\":\"\",\"widget\":\"\",\"overridetype\":\"\",\"overridealignment\":\"\"}]', NULL, NULL);
REPLACE INTO kreports (id, name, date_entered, date_modified, modified_user_id, created_by, description, deleted, assigned_user_id, report_module, report_status, report_segmentation, union_modules, reportoptions, listtype, listtypeproperties, selectionlimit, presentation_params, visualization_params, integration_params, wheregroups, whereconditions, listfields, unionlistfields, advancedoptions) VALUES ('00000a32-c16b-3d28-9954-696760f40aff', 'Ejemplo - Voluntariado - 04 - Actividades', NOW(), NOW(), '1', '1', NULL, 0, '1', 'stic_Registrations', NULL, NULL, NULL,           '{\"resultsFolded\":false,\"optionsFolded\":true,\"authCheck\":\"full\",\"showDeleted\":false,\"showExport\":true,\"showSnapshots\":false,\"showTools\":true}', NULL, NULL, NULL, '{\"plugin\":\"standard\",\"pluginData\":{}}', '{\"1\":{\"googlecharts\":{\"uid\":\"k00000c449fe48328736a6967601a\",\"dims\":\"111\",\"type\":\"Pie\",\"dimensions\":{\"dimension1\":\"k9bacbe289a16acbff5055095c80a\"},\"dataseries\":[{\"fieldid\":\"k3d9d80d407a98b10fec122302338\",\"name\":\"Inscripci\\u00f3n\",\"chartfunction\":\"SUM\",\"meaning\":\"value\",\"axis\":\"P\",\"renderer\":\"bars\"}],\"options\":{\"legend\":true,\"is3D\":\"on\"},\"title\":\"Inscripciones por evento\"},\"plugin\":\"googlecharts\"},\"2\":{\"plugin\":\"googlecharts\",\"googlecharts\":{\"uid\":\"k00000b480bee8f58ab9369676011\",\"dims\":\"111\",\"type\":\"Pie\",\"dimensions\":{\"dimension1\":\"ka0100346f489078ced3fead153bb\"},\"dataseries\":[{\"fieldid\":\"k3d9d80d407a98b10fec122302338\",\"name\":\"Inscripci\\u00f3n\",\"chartfunction\":\"SUM\",\"meaning\":\"value\",\"axis\":\"P\",\"renderer\":\"bars\"}],\"options\":{\"legend\":true,\"is3D\":\"on\"},\"title\":\"Inscripciones por Estado\"}},\"3\":{\"plugin\":\"googlecharts\",\"googlecharts\":{\"uid\":\"k000000a334502ce143bd69676043\",\"dims\":\"111\",\"type\":\"Pie\",\"dimensions\":{\"dimension1\":\"kab7cf0ed0cb353cc734256d1b82f\"},\"dataseries\":[{\"fieldid\":\"k3d9d80d407a98b10fec122302338\",\"name\":\"Inscripci\\u00f3n\",\"chartfunction\":\"SUM\",\"meaning\":\"value\",\"axis\":\"P\",\"renderer\":\"bars\"}],\"options\":{\"legend\":true,\"is3D\":\"on\"},\"title\":\"Inscripciones por Tipo de Participaci\\u00f3n\"}},\"4\":{\"plugin\":\"googlecharts\",\"googlecharts\":{\"uid\":\"k00000071fae01b985e9869676031\",\"dims\":\"111\",\"type\":\"Column\",\"dimensions\":{\"dimension1\":\"k3d9d80d407a98b10fec122302338\"},\"dataseries\":[{\"fieldid\":\"kd9b4430252c9febf081e0d00bf93\",\"name\":\"Horas asistencia\",\"chartfunction\":\"SUM\",\"meaning\":\"value\",\"axis\":\"P\",\"renderer\":\"bars\"}],\"options\":[],\"title\":\"Horas\"}},\"plugin\":\"googlecharts\",\"layout\":\"1x3\",\"chartheight\":300,\"height\":\"250\"}', '{\"activePlugins\":{\"kcsvexport\":\"1\",\"ktargetlistexport\":\"0\",\"ksnapshots\":\"0\"}}', '[{\"unionid\":\"root\",\"id\":\"root\",\"group\":\"root\",\"type\":\"AND\",\"parent\":\"-\",\"notexists\":\"\"}]', '[{\"unionid\":\"root\",\"sequence\":\"\",\"fieldid\":\"k72efcdff4dd175bcf2a95bdb7902\",\"name\":\"Organizaci\\u00f3n\",\"fixedvalue\":\"\",\"groupid\":\"root\",\"path\":\"root:stic_Registrations::link:stic_Registrations:stic_registrations_accounts::field:name\",\"displaypath\":\"stic_Registrations::Organizaci\\u00f3n\",\"referencefieldid\":\"\",\"operator\":\"ignore\",\"type\":\"name\",\"value\":\"\",\"valuekey\":\"\",\"valueto\":\"\",\"valuetokey\":\"\",\"jointype\":\"required\",\"context\":\"\",\"reference\":\"\",\"include\":\"\",\"usereditable\":\"yes\",\"dashleteditable\":\"no\",\"exportpdf\":\"no\",\"customsqlfunction\":\"\"},{\"unionid\":\"root\",\"sequence\":\"\",\"fieldid\":\"k8a37f56fa11218c2e236a43deae2\",\"name\":\"Persona (Apellidos)\",\"fixedvalue\":\"\",\"groupid\":\"root\",\"path\":\"root:stic_Registrations::link:stic_Registrations:stic_registrations_contacts::field:last_name\",\"displaypath\":\"stic_Registrations::Persona\",\"referencefieldid\":\"\",\"operator\":\"ignore\",\"type\":\"varchar\",\"value\":\"\",\"valuekey\":\"\",\"valueto\":\"\",\"valuetokey\":\"\",\"jointype\":\"required\",\"context\":\"\",\"reference\":\"\",\"include\":\"\",\"usereditable\":\"yes\",\"dashleteditable\":\"no\",\"exportpdf\":\"no\",\"customsqlfunction\":\"\"},{\"unionid\":\"root\",\"sequence\":\"\",\"fieldid\":\"kd285502adf6ada20ecb293bf6923\",\"name\":\"Fecha Inscripci\\u00f3n\",\"fixedvalue\":\"\",\"groupid\":\"root\",\"path\":\"root:stic_Registrations::field:registration_date\",\"displaypath\":\"stic_Registrations\",\"referencefieldid\":\"\",\"operator\":\"ignore\",\"type\":\"datetimecombo\",\"value\":\"\",\"valuekey\":\"\",\"valueto\":\"\",\"valuetokey\":\"\",\"jointype\":\"required\",\"context\":\"\",\"reference\":\"\",\"include\":\"\",\"usereditable\":\"yes\",\"dashleteditable\":\"no\",\"exportpdf\":\"no\",\"customsqlfunction\":\"\"},{\"unionid\":\"root\",\"sequence\":\"\",\"fieldid\":\"kc09bcfcee5ff1e6f09ec22d8ce87\",\"name\":\"Evento\",\"fixedvalue\":\"\",\"groupid\":\"root\",\"path\":\"root:stic_Registrations::link:stic_Registrations:stic_registrations_stic_events::field:name\",\"displaypath\":\"stic_Registrations::Eventos\",\"referencefieldid\":\"\",\"operator\":\"ignore\",\"type\":\"name\",\"value\":\"\",\"valuekey\":\"\",\"valueto\":\"\",\"valuetokey\":\"\",\"jointype\":\"required\",\"context\":\"\",\"reference\":\"\",\"include\":\"\",\"usereditable\":\"yes\",\"dashleteditable\":\"no\",\"exportpdf\":\"no\",\"customsqlfunction\":\"\"},{\"unionid\":\"root\",\"sequence\":\"\",\"fieldid\":\"k4480cfa4659608875f0cf378895f\",\"name\":\"Estado\",\"fixedvalue\":\"\",\"groupid\":\"root\",\"path\":\"root:stic_Registrations::field:status\",\"displaypath\":\"stic_Registrations\",\"referencefieldid\":\"\",\"operator\":\"ignore\",\"type\":\"enum\",\"value\":\"\",\"valuekey\":\"\",\"valueto\":\"\",\"valuetokey\":\"\",\"jointype\":\"required\",\"context\":\"\",\"reference\":\"\",\"include\":\"\",\"usereditable\":\"yes\",\"dashleteditable\":\"no\",\"exportpdf\":\"no\",\"customsqlfunction\":\"\"},{\"unionid\":\"root\",\"sequence\":\"\",\"fieldid\":\"k2d3657c4f72ee1a29c480cf9e1ca\",\"name\":\"Tipos de relaciones actuales\",\"fixedvalue\":\"\",\"groupid\":\"root\",\"path\":\"root:stic_Registrations::link:stic_Registrations:stic_registrations_contacts::field:stic_relationship_type_c\",\"displaypath\":\"stic_Registrations::Persona\",\"referencefieldid\":\"\",\"operator\":\"oneof\",\"type\":\"multienum\",\"value\":\"Voluntario/a\",\"valuekey\":[\"volunteer\"],\"valueto\":\"\",\"valuetokey\":\"\",\"jointype\":\"required\",\"context\":\"\",\"reference\":\"\",\"include\":\"\",\"usereditable\":\"no\",\"dashleteditable\":\"no\",\"exportpdf\":\"no\",\"customsqlfunction\":\"\"}]', '[{\"fieldid\":\"k9bacbe289a16acbff5055095c80a\",\"sequence\":\"01\",\"fieldname\":\"Nombre\",\"name\":\"Evento\",\"display\":\"yes\",\"path\":\"root:stic_Registrations::link:stic_Registrations:stic_registrations_stic_events::field:name\",\"displaypath\":\"stic_Registrations::Eventos\",\"sort\":\"asc\",\"sortpriority\":1,\"width\":200,\"jointype\":\"required\",\"sqlfunction\":\"-\",\"summaryfunction\":\"\",\"customsqlfunction\":\"\",\"valuetype\":\"\",\"groupby\":\"no\",\"link\":\"yes\",\"editable\":\"\",\"fixedvalue\":\"\",\"assigntovalue\":\"\",\"formulavalue\":\"\",\"formulasequence\":\"\",\"widget\":\"\",\"overridetype\":\"\",\"overridealignment\":\"\"},{\"fieldid\":\"kfa3e3def69ddb9f6da190d7b5789\",\"sequence\":\"02\",\"fieldname\":\"Modalidad voluntariado\",\"name\":\"Modalidad voluntariado\",\"display\":\"yes\",\"path\":\"root:stic_Registrations::link:stic_Registrations:stic_registrations_stic_events::field:volunteer_mode\",\"displaypath\":\"stic_Registrations::Evento\",\"sort\":\"-\",\"sortpriority\":\"\",\"width\":\"100\",\"jointype\":\"optional\",\"sqlfunction\":\"-\",\"summaryfunction\":\"\",\"customsqlfunction\":\"\",\"valuetype\":\"\",\"groupby\":\"no\",\"link\":\"no\",\"editable\":\"\",\"fixedvalue\":\"\",\"assigntovalue\":\"\",\"formulavalue\":\"\",\"formulasequence\":\"\",\"widget\":\"\",\"overridetype\":\"\",\"overridealignment\":\"\"},{\"fieldid\":\"k3d9d80d407a98b10fec122302338\",\"sequence\":\"03\",\"fieldname\":\"Nombre (autom.)\",\"name\":\"Inscripci\\u00f3n\",\"display\":\"yes\",\"path\":\"root:stic_Registrations::field:name\",\"displaypath\":\"stic_Registrations\",\"sort\":\"sortable\",\"sortpriority\":null,\"width\":100,\"jointype\":\"required\",\"sqlfunction\":\"-\",\"summaryfunction\":\"\",\"customsqlfunction\":\"\",\"valuetype\":\"\",\"groupby\":\"no\",\"link\":\"yes\",\"editable\":\"\",\"fixedvalue\":\"\",\"assigntovalue\":\"\",\"formulavalue\":\"\",\"formulasequence\":\"\",\"widget\":\"\",\"overridetype\":\"\",\"overridealignment\":\"\"},{\"fieldid\":\"ke5e2a352da94a73bd3b65b3c0163\",\"sequence\":\"04\",\"fieldname\":\"Fecha Inscripci\\u00f3n\",\"name\":\"Fecha Inscripci\\u00f3n\",\"display\":\"yes\",\"path\":\"root:stic_Registrations::field:registration_date\",\"displaypath\":\"stic_Registrations\",\"sort\":\"desc\",\"sortpriority\":2,\"width\":\"100\",\"jointype\":\"optional\",\"sqlfunction\":\"-\",\"summaryfunction\":\"\",\"customsqlfunction\":\"\",\"valuetype\":\"\",\"groupby\":\"no\",\"link\":\"no\",\"editable\":\"\",\"fixedvalue\":\"\",\"assigntovalue\":\"\",\"formulavalue\":\"\",\"formulasequence\":\"\",\"widget\":\"\",\"overridetype\":\"\",\"overridealignment\":\"\"},{\"fieldid\":\"ka0100346f489078ced3fead153bb\",\"sequence\":\"05\",\"fieldname\":\"Estado\",\"name\":\"Estado\",\"display\":\"yes\",\"path\":\"root:stic_Registrations::field:status\",\"displaypath\":\"stic_Registrations\",\"sort\":\"sortable\",\"sortpriority\":\"\",\"width\":\"100\",\"jointype\":\"optional\",\"sqlfunction\":\"-\",\"summaryfunction\":\"\",\"customsqlfunction\":\"\",\"valuetype\":\"\",\"groupby\":\"no\",\"link\":\"no\",\"editable\":\"\",\"fixedvalue\":\"\",\"assigntovalue\":\"\",\"formulavalue\":\"\",\"formulasequence\":\"\",\"widget\":\"\",\"overridetype\":\"\",\"overridealignment\":\"\"},{\"fieldid\":\"kab7cf0ed0cb353cc734256d1b82f\",\"sequence\":\"06\",\"fieldname\":\"Tipo de participaci\\u00f3n\",\"name\":\"Tipo de participaci\\u00f3n\",\"display\":\"yes\",\"path\":\"root:stic_Registrations::field:participation_type\",\"displaypath\":\"stic_Registrations\",\"sort\":\"sortable\",\"sortpriority\":\"\",\"width\":\"100\",\"jointype\":\"optional\",\"sqlfunction\":\"-\",\"summaryfunction\":\"\",\"customsqlfunction\":\"\",\"valuetype\":\"\",\"groupby\":\"no\",\"link\":\"no\",\"editable\":\"\",\"fixedvalue\":\"\",\"assigntovalue\":\"\",\"formulavalue\":\"\",\"formulasequence\":\"\",\"widget\":\"\",\"overridetype\":\"\",\"overridealignment\":\"\"},{\"fieldid\":\"kcb1ba839c28b7fcf329072fbfb41\",\"sequence\":\"07\",\"fieldname\":\"Nombre:\",\"name\":\"Organizaci\\u00f3n\",\"display\":\"yes\",\"path\":\"root:stic_Registrations::link:stic_Registrations:stic_registrations_accounts::field:name\",\"displaypath\":\"stic_Registrations::Organizaci\\u00f3n\",\"sort\":\"sortable\",\"sortpriority\":\"\",\"width\":200,\"jointype\":\"optional\",\"sqlfunction\":\"-\",\"summaryfunction\":\"\",\"customsqlfunction\":\"\",\"valuetype\":\"\",\"groupby\":\"no\",\"link\":\"no\",\"editable\":\"\",\"fixedvalue\":\"\",\"assigntovalue\":\"\",\"formulavalue\":\"\",\"formulasequence\":\"\",\"widget\":\"\",\"overridetype\":\"\",\"overridealignment\":\"\"},{\"fieldid\":\"kb60783da6404dea9f75984fa7c17\",\"sequence\":\"09\",\"fieldname\":\"Apellidos:\",\"name\":\"Persona\",\"display\":\"yes\",\"path\":\"root:stic_Registrations::link:stic_Registrations:stic_registrations_contacts::field:last_name\",\"displaypath\":\"stic_Registrations::Persona\",\"sort\":\"sortable\",\"sortpriority\":\"\",\"width\":150,\"jointype\":\"optional\",\"sqlfunction\":\"-\",\"summaryfunction\":\"\",\"customsqlfunction\":\"Y29uY2F0JTI4JTdCdCU3RC5maXJzdF9uYW1lJTJDJTIwJTI3JTIwJTI3JTJDJTIwJTdCdCU3RC5sYXN0X25hbWUlMjk=\",\"valuetype\":\"\",\"groupby\":\"no\",\"link\":\"yes\",\"editable\":\"\",\"fixedvalue\":\"\",\"assigntovalue\":\"\",\"formulavalue\":\"\",\"formulasequence\":\"\",\"widget\":\"\",\"overridetype\":\"\",\"overridealignment\":\"\"},{\"fieldid\":\"kd9b4430252c9febf081e0d00bf93\",\"sequence\":10,\"fieldname\":\"Horas asistencia\",\"name\":\"Horas asistencia\",\"display\":\"yes\",\"path\":\"root:stic_Registrations::field:attended_hours\",\"displaypath\":\"stic_Registrations\",\"sort\":\"sortable\",\"sortpriority\":\"\",\"width\":\"100\",\"jointype\":\"optional\",\"sqlfunction\":\"-\",\"summaryfunction\":\"\",\"customsqlfunction\":\"\",\"valuetype\":\"\",\"groupby\":\"no\",\"link\":\"no\",\"editable\":\"\",\"fixedvalue\":\"\",\"assigntovalue\":\"\",\"formulavalue\":\"\",\"formulasequence\":\"\",\"widget\":\"\",\"overridetype\":\"\",\"overridealignment\":\"\"},{\"fieldid\":\"kddf3c670e2ac29a29858b31fe23c\",\"sequence\":11,\"fieldname\":\"Porcentaje de asistencia\",\"name\":\"Porcentaje de asistencia\",\"display\":\"yes\",\"path\":\"root:stic_Registrations::field:attendance_percentage\",\"displaypath\":\"stic_Registrations\",\"sort\":\"sortable\",\"sortpriority\":\"\",\"width\":\"100\",\"jointype\":\"optional\",\"sqlfunction\":\"-\",\"summaryfunction\":\"\",\"customsqlfunction\":\"\",\"valuetype\":\"\",\"groupby\":\"no\",\"link\":\"no\",\"editable\":\"\",\"fixedvalue\":\"\",\"assigntovalue\":\"\",\"formulavalue\":\"\",\"formulasequence\":\"\",\"widget\":\"\",\"overridetype\":\"\",\"overridealignment\":\"\"}]', NULL, NULL);
