-- Plantillas de notificaciones para el módulo de ofertas laborales y candidaturas
REPLACE INTO email_templates (id,date_entered,date_modified,modified_user_id,created_by,published,name,description,subject,body,body_html,deleted,assigned_user_id,text_only,`type`) VALUES
	 -- Oferta laboral - Notificación - Cierre vencido y estado no cerrado
	('d3c1d5b7-f8d2-4df4-9f6b-2c63aa6b8e41', NOW(), NOW(), '1', '1', NULL, 'Notificación - Oferta con cierre vencido sin estado cerrada', 'Plantilla para notificar al responsable que la oferta tiene cierre de candidaturas a ayer y no está en estado cerrada o similar.', 'Revisar oferta laboral: cierre de candidaturas vencido - $stic_job_offers_name', 'Estimado/a $stic_job_offers_assigned_user_name,\r\n\r\nLa oferta laboral $stic_job_offers_name tiene la fecha de cierre de candidaturas vencida (ayer) y actualmente está en estado $stic_job_offers_status.\r\n\r\nPor favor, revisa la oferta y actualiza su estado si corresponde: $sugarurl/index.php?module=stic_Job_Offers&action=DetailView&record=$stic_job_offers_id', '<p>Estimado/a $stic_job_offers_assigned_user_name,</p>\n<p>La oferta laboral <strong>$stic_job_offers_name</strong> tiene la fecha de cierre de candidaturas vencida (ayer) y actualmente está en estado <strong>$stic_job_offers_status</strong>.</p>\n<p>Por favor, <a href="$sugarurl/index.php?module=stic_Job_Offers&action=DetailView&record=$stic_job_offers_id">revisa la oferta</a> y actualiza su estado si corresponde.</p>', 0, '1', 0, 'notification'),
	-- Candidatura Aceptada - Usuario asignado 
	('1a2d6f10-8e32-4f8a-9a11-3b1b7c2a0001', NOW(), NOW(), '1', '1', NULL, 'Candidatura aceptada - Usuario asignado ', 'Notifica al usuario asignado cuando una candidatura pasa a Aceptada, con enlace al CRM.', 'Candidatura aceptada: $stic_job_applications_stic_job_applications_stic_job_offers_name', 'Estimado/a $stic_job_applications_assigned_user_name,\r\n\r\nLa candidatura de $stic_job_applications_stic_job_applications_contacts_name para la oferta $stic_job_applications_stic_job_applications_stic_job_offers_name ha cambiado a estado Aceptada.\r\n\r\nPuedes revisarla en el CRM: $sugarurl/index.php?module=stic_Job_Applications&action=DetailView&record=$stic_job_applications_id', '<p>Estimado/a $stic_job_applications_assigned_user_name,</p><p>La candidatura de <strong>$stic_job_applications_stic_job_applications_contacts_name</strong> para la oferta <strong>$stic_job_applications_stic_job_applications_stic_job_offers_name</strong> ha cambiado a estado <strong>Aceptada</strong>.</p><p>Puedes revisarla en el CRM: <a href="$sugarurl/index.php?module=stic_Job_Applications&action=DetailView&record=$stic_job_applications_id">Abrir candidatura en CRM</a>.</p>', 0, '1', 0, 'notification'),
	-- Candidatura Aceptada - Candidato 
	('1a2d6f10-8e32-4f8a-9a11-3b1b7c2a0002', NOW(), NOW(), '1', '1', NULL, 'Candidatura aceptada - Candidato ', 'Notifica al candidato cuando su candidatura pasa a Aceptada, con enlace al área privada.', 'Tu candidatura ha sido aceptada: $stic_job_applications_stic_job_applications_stic_job_offers_name', 'Estimado/a $stic_job_applications_stic_job_applications_contacts_name:\r\n\r\nNos complace informarte de que tu candidatura para la oferta $stic_job_applications_stic_job_applications_stic_job_offers_name ha pasado a estado Aceptada.\r\n\r\nPuedes consultar el detalle en tu área privada: $portal_address/?internalpage=single_stic_job_applications&action=detail&id=$stic_job_applications_id', '<p>Estimado/a $stic_job_applications_stic_job_applications_contacts_name:</p><p>Nos complace informarte de que tu candidatura para la oferta <strong>$stic_job_applications_stic_job_applications_stic_job_offers_name</strong> ha pasado a estado <strong>Aceptada</strong>.</p><p>Puedes consultar el detalle en tu área privada: <a href="$portal_address/?internalpage=single_stic_job_applications&action=detail&id=$stic_job_applications_id">Acceder al área privada</a>.</p>', 0, '1', 0, 'notification'),
	-- Candidatura Aceptada - Organización 
	('1a2d6f10-8e32-4f8a-9a11-3b1b7c2a0003', NOW(), NOW(), '1', '1', NULL, 'Candidatura aceptada - Organización ', 'Notifica a la organización cuando una candidatura pasa a Aceptada, con enlace al área privada.', 'Candidatura aceptada en oferta: $stic_job_applications_stic_job_applications_stic_job_offers_name', 'Estimado/a $stic_job_applications_account,\r\n\r\nLa candidatura de $stic_job_applications_stic_job_applications_contacts_name para la oferta $stic_job_applications_stic_job_applications_stic_job_offers_name ha pasado a estado Aceptada.\r\n\r\nPuedes verlo en el área privada: $portal_address/?internalpage=single_stic_job_applications&action=detail&id=$stic_job_applications_id', '<p>Estimado/a $stic_job_applications_account,</p><p>La candidatura de <strong>$stic_job_applications_stic_job_applications_contacts_name</strong> para la oferta <strong>$stic_job_applications_stic_job_applications_stic_job_offers_name</strong> ha pasado a estado <strong>Aceptada</strong>.</p><p>Puedes verlo en el área privada: <a href="$portal_address/?internalpage=single_stic_job_applications&action=detail&id=$stic_job_applications_id">Acceder al área privada</a>.</p>', 0, '1', 0, 'notification'),
	-- Candidatura Rechazada o cerrada - Usuario asignado 
	('1a2d6f10-8e32-4f8a-9a11-3b1b7c2a0004', NOW(), NOW(), '1', '1', NULL, 'Candidatura rechazada/cerrada - Usuario asignado ', 'Notifica al usuario asignado cuando una candidatura pasa a Rechazada o cerrada, con enlace al CRM.', 'Candidatura rechazada o cerrada: $stic_job_applications_stic_job_applications_stic_job_offers_name', 'Estimado/a $stic_job_applications_assigned_user_name,\r\n\r\nLa candidatura de $stic_job_applications_stic_job_applications_contacts_name para la oferta $stic_job_applications_stic_job_applications_stic_job_offers_name ha cambiado a estado Rechazada o cerrada.\r\n\r\nPuede acceder en detalle:: $sugarurl/index.php?module=stic_Job_Applications&action=DetailView&record=$stic_job_applications_id', '<p>Estimado/a $stic_job_applications_assigned_user_name,</p><p>La candidatura de <strong>$stic_job_applications_stic_job_applications_contacts_name</strong> para la oferta <strong>$stic_job_applications_stic_job_applications_stic_job_offers_name</strong> ha cambiado a estado <strong>Rechazada o cerrada</strong>.</p><p>Puede acceder en detalle:: <a href="$sugarurl/index.php?module=stic_Job_Applications&action=DetailView&record=$stic_job_applications_id">Abrir candidatura en CRM</a>.</p>', 0, '1', 0, 'notification'),
	-- Candidatura Rechazada o cerrada - Candidato 
	('1a2d6f10-8e32-4f8a-9a11-3b1b7c2a0005', NOW(), NOW(), '1', '1', NULL, 'Candidatura rechazada/cerrada - Candidato ', 'Notifica al candidato cuando su candidatura pasa a Rechazada o cerrada, con enlace al área privada.', 'Actualización de tu candidatura: $stic_job_applications_stic_job_applications_stic_job_offers_name', 'Estimado/a $stic_job_applications_stic_job_applications_contacts_name:\r\n\r\nTu candidatura para la oferta $stic_job_applications_stic_job_applications_stic_job_offers_name ha cambiado a estado Rechazada o cerrada.\r\n\r\nPuedes consultar el detalle en tu área privada: $portal_address/?internalpage=single_stic_job_applications&action=detail&id=$stic_job_applications_id', '<p>Estimado/a $stic_job_applications_stic_job_applications_contacts_name:</p><p>Tu candidatura para la oferta <strong>$stic_job_applications_stic_job_applications_stic_job_offers_name</strong> ha cambiado a estado <strong>Rechazada o cerrada</strong>.</p><p>Puedes consultar el detalle en tu área privada: <a href="$portal_address/?internalpage=single_stic_job_applications&action=detail&id=$stic_job_applications_id">Acceder al área privada</a>.</p>', 0, '1', 0, 'notification'),
	-- Candidatura Rechazada o cerrada - Organización 
	('1a2d6f10-8e32-4f8a-9a11-3b1b7c2a0006', NOW(), NOW(), '1', '1', NULL, 'Candidatura rechazada/cerrada - Organización ', 'Notifica a la organización cuando una candidatura pasa a Rechazada o cerrada, con enlace al área privada.', 'Candidatura rechazada o cerrada en oferta: $stic_job_applications_stic_job_applications_stic_job_offers_name', 'Estimado/a $stic_job_applications_account,\r\n\r\nLa candidatura de $stic_job_applications_stic_job_applications_contacts_name para la oferta $stic_job_applications_stic_job_applications_stic_job_offers_name ha cambiado a estado Rechazada o cerrada.\r\n\r\nPuedes verlo en el área privada: $portal_address/?internalpage=single_stic_job_applications&action=detail&id=$stic_job_applications_id', '<p>Estimado/a $stic_job_applications_account,</p><p>La candidatura de <strong>$stic_job_applications_stic_job_applications_contacts_name</strong> para la oferta <strong>$stic_job_applications_stic_job_applications_stic_job_offers_name</strong> ha cambiado a estado <strong>Rechazada o cerrada</strong>.</p><p>Puedes verlo en el área privada: <a href="$portal_address/?internalpage=single_stic_job_applications&action=detail&id=$stic_job_applications_id">Acceder al área privada</a>.</p>', 0, '1', 0, 'notification'),
	-- Candidatura Otros estados - Usuario asignado 
	('1a2d6f10-8e32-4f8a-9a11-3b1b7c2a0007', NOW(), NOW(), '1', '1', NULL, 'Candidatura otros estados - Usuario asignado ', 'Notifica al usuario asignado cuando una candidatura pasa a otros estados, con enlace al CRM.', 'Cambio de estado de candidatura: $stic_job_applications_stic_job_applications_stic_job_offers_name', 'Estimado/a $stic_job_applications_assigned_user_name,\r\n\r\nLa candidatura de $stic_job_applications_stic_job_applications_contacts_name para la oferta $stic_job_applications_stic_job_applications_stic_job_offers_name ha cambiado a estado $stic_job_applications_status.\r\n\r\nPuede acceder en detalle:: $sugarurl/index.php?module=stic_Job_Applications&action=DetailView&record=$stic_job_applications_id', '<p>Estimado/a $stic_job_applications_assigned_user_name,</p><p>La candidatura de <strong>$stic_job_applications_stic_job_applications_contacts_name</strong> para la oferta <strong>$stic_job_applications_stic_job_applications_stic_job_offers_name</strong> ha cambiado a estado <strong>$stic_job_applications_status</strong>.</p><p>Puede acceder en detalle:: <a href="$sugarurl/index.php?module=stic_Job_Applications&action=DetailView&record=$stic_job_applications_id">Abrir candidatura en CRM</a>.</p>', 0, '1', 0, 'notification'),
	-- Candidatura Otros estados - Candidato 
	('1a2d6f10-8e32-4f8a-9a11-3b1b7c2a0008', NOW(), NOW(), '1', '1', NULL, 'Candidatura otros estados - Candidato ', 'Notifica al candidato cuando su candidatura pasa a otros estados, con enlace al área privada.', 'Cambio de estado de tu candidatura: $stic_job_applications_stic_job_applications_stic_job_offers_name', 'Estimado/a $stic_job_applications_stic_job_applications_contacts_name:\r\n\r\nTu candidatura para la oferta $stic_job_applications_stic_job_applications_stic_job_offers_name ha cambiado a estado $stic_job_applications_status.\r\n\r\nPuedes consultar el detalle en tu área privada: $portal_address/?internalpage=single_stic_job_applications&action=detail&id=$stic_job_applications_id', '<p>Estimado/a $stic_job_applications_stic_job_applications_contacts_name:</p><p>Tu candidatura para la oferta <strong>$stic_job_applications_stic_job_applications_stic_job_offers_name</strong> ha cambiado a estado <strong>$stic_job_applications_status</strong>.</p><p>Puedes consultar el detalle en tu área privada: <a href="$portal_address/?internalpage=single_stic_job_applications&action=detail&id=$stic_job_applications_id">Acceder al área privada</a>.</p>', 0, '1', 0, 'notification'),
	-- Candidatura Otros estados - Organización 
	('1a2d6f10-8e32-4f8a-9a11-3b1b7c2a0009', NOW(), NOW(), '1', '1', NULL, 'Candidatura otros estados - Organización ', 'Notifica a la organización cuando una candidatura pasa a otros estados, con enlace al área privada.', 'Cambio de estado de candidatura en oferta: $stic_job_applications_stic_job_applications_stic_job_offers_name', 'Estimado/a $stic_job_applications_account,\r\n\r\nLa candidatura de $stic_job_applications_stic_job_applications_contacts_name para la oferta $stic_job_applications_stic_job_applications_stic_job_offers_name ha cambiado a estado $stic_job_applications_status.\r\n\r\nPuedes verlo en el área privada: $portal_address/?internalpage=single_stic_job_applications&action=detail&id=$stic_job_applications_id', '<p>Estimado/a $stic_job_applications_account,</p><p>La candidatura de <strong>$stic_job_applications_stic_job_applications_contacts_name</strong> para la oferta <strong>$stic_job_applications_stic_job_applications_stic_job_offers_name</strong> ha cambiado a estado <strong>$stic_job_applications_status</strong>.</p><p>Puedes verlo en el área privada: <a href="$portal_address/?internalpage=single_stic_job_applications&action=detail&id=$stic_job_applications_id">Acceder al área privada</a>.</p>', 0, '1', 0, 'notification'),
	-- Oferta - Cambio de estado - Usuario asignado 
	('1a2d6f10-8e32-4f8a-9a11-3b1b7c2a0010', NOW(), NOW(), '1', '1', NULL, 'Oferta cambio de estado - Usuario asignado ', 'Notifica al usuario asignado cuando cambia el estado de una oferta, con enlace al CRM.', 'Cambio de estado de oferta: $stic_job_offers_name', 'Estimado/a $stic_job_offers_assigned_user_name,\r\n\r\nLa oferta $stic_job_offers_name ha cambiado a estado $stic_job_offers_status.\r\n\r\nPuede acceder en detalle:: $sugarurl/index.php?module=stic_Job_Offers&action=DetailView&record=$stic_job_offers_id', '<p>Estimado/a $stic_job_offers_assigned_user_name,</p><p>La oferta <strong>$stic_job_offers_name</strong> ha cambiado a estado <strong>$stic_job_offers_status</strong>.</p><p>Puede acceder en detalle:: <a href="$sugarurl/index.php?module=stic_Job_Offers&action=DetailView&record=$stic_job_offers_id">Abrir oferta en CRM</a>.</p>', 0, '1', 0, 'notification'),
	-- Oferta - Cambio de estado - Candidatos 
	('1a2d6f10-8e32-4f8a-9a11-3b1b7c2a0011', NOW(), NOW(), '1', '1', NULL, 'Oferta cambio de estado - Candidatos ', 'Notifica a candidatos un cambio de estado de oferta, con enlace al área privada.', 'Actualización de la oferta: $stic_job_offers_name', 'Estimado/a:\r\n\r\nLa oferta $stic_job_offers_name ha cambiado de estado a $stic_job_offers_status.\r\n\r\nPuedes consultar la oferta en el área privada: $portal_address/?internalpage=single_stic_job_offers&action=detail&id=$stic_job_offers_id', '<p>Estimado/a:</p><p>La oferta <strong>$stic_job_offers_name</strong> ha cambiado de estado a <strong>$stic_job_offers_status</strong>.</p><p>Puedes consultar la oferta en el área privada: <a href="$portal_address/?internalpage=single_stic_job_offers&action=detail&id=$stic_job_offers_id">Ver oferta en área privada</a>.</p>', 0, '1', 0, 'notification'),
	-- Oferta - Cambio de estado - Organización 
	('1a2d6f10-8e32-4f8a-9a11-3b1b7c2a0012', NOW(), NOW(), '1', '1', NULL, 'Oferta cambio de estado - Organización ', 'Notifica a la organización un cambio de estado de oferta, con enlace al área privada.', 'Cambio de estado de oferta: $stic_job_offers_name', 'Estimado/a $stic_job_offers_stic_job_offers_accounts_name,\r\n\r\nLa oferta $stic_job_offers_name ha cambiado de estado a $stic_job_offers_status.\r\n\r\nPuedes revisarla en el área privada: $portal_address/?internalpage=single_stic_job_offers&action=detail&id=$stic_job_offers_id', '<p>Estimado/a $stic_job_offers_stic_job_offers_accounts_name,</p><p>La oferta <strong>$stic_job_offers_name</strong> ha cambiado de estado a <strong>$stic_job_offers_status</strong>.</p><p>Puedes revisarla en el área privada: <a href="$portal_address/?internalpage=single_stic_job_offers&action=detail&id=$stic_job_offers_id">Ver oferta en área privada</a>.</p>', 0, '1', 0, 'notification');

-- Candidaturas - Notificación - Estado Aceptada
REPLACE INTO aow_workflow (id, name, date_entered, date_modified, modified_user_id, created_by, description, deleted, assigned_user_id, flow_module, flow_run_on, status, run_when, multiple_runs, run_on_import) VALUES
('00000190-75e4-3e38-5f8f-69a82fb83c15', 'Candidaturas - Notificación - Estado Aceptada', NOW(), NOW(), '1', '1', 'Flujo de trabajo que envía una notificación al contacto cuando ha cambiado su candidatura a Aceptada', 0, '1', 'stic_Job_Applications', 'All_Records', 'Inactive', 'Always', 1, 0);
REPLACE INTO aow_conditions (id, name, date_entered, date_modified, modified_user_id, created_by, description, deleted, aow_workflow_id, condition_order, module_path, field, operator, value_type, value) VALUES
('000003b6-1b3f-4bc3-b4f5-69a82f8345f3', '', NOW(), NOW(), '1', '1', NULL, 0, '00000190-75e4-3e38-5f8f-69a82fb83c15', 1, 'YToxOntpOjA7czoyMToic3RpY19Kb2JfQXBwbGljYXRpb25zIjt9', 'status', 'Equal_To', 'Value', 'accepted'),
('00000f10-1111-2222-3333-69a82fb83c15', '', NOW(), NOW(), '1', '1', NULL, 0, '00000190-75e4-3e38-5f8f-69a82fb83c15', 2, 'YToxOntpOjA7czoyMToic3RpY19Kb2JfQXBwbGljYXRpb25zIjt9', 'status', 'Equal_To', 'Any_Change', NULL);
REPLACE INTO aow_actions (id, name, date_entered, date_modified, modified_user_id, created_by, description, deleted, aow_workflow_id, action_order, action, parameters) VALUES
('000009bf-d247-6e61-ac71-69a82f5103df', 'Acción Envío notificación - Estado Aceptada (usuario asignado)', NOW(), NOW(), '1', '1', NULL, 0, '00000190-75e4-3e38-5f8f-69a82fb83c15', 1, 'SendEmail', 'YToxMDp7czoxNjoiaW5kaXZpZHVhbF9lbWFpbCI7czoxOiIxIjtzOjE0OiJlbWFpbF90ZW1wbGF0ZSI7czozNjoiMWEyZDZmMTAtOGUzMi00ZjhhLTlhMTEtM2IxYjdjMmEwMDAxIjtzOjExOiJvdXRwdXRfc210cCI7czo2OiJzeXN0ZW0iO3M6MTU6ImZyb21fZW1haWxfbmFtZSI7czowOiIiO3M6MTg6ImZyb21fZW1haWxfYWRkcmVzcyI7czowOiIiO3M6MTM6InJlcGx5X3RvX25hbWUiO3M6MDoiIjtzOjg6InJlcGx5X3RvIjtzOjA6IiI7czoxMzoiZW1haWxfdG9fdHlwZSI7YToyOntpOjA7czoyOiJ0byI7aToxO3M6MjoiY2MiO31zOjE3OiJlbWFpbF90YXJnZXRfdHlwZSI7YToxOntpOjA7czoxMzoiUmVsYXRlZCBGaWVsZCI7fXM6NToiZW1haWwiO2E6MTp7aTowO3M6MTg6ImFzc2lnbmVkX3VzZXJfbGluayI7fX0='),
('000009c1-d247-6e61-ac71-69a82f5103d1', 'Acción Envío notificación - Estado Aceptada (candidato)', NOW(), NOW(), '1', '1', NULL, 0, '00000190-75e4-3e38-5f8f-69a82fb83c15', 2, 'SendEmail', 'YToxMDp7czoxNjoiaW5kaXZpZHVhbF9lbWFpbCI7czoxOiIxIjtzOjE0OiJlbWFpbF90ZW1wbGF0ZSI7czozNjoiMWEyZDZmMTAtOGUzMi00ZjhhLTlhMTEtM2IxYjdjMmEwMDAyIjtzOjExOiJvdXRwdXRfc210cCI7czo2OiJzeXN0ZW0iO3M6MTU6ImZyb21fZW1haWxfbmFtZSI7czowOiIiO3M6MTg6ImZyb21fZW1haWxfYWRkcmVzcyI7czowOiIiO3M6MTM6InJlcGx5X3RvX25hbWUiO3M6MDoiIjtzOjg6InJlcGx5X3RvIjtzOjA6IiI7czoxMzoiZW1haWxfdG9fdHlwZSI7YToyOntpOjA7czoyOiJ0byI7aToxO3M6MjoiY2MiO31zOjE3OiJlbWFpbF90YXJnZXRfdHlwZSI7YToxOntpOjA7czoxMzoiUmVsYXRlZCBGaWVsZCI7fXM6NToiZW1haWwiO2E6MTp7aTowO3M6MzA6InN0aWNfam9iX2FwcGxpY2F0aW9uc19jb250YWN0cyI7fX0='),
('000009c2-d247-6e61-ac71-69a82f5103d2', 'Acción Envío notificación - Estado Aceptada (organización)', NOW(), NOW(), '1', '1', NULL, 0, '00000190-75e4-3e38-5f8f-69a82fb83c15', 3, 'SendEmail', 'YToxMDp7czoxNjoiaW5kaXZpZHVhbF9lbWFpbCI7czoxOiIxIjtzOjE0OiJlbWFpbF90ZW1wbGF0ZSI7czozNjoiMWEyZDZmMTAtOGUzMi00ZjhhLTlhMTEtM2IxYjdjMmEwMDAzIjtzOjExOiJvdXRwdXRfc210cCI7czo2OiJzeXN0ZW0iO3M6MTU6ImZyb21fZW1haWxfbmFtZSI7czowOiIiO3M6MTg6ImZyb21fZW1haWxfYWRkcmVzcyI7czowOiIiO3M6MTM6InJlcGx5X3RvX25hbWUiO3M6MDoiIjtzOjg6InJlcGx5X3RvIjtzOjA6IiI7czoxMzoiZW1haWxfdG9fdHlwZSI7YToyOntpOjA7czoyOiJ0byI7aToxO3M6MjoiY2MiO31zOjE3OiJlbWFpbF90YXJnZXRfdHlwZSI7YToxOntpOjA7czoxMzoiUmVsYXRlZCBGaWVsZCI7fXM6NToiZW1haWwiO2E6MTp7aTowO3M6NzoiYWNjb3VudCI7fX0=');

-- Candidaturas - Notificación - Estado Rechazada o cerrada
REPLACE INTO aow_workflow (id, name, date_entered, date_modified, modified_user_id, created_by, description, deleted, assigned_user_id, flow_module, flow_run_on, status, run_when, multiple_runs, run_on_import) VALUES
('00000ace-02d2-2425-107e-69a82a9eacb5', 'Candidaturas - Notificación - Estado Rechazada o cerrada', NOW(), NOW(), '1', '1', 'Flujo de trabajo que envía una notificación al contacto cuando ha cambiado su candidatura a Rechazada o cerrada', 0, '1', 'stic_Job_Applications', 'All_Records', 'Inactive', 'Always', 1, 0);
REPLACE INTO aow_conditions (id, name, date_entered, date_modified, modified_user_id, created_by, description, deleted, aow_workflow_id, condition_order, module_path, field, operator, value_type, value) VALUES
('000001a5-41d3-7d65-fe58-69a82a22be9d', '', NOW(), NOW(), '1', '1', NULL, 0, '00000ace-02d2-2425-107e-69a82a9eacb5', 1, 'YToxOntpOjA7czoyMToic3RpY19Kb2JfQXBwbGljYXRpb25zIjt9', 'status', 'Equal_To', 'Value', 'rejected_closed'),
('00000f11-1111-2222-3333-69a82a9eacb5', '', NOW(), NOW(), '1', '1', NULL, 0, '00000ace-02d2-2425-107e-69a82a9eacb5', 2, 'YToxOntpOjA7czoyMToic3RpY19Kb2JfQXBwbGljYXRpb25zIjt9', 'status', 'Equal_To', 'Any_Change', NULL);
REPLACE INTO aow_actions (id, name, date_entered, date_modified, modified_user_id, created_by, description, deleted, aow_workflow_id, action_order, action, parameters) VALUES
('00000b52-cd9a-161e-c7d1-69a82a27d7fb', 'Acción Envío notificación - Estado Rechazada o cerrada (usuario asignado)', NOW(), NOW(), '1', '1', NULL, 0, '00000ace-02d2-2425-107e-69a82a9eacb5', 1, 'SendEmail', 'YToxMDp7czoxNjoiaW5kaXZpZHVhbF9lbWFpbCI7czoxOiIxIjtzOjE0OiJlbWFpbF90ZW1wbGF0ZSI7czozNjoiMWEyZDZmMTAtOGUzMi00ZjhhLTlhMTEtM2IxYjdjMmEwMDA0IjtzOjExOiJvdXRwdXRfc210cCI7czo2OiJzeXN0ZW0iO3M6MTU6ImZyb21fZW1haWxfbmFtZSI7czowOiIiO3M6MTg6ImZyb21fZW1haWxfYWRkcmVzcyI7czowOiIiO3M6MTM6InJlcGx5X3RvX25hbWUiO3M6MDoiIjtzOjg6InJlcGx5X3RvIjtzOjA6IiI7czoxMzoiZW1haWxfdG9fdHlwZSI7YToyOntpOjA7czoyOiJ0byI7aToxO3M6MjoiY2MiO31zOjE3OiJlbWFpbF90YXJnZXRfdHlwZSI7YToxOntpOjA7czoxMzoiUmVsYXRlZCBGaWVsZCI7fXM6NToiZW1haWwiO2E6MTp7aTowO3M6MTg6ImFzc2lnbmVkX3VzZXJfbGluayI7fX0='),
('00000b53-cd9a-161e-c7d1-69a82a27d7f1', 'Acción Envío notificación - Estado Rechazada o cerrada (candidato)', NOW(), NOW(), '1', '1', NULL, 0, '00000ace-02d2-2425-107e-69a82a9eacb5', 2, 'SendEmail', 'YToxMDp7czoxNjoiaW5kaXZpZHVhbF9lbWFpbCI7czoxOiIxIjtzOjE0OiJlbWFpbF90ZW1wbGF0ZSI7czozNjoiMWEyZDZmMTAtOGUzMi00ZjhhLTlhMTEtM2IxYjdjMmEwMDA1IjtzOjExOiJvdXRwdXRfc210cCI7czo2OiJzeXN0ZW0iO3M6MTU6ImZyb21fZW1haWxfbmFtZSI7czowOiIiO3M6MTg6ImZyb21fZW1haWxfYWRkcmVzcyI7czowOiIiO3M6MTM6InJlcGx5X3RvX25hbWUiO3M6MDoiIjtzOjg6InJlcGx5X3RvIjtzOjA6IiI7czoxMzoiZW1haWxfdG9fdHlwZSI7YToyOntpOjA7czoyOiJ0byI7aToxO3M6MjoiY2MiO31zOjE3OiJlbWFpbF90YXJnZXRfdHlwZSI7YToxOntpOjA7czoxMzoiUmVsYXRlZCBGaWVsZCI7fXM6NToiZW1haWwiO2E6MTp7aTowO3M6MzA6InN0aWNfam9iX2FwcGxpY2F0aW9uc19jb250YWN0cyI7fX0='),
('00000b54-cd9a-161e-c7d1-69a82a27d7f2', 'Acción Envío notificación - Estado Rechazada o cerrada (organización)', NOW(), NOW(), '1', '1', NULL, 0, '00000ace-02d2-2425-107e-69a82a9eacb5', 3, 'SendEmail', 'YToxMDp7czoxNjoiaW5kaXZpZHVhbF9lbWFpbCI7czoxOiIxIjtzOjE0OiJlbWFpbF90ZW1wbGF0ZSI7czozNjoiMWEyZDZmMTAtOGUzMi00ZjhhLTlhMTEtM2IxYjdjMmEwMDA2IjtzOjExOiJvdXRwdXRfc210cCI7czo2OiJzeXN0ZW0iO3M6MTU6ImZyb21fZW1haWxfbmFtZSI7czowOiIiO3M6MTg6ImZyb21fZW1haWxfYWRkcmVzcyI7czowOiIiO3M6MTM6InJlcGx5X3RvX25hbWUiO3M6MDoiIjtzOjg6InJlcGx5X3RvIjtzOjA6IiI7czoxMzoiZW1haWxfdG9fdHlwZSI7YToyOntpOjA7czoyOiJ0byI7aToxO3M6MjoiY2MiO31zOjE3OiJlbWFpbF90YXJnZXRfdHlwZSI7YToxOntpOjA7czoxMzoiUmVsYXRlZCBGaWVsZCI7fXM6NToiZW1haWwiO2E6MTp7aTowO3M6NzoiYWNjb3VudCI7fX0=');

-- Candidaturas - Notificación - Otros Estados
REPLACE INTO aow_workflow (id, name, date_entered, date_modified, modified_user_id, created_by, description, deleted, assigned_user_id, flow_module, flow_run_on, status, run_when, multiple_runs, run_on_import) VALUES
('00000174-497a-ef41-5ae8-69a830ec33ce', 'Candidaturas - Notificación - Otros estados', NOW(), NOW(), '1', '1', 'Flujo de trabajo que envía una notificación al contacto cuando ha cambiado su candidatura a otros estados que no sean ni Aceptada ni Rechazada o cerrada', 0, '1', 'stic_Job_Applications', 'All_Records', 'Inactive', 'Always', 1, 0);
REPLACE INTO aow_conditions (id, name, date_entered, date_modified, modified_user_id, created_by, description, deleted, aow_workflow_id, condition_order, module_path, field, operator, value_type, value) VALUES
('0000033d-8ae0-fe4a-64ba-69a830439caf', '', NOW(), NOW(), '1', '1', NULL, 0, '00000174-497a-ef41-5ae8-69a830ec33ce', 1, 'YToxOntpOjA7czoyMToic3RpY19Kb2JfQXBwbGljYXRpb25zIjt9', 'status', 'Equal_To', 'Multi', '^expected_presentation^,^presented^,^pending_interview^,^interviewed^,^review^'),
('00000f12-1111-2222-3333-69a830ec33ce', '', NOW(), NOW(), '1', '1', NULL, 0, '00000174-497a-ef41-5ae8-69a830ec33ce', 2, 'YToxOntpOjA7czoyMToic3RpY19Kb2JfQXBwbGljYXRpb25zIjt9', 'status', 'Equal_To', 'Any_Change', NULL);
REPLACE INTO aow_actions (id, name, date_entered, date_modified, modified_user_id, created_by, description, deleted, aow_workflow_id, action_order, action, parameters) VALUES
('00000b79-f2fc-034b-4bb2-69a830fb223b', 'Acción Envío notificación - Otros estados (usuario asignado)', NOW(), NOW(), '1', '1', NULL, 0, '00000174-497a-ef41-5ae8-69a830ec33ce', 1, 'SendEmail', 'YToxMDp7czoxNjoiaW5kaXZpZHVhbF9lbWFpbCI7czoxOiIxIjtzOjE0OiJlbWFpbF90ZW1wbGF0ZSI7czozNjoiMWEyZDZmMTAtOGUzMi00ZjhhLTlhMTEtM2IxYjdjMmEwMDA3IjtzOjExOiJvdXRwdXRfc210cCI7czo2OiJzeXN0ZW0iO3M6MTU6ImZyb21fZW1haWxfbmFtZSI7czowOiIiO3M6MTg6ImZyb21fZW1haWxfYWRkcmVzcyI7czowOiIiO3M6MTM6InJlcGx5X3RvX25hbWUiO3M6MDoiIjtzOjg6InJlcGx5X3RvIjtzOjA6IiI7czoxMzoiZW1haWxfdG9fdHlwZSI7YToyOntpOjA7czoyOiJ0byI7aToxO3M6MjoiY2MiO31zOjE3OiJlbWFpbF90YXJnZXRfdHlwZSI7YToxOntpOjA7czoxMzoiUmVsYXRlZCBGaWVsZCI7fXM6NToiZW1haWwiO2E6MTp7aTowO3M6MTg6ImFzc2lnbmVkX3VzZXJfbGluayI7fX0='),
('00000b80-f2fc-034b-4bb2-69a830fb2240', 'Acción Envío notificación - Otros estados (candidato)', NOW(), NOW(), '1', '1', NULL, 0, '00000174-497a-ef41-5ae8-69a830ec33ce', 2, 'SendEmail', 'YToxMDp7czoxNjoiaW5kaXZpZHVhbF9lbWFpbCI7czoxOiIxIjtzOjE0OiJlbWFpbF90ZW1wbGF0ZSI7czozNjoiMWEyZDZmMTAtOGUzMi00ZjhhLTlhMTEtM2IxYjdjMmEwMDA4IjtzOjExOiJvdXRwdXRfc210cCI7czo2OiJzeXN0ZW0iO3M6MTU6ImZyb21fZW1haWxfbmFtZSI7czowOiIiO3M6MTg6ImZyb21fZW1haWxfYWRkcmVzcyI7czowOiIiO3M6MTM6InJlcGx5X3RvX25hbWUiO3M6MDoiIjtzOjg6InJlcGx5X3RvIjtzOjA6IiI7czoxMzoiZW1haWxfdG9fdHlwZSI7YToyOntpOjA7czoyOiJ0byI7aToxO3M6MjoiY2MiO31zOjE3OiJlbWFpbF90YXJnZXRfdHlwZSI7YToxOntpOjA7czoxMzoiUmVsYXRlZCBGaWVsZCI7fXM6NToiZW1haWwiO2E6MTp7aTowO3M6MzA6InN0aWNfam9iX2FwcGxpY2F0aW9uc19jb250YWN0cyI7fX0='),
('00000b81-f2fc-034b-4bb2-69a830fb2241', 'Acción Envío notificación - Otros estados (organización)', NOW(), NOW(), '1', '1', NULL, 0, '00000174-497a-ef41-5ae8-69a830ec33ce', 3, 'SendEmail', 'YToxMDp7czoxNjoiaW5kaXZpZHVhbF9lbWFpbCI7czoxOiIxIjtzOjE0OiJlbWFpbF90ZW1wbGF0ZSI7czozNjoiMWEyZDZmMTAtOGUzMi00ZjhhLTlhMTEtM2IxYjdjMmEwMDA5IjtzOjExOiJvdXRwdXRfc210cCI7czo2OiJzeXN0ZW0iO3M6MTU6ImZyb21fZW1haWxfbmFtZSI7czowOiIiO3M6MTg6ImZyb21fZW1haWxfYWRkcmVzcyI7czowOiIiO3M6MTM6InJlcGx5X3RvX25hbWUiO3M6MDoiIjtzOjg6InJlcGx5X3RvIjtzOjA6IiI7czoxMzoiZW1haWxfdG9fdHlwZSI7YToyOntpOjA7czoyOiJ0byI7aToxO3M6MjoiY2MiO31zOjE3OiJlbWFpbF90YXJnZXRfdHlwZSI7YToxOntpOjA7czoxMzoiUmVsYXRlZCBGaWVsZCI7fXM6NToiZW1haWwiO2E6MTp7aTowO3M6NzoiYWNjb3VudCI7fX0=');

-- Ofertas Laborales - Notificación - Fecha de cierre vencida sin estado cerrada
REPLACE INTO aow_workflow (id, name, date_entered, date_modified, modified_user_id, created_by, description, deleted, assigned_user_id, flow_module, flow_run_on, status, run_when, multiple_runs, run_on_import) VALUES
('000009c0-3302-dbf2-c1b7-69a850a8b6d5', 'Ofertas laborales - Notificación - Fecha de cierre', NOW(), NOW(), '1', '1', 'Flujo de trabajo que envía una notificación al usuario asignado cuando la fecha de cierre en una oferta sea el día anterior y no tenga de estado Cerrada.', 0, '1', 'stic_Job_Offers', 'All_Records', 'Inactive', 'Always', 1, 0);
REPLACE INTO aow_conditions (id, name, date_entered, date_modified, modified_user_id, created_by, description, deleted, aow_workflow_id, condition_order, module_path, field, operator, value_type, value) VALUES
('000000cd-0341-b540-66b5-69a8502ff15d', '', NOW(), NOW(), '1', '1', NULL, 0, '000009c0-3302-dbf2-c1b7-69a850a8b6d5', 3, 'YToxOntpOjA7czoxNToic3RpY19Kb2JfT2ZmZXJzIjt9', 'responsible', 'Not_Equal_To', 'Value', NULL),
('000002a2-0646-1de2-e72c-69a85088e3cf', '', NOW(), NOW(), '1', '1', NULL, 0, '000009c0-3302-dbf2-c1b7-69a850a8b6d5', 1, 'YToxOntpOjA7czoxNToic3RpY19Kb2JfT2ZmZXJzIjt9', 'applications_end_date', 'Equal_To', 'Date', 'YTo0OntpOjA7czo1OiJ0b2RheSI7aToxO3M6NToibWludXMiO2k6MjtzOjE6IjEiO2k6MztzOjM6ImRheSI7fQ=='),
('000003b5-2bb2-8999-84b6-69a850918ce2', '', NOW(), NOW(), '1', '1', NULL, 0, '000009c0-3302-dbf2-c1b7-69a850a8b6d5', 2, 'YToxOntpOjA7czoxNToic3RpY19Kb2JfT2ZmZXJzIjt9', 'status', 'Not_Equal_To', 'Multi', '^closed_covered^,^closed_partially_covered^,^closed_not_covered^');
REPLACE INTO aow_actions (id, name, date_entered, date_modified, modified_user_id, created_by, description, deleted, aow_workflow_id, action_order, action, parameters) VALUES
('00000727-a7fd-96e4-64fa-69a850c229f5', 'Acción Envío notificación - Fecha de cierre', NOW(), NOW(), '1', '1', NULL, 0, '000009c0-3302-dbf2-c1b7-69a850a8b6d5', 1, 'SendEmail', 'YToxMDp7czoxNjoiaW5kaXZpZHVhbF9lbWFpbCI7czoxOiIwIjtzOjE0OiJlbWFpbF90ZW1wbGF0ZSI7czozNjoiZDNjMWQ1YjctZjhkMi00ZGY0LTlmNmItMmM2M2FhNmI4ZTQxIjtzOjExOiJvdXRwdXRfc210cCI7czo2OiJzeXN0ZW0iO3M6MTU6ImZyb21fZW1haWxfbmFtZSI7czowOiIiO3M6MTg6ImZyb21fZW1haWxfYWRkcmVzcyI7czowOiIiO3M6MTM6InJlcGx5X3RvX25hbWUiO3M6MDoiIjtzOjg6InJlcGx5X3RvIjtzOjA6IiI7czoxMzoiZW1haWxfdG9fdHlwZSI7YToyOntpOjA7czoyOiJ0byI7aToxO3M6MjoiY2MiO31zOjE3OiJlbWFpbF90YXJnZXRfdHlwZSI7YToyOntpOjA7czoxMzoiUmVsYXRlZCBGaWVsZCI7aToxO3M6MTM6IlJlbGF0ZWQgRmllbGQiO31zOjU6ImVtYWlsIjthOjI6e2k6MDtzOjExOiJyZXNwb25zaWJsZSI7aToxO3M6MTg6ImFzc2lnbmVkX3VzZXJfbGluayI7fX0=');
