-- Plantillas de notificaciones para el módulo de ofertas laborales y candidaturas
REPLACE INTO email_templates (id,date_entered,date_modified,modified_user_id,created_by,published,name,description,subject,body,body_html,deleted,assigned_user_id,text_only,`type`) VALUES
	 -- Oferta laboral - Notificación - Cierre vencido y estado no cerrado
	('d3c1d5b7-f8d2-4df4-9f6b-2c63aa6b8e41', NOW(), NOW(), '1', '1', NULL, 'Notificación - Oferta con cierre vencido sin estado cerrada', 'Plantilla para notificar al responsable que la oferta tiene cierre de candidaturas a ayer y no está en estado cerrada o similar.', 'Revisar oferta laboral: cierre de candidaturas vencido - $stic_job_offers_name', 'Estimado/a $stic_job_offers_assigned_user_name,\r\n\r\nLa oferta laboral $stic_job_offers_name tiene la fecha de cierre de candidaturas vencida (ayer) y actualmente está en estado $stic_job_offers_status.\r\n\r\nPor favor, revisa la oferta y actualiza su estado si corresponde: $sugarurl/index.php?module=stic_Job_Offers&action=DetailView&record=$stic_job_offers_id', '<p>Estimado/a $stic_job_offers_assigned_user_name,</p>\n<p>La oferta laboral <strong>$stic_job_offers_name</strong> tiene la fecha de cierre de candidaturas vencida (ayer) y actualmente está en estado <strong>$stic_job_offers_status</strong>.</p>\n<p>Por favor, <a href="$sugarurl/index.php?module=stic_Job_Offers&action=DetailView&record=$stic_job_offers_id">revisa la oferta</a> y actualiza su estado si corresponde.</p>', 0, '1', 0, 'notification'),
	-- Candidatura Aceptada - Usuario asignado 
	('1a2d6f10-8e32-4f8a-9a11-3b1b7c2a0001', NOW(), NOW(), '1', '1', NULL, 'Candidatura aceptada - Usuario asignado ', 'Notifica al usuario asignado cuando una candidatura pasa a Aceptada, con enlace al CRM.', 'Candidatura aceptada: $stic_job_applications_stic_job_applications_stic_job_offers_name', 'Estimado/a $stic_job_applications_assigned_user_name,\r\n\r\nLa candidatura de $stic_job_applications_stic_job_applications_contacts_name para la oferta $stic_job_applications_stic_job_applications_stic_job_offers_name ha cambiado a estado Aceptada.\r\n\r\nPuedes revisarla en el CRM: $sugarurl/index.php?module=stic_Job_Applications&action=DetailView&record=$stic_job_applications_id', '<p>Estimado/a $stic_job_applications_assigned_user_name,</p><p>La candidatura de <strong>$stic_job_applications_stic_job_applications_contacts_name</strong> para la oferta <strong>$stic_job_applications_stic_job_applications_stic_job_offers_name</strong> ha cambiado a estado <strong>Aceptada</strong>.</p><p>Puedes revisarla en el CRM: <a href="$sugarurl/index.php?module=stic_Job_Applications&action=DetailView&record=$stic_job_applications_id">Abrir candidatura en CRM</a>.</p>', 0, '1', 0, 'notification'),
	-- Candidatura Aceptada - Candidato 
	('1a2d6f10-8e32-4f8a-9a11-3b1b7c2a0002', NOW(), NOW(), '1', '1', NULL, 'Candidatura aceptada - Candidato ', 'Notifica al candidato cuando su candidatura pasa a Aceptada, con enlace al área privada.', 'Tu candidatura ha sido aceptada: $stic_job_applications_stic_job_applications_stic_job_offers_name', 'Estimado/a $stic_job_applications_stic_job_applications_contacts_name:\r\n\r\nNos complace informarte de que tu candidatura para la oferta $stic_job_applications_stic_job_applications_stic_job_offers_name ha pasado a estado Aceptada.\r\n\r\nPuedes consultar el detalle en tu área privada: $portal_address/?internalpage=single_stic_job_applications&action=detail&id=$stic_job_applications_id', '<p>Estimado/a $stic_job_applications_stic_job_applications_contacts_name:</p><p>Nos complace informarte de que tu candidatura para la oferta <strong>$stic_job_applications_stic_job_applications_stic_job_offers_name</strong> ha pasado a estado <strong>Aceptada</strong>.</p><p>Puedes consultar el detalle en tu área privada: <a href="$portal_address/?internalpage=single_stic_job_applications&action=detail&id=$stic_job_applications_id">Acceder al área privada</a>.</p>', 0, '1', 0, 'notification'),
	-- Candidatura Aceptada - Organización 
	('1a2d6f10-8e32-4f8a-9a11-3b1b7c2a0003', NOW(), NOW(), '1', '1', NULL, 'Candidatura aceptada - Organización ', 'Notifica a la organización cuando una candidatura pasa a Aceptada, con enlace al área privada.', 'Candidatura aceptada en oferta: $stic_job_applications_stic_job_applications_stic_job_offers_name', 'Estimado/a $stic_job_applications_account,\r\n\r\nLa candidatura de $stic_job_applications_stic_job_applications_contacts_name para la oferta $stic_job_applications_stic_job_applications_stic_job_offers_name ha pasado a estado Aceptada.\r\n\r\nPuedes verlo en el área privada: $portal_address/?internalpage=single_stic_job_applications&action=detail&id=$stic_job_applications_id', '<p>Estimado/a $stic_job_applications_account,</p><p>La candidatura de <strong>$stic_job_applications_stic_job_applications_contacts_name</strong> para la oferta <strong>$stic_job_applications_stic_job_applications_stic_job_offers_name</strong> ha pasado a estado <strong>Aceptada</strong>.</p><p>Puedes verlo en el área privada: <a href="$portal_address/?internalpage=single_stic_job_applications&action=detail&id=$stic_job_applications_id">Acceder al área privada</a>.</p>', 0, '1', 0, 'notification'),
	-- Candidatura Rechazada o cerrada - Usuario asignado 
	('1a2d6f10-8e32-4f8a-9a11-3b1b7c2a0004', NOW(), NOW(), '1', '1', NULL, 'Candidatura rechazada/cerrada - Usuario asignado ', 'Notifica al usuario asignado cuando una candidatura pasa a Rechazada o cerrada, con enlace al CRM.', 'Candidatura rechazada o cerrada: $stic_job_applications_stic_job_applications_stic_job_offers_name', 'Estimado/a $stic_job_applications_assigned_user_name,\r\n\r\nLa candidatura de $stic_job_applications_stic_job_applications_contacts_name para la oferta $stic_job_applications_stic_job_applications_stic_job_offers_name ha cambiado a estado Rechazada o cerrada.\r\n\r\nPuede acceder en detalle:: $sugarurl/index.php?module=stic_Job_Applications&action=DetailView&record=$stic_job_applications_id', '<p>Estimado/a $stic_job_applications_assigned_user_name,</p><p>La candidatura de <strong>$stic_job_applications_stic_job_applications_contacts_name</strong> para la oferta <strong>$stic_job_applications_stic_job_applications_stic_job_offers_name</strong> ha cambiado a estado <strong>Rechazada o cerrada</strong>.</p><p>Puede acceder en detalle:: <a href="$sugarurl/index.php?module=stic_Job_Applications&action=DetailView&record=$stic_job_applications_id">Abrir candidatura en CRM</a>.</p>', 0, '1', 0, 'notification'),
	-- Candidatura Rechazada o cerrada - Candidato 
	('1a2d6f10-8e32-4f8a-9a11-3b1b7c2a0005', NOW(), NOW(), '1', '1', NULL, 'Candidatura rechazada/cerrada - Candidato ', 'Notifica al candidato cuando su candidatura pasa a Rechazada o cerrada, con enlace al área privada.', 'Actualización de tu candidatura: $stic_job_applications_stic_job_applications_stic_job_offers_name', 'Estimado/a $stic_job_applications_stic_job_applications_contacts_name:\r\n\r\nTu candidatura para la oferta $stic_job_applications_stic_job_applications_stic_job_offers_name ha cambiado a estado Rechazada o cerrada.\r\n\r\nPuedes consultar el detalle en tu área privada: $portal_address/?internalpage=single_stic_job_applications&action=detail&id=$stic_job_applications_id', '<p>Estimado/a $stic_job_applications_stic_job_applications_contacts_name:</p><p>Tu candidatura para la oferta <strong>$stic_job_applications_stic_job_applications_stic_job_offers_name</strong> ha cambiado a estado <strong>Rechazada o cerrada</strong>.</p><p>Puedes consultar el detalle en tu área privada: <a href="$portal_address/?internalpage=single_stic_job_applications&action=detail&id=$stic_job_applications_id">Acceder al área privada</a>.</p>', 0, '1', 0, 'notification'),
	-- Candidatura Rechazada o cerrada - Organización 
	('1a2d6f10-8e32-4f8a-9a11-3b1b7c2a0006', NOW(), NOW(), '1', '1', NULL, 'Candidatura rechazada/cerrada - Organización ', 'Notifica a la organización cuando una candidatura pasa a Rechazada o cerrada, con enlace al área privada.', 'Candidatura rechazada o cerrada en oferta: $stic_job_applications_stic_job_applications_stic_job_offers_name', 'Estimado/a $stic_job_applications_account,\r\n\r\nLa candidatura de $stic_job_applications_stic_job_applications_contacts_name para la oferta $stic_job_applications_stic_job_applications_stic_job_offers_name ha cambiado a estado Rechazada o cerrada.\r\n\r\nPuedes verlo en el área privada: $portal_address/?internalpage=single_stic_job_applications&action=detail&id=$stic_job_applications_id', '<p>Estimado/a $stic_job_applications_account,</p><p>La candidatura de <strong>$stic_job_applications_stic_job_applications_contacts_name</strong> para la oferta <strong>$stic_job_applications_stic_job_applications_stic_job_offers_name</strong> ha cambiado a estado <strong>Rechazada o cerrada</strong>.</p><p>Puedes verlo en el área privada: <a href="$portal_address/?internalpage=single_stic_job_applications&action=detail&id=$stic_job_applications_id">Acceder al área privada</a>.</p>', 0, '1', 0, 'notification'),
	-- Candidatura Otros estados - Usuario asignado 
	('1a2d6f10-8e32-4f8a-9a11-3b1b7c2a0007', NOW(), NOW(), '1', '1', NULL, 'Candidatura otros estados - Usuario asignado ', 'Notifica al usuario asignado cuando una candidatura pasa a otros estados, con enlace al CRM.', 'Cambio de estado de candidatura: $stic_job_applications_stic_job_applications_stic_job_offers_name', 'Estimado/a $stic_job_applications_assigned_user_name,\r\n\r\nLa candidatura de $stic_job_applications_stic_job_applications_contacts_name para la oferta $stic_job_applications_stic_job_applications_stic_job_offers_name ha cambiado a estado $stic_job_applications_status.\r\n\r\nPuede acceder en detalle:: $sugarurl/index.php?module=stic_Job_Applications&action=DetailView&record=$stic_job_applications_id', '<p>Estimado/a $stic_job_applications_assigned_user_name,</p><p>La candidatura de <strong>$stic_job_applications_stic_job_applications_contacts_name</strong> para la oferta <strong>$stic_job_applications_stic_job_applications_stic_job_offers_name</strong> ha cambiado a estado <strong>$stic_job_applications_status</strong>.</p><p>Puede acceder en detalle:: <a href="$sugarurl/index.php?module=stic_Job_Applications&action=DetailView&record=$stic_job_applications_id">Abrir candidatura en CRM</a>.</p>', 0, '1', 0, 'notification'),
	-- Candidatura Otros estados - Candidato 
	('1a2d6f10-8e32-4f8a-9a11-3b1b7c2a0008', NOW(), NOW(), '1', '1', NULL, 'Candidatura otros estados - Candidato ', 'Notifica al candidato cuando su candidatura pasa a otros estados, con enlace al área privada.', 'Cambio de estado de tu candidatura: $stic_job_applications_stic_job_applications_stic_job_offers_name', 'Estimado/a $stic_job_applications_stic_job_applications_contacts_name:\r\n\r\nTu candidatura para la oferta $stic_job_applications_stic_job_applications_stic_job_offers_name ha cambiado a estado $stic_job_applications_status.\r\n\r\nPuedes consultar el detalle en tu área privada: $portal_address/?internalpage=single_stic_job_applications&action=detail&id=$stic_job_applications_id', '<p>Estimado/a $stic_job_applications_stic_job_applications_contacts_name:</p><p>Tu candidatura para la oferta <strong>$stic_job_applications_stic_job_applications_stic_job_offers_name</strong> ha cambiado a estado <strong>$stic_job_applications_status</strong>.</p><p>Puedes consultar el detalle en tu área privada: <a href="$portal_address/?internalpage=single_stic_job_applications&action=detail&id=$stic_job_applications_id">Acceder al área privada</a>.</p>', 0, '1', 0, 'notification'),
	-- Candidatura Otros estados - Organización 
	('1a2d6f10-8e32-4f8a-9a11-3b1b7c2a0009', NOW(), NOW(), '1', '1', NULL, 'Candidatura otros estados - Organización ', 'Notifica a la organización cuando una candidatura pasa a otros estados, con enlace al área privada.', 'Cambio de estado de candidatura en oferta: $stic_job_applications_stic_job_applications_stic_job_offers_name', 'Estimado/a $stic_job_applications_account,\r\n\r\nLa candidatura de $stic_job_applications_stic_job_applications_contacts_name para la oferta $stic_job_applications_stic_job_applications_stic_job_offers_name ha cambiado a estado $stic_job_applications_status.\r\n\r\nPuedes verlo en el área privada: $portal_address/?internalpage=single_stic_job_applications&action=detail&id=$stic_job_applications_id', '<p>Estimado/a $stic_job_applications_account,</p><p>La candidatura de <strong>$stic_job_applications_stic_job_applications_contacts_name</strong> para la oferta <strong>$stic_job_applications_stic_job_applications_stic_job_offers_name</strong> ha cambiado a estado <strong>$stic_job_applications_status</strong>.</p><p>Puedes verlo en el área privada: <a href="$portal_address/?internalpage=single_stic_job_applications&action=detail&id=$stic_job_applications_id">Acceder al área privada</a>.</p>', 0, '1', 0, 'notification'),
	-- Oferta - Cambio de estado - Usuario asignado 
	('1a2d6f10-8e32-4f8a-9a11-3b1b7c2a0010', NOW(), NOW(), '1', '1', NULL, 'Oferta cambio de estado - Usuario asignado ', 'Notifica al usuario asignado cuando cambia el estado de una oferta, con enlace al CRM.', 'Cambio de estado de oferta: $stic_job_offers_name', 'Estimado/a $stic_job_offers_assigned_user_name,\r\n\r\nLa oferta $stic_job_offers_name ha cambiado a estado $stic_job_offers_status.\r\n\r\nPuede acceder en detalle:: $sugarurl/index.php?module=stic_Job_Offers&action=DetailView&record=$stic_job_offers_id', '<p>Estimado/a $stic_job_offers_assigned_user_name,</p><p>La oferta <strong>$stic_job_offers_name</strong> ha cambiado a estado <strong>$stic_job_offers_status</strong>.</p><p>Puede acceder en detalle:: <a href="$sugarurl/index.php?module=stic_Job_Offers&action=DetailView&record=$stic_job_offers_id">Abrir oferta en CRM</a>.</p>', 0, '1', 0, 'notification'),
	-- Oferta - Cambio de estado - Candidatos 
	('1a2d6f10-8e32-4f8a-9a11-3b1b7c2a0011', NOW(), NOW(), '1', '1', NULL, 'Oferta cambio de estado - Candidatos ', 'Notifica a candidatos un cambio de estado de oferta, con enlace al área privada.', 'Actualización de la oferta: $stic_job_offers_name', 'Estimado/a:\r\n\r\nLa oferta $stic_job_offers_name ha cambiado de estado a $stic_job_offers_status.\r\n\r\nPuedes consultar la oferta en el área privada: $portal_address/?internalpage=single_stic_job_offers&action=detail&id=$stic_job_offers_id', '<p>Estimado/a:</p><p>La oferta <strong>$stic_job_offers_name</strong> ha cambiado de estado a <strong>$stic_job_offers_status</strong>.</p><p>Puedes consultar la oferta en el área privada: <a href="$portal_address/?internalpage=single_stic_job_offers&action=detail&id=$stic_job_offers_id">Ver oferta en área privada</a>.</p>', 0, '1', 0, 'notification'),
	-- Oferta - Cambio de estado - Organización 
	('1a2d6f10-8e32-4f8a-9a11-3b1b7c2a0012', NOW(), NOW(), '1', '1', NULL, 'Oferta cambio de estado - Organización ', 'Notifica a la organización un cambio de estado de oferta, con enlace al área privada.', 'Cambio de estado de oferta: $stic_job_offers_name', 'Estimado/a $stic_job_offers_stic_job_offers_accounts_name,\r\n\r\nLa oferta $stic_job_offers_name ha cambiado de estado a $stic_job_offers_status.\r\n\r\nPuedes revisarla en el área privada: $portal_address/?internalpage=single_stic_job_offers&action=detail&id=$stic_job_offers_id', '<p>Estimado/a $stic_job_offers_stic_job_offers_accounts_name,</p><p>La oferta <strong>$stic_job_offers_name</strong> ha cambiado de estado a <strong>$stic_job_offers_status</strong>.</p><p>Puedes revisarla en el área privada: <a href="$portal_address/?internalpage=single_stic_job_offers&action=detail&id=$stic_job_offers_id">Ver oferta en área privada</a>.</p>', 0, '1', 0, 'notification'),
	-- Área Privada - Credenciales de acceso - Persona
	('6e6f5a91-2cb9-4f42-bf26-0a13b2f1c101', NOW(), NOW(), '1', '1', NULL, 'Área Privada - Credenciales de acceso (Persona)', 'Plantilla inicial para enviar las credenciales del Área Privada a Personass cuando se activa el acceso', 'Tus credenciales de acceso al Área Privada', 'Hola $contacts_name,\r\n\r\nYa tienes habilitado el acceso al Área Privada.\r\n\r\nUsuario: $contacts_stic_pa_username_c\r\nContraseña: $contacts_stic_pa_password_c\r\n\r\nAccede desde: $portal_address\r\n\r\nSi no has solicitado este acceso, contacta con la entidad.', '<p>Hola $contacts_name,</p><p>Ya tienes habilitado el acceso al Área Privada.</p><p><strong>Usuario:</strong> $contacts_stic_pa_username_c<br><strong>Contraseña:</strong> $contacts_stic_pa_password_c</p><p>Accede desde: <a href="$portal_address">$portal_address</a></p><p>Si no has solicitado este acceso, contacta con la entidad.</p>', 0, '1', 0, 'notification'),
	-- Área Privada - Credenciales de acceso - Organización
	('6e6f5a91-2cb9-4f42-bf26-0a13b2f1c102', NOW(), NOW(), '1', '1', NULL, 'Área Privada - Credenciales de acceso (Organización)', 'Plantilla inicial para enviar las credenciales del Área Privada a Organizaciones cuando se activa el acceso', 'Credenciales de acceso al Área Privada', 'Hola $accounts_name,\r\n\r\nYa tienes habilitado el acceso al Área Privada.\r\n\r\nUsuario: $accounts_stic_pa_username_c\r\nContraseña: $accounts_stic_pa_password_c\r\n\r\nAccede desde: $portal_address\r\n\r\nSi no has solicitado este acceso, contacta con la entidad.', '<p>Hola $accounts_name,</p><p>Ya tienes habilitado el acceso al Área Privada.</p><p><strong>Usuario:</strong> $accounts_stic_pa_username_c<br><strong>Contraseña:</strong> $accounts_stic_pa_password_c</p><p>Accede desde: <a href="$portal_address">$portal_address</a></p><p>Si no has solicitado este acceso, contacta con la entidad.</p>', 0, '1', 0, 'notification'),
	-- Candidatura - Noficación - Nueva candidatura presentada
	('7a9f8f3a-2d1f-4a40-9dd6-7c6f9e1b7001', '2026-03-31 17:31:01', '2026-03-31 17:31:01', '1', '1', NULL, 'Candidatura presentada - Usuario asignado', 'Notifica al usuario asignado cuando se presenta una nueva candidatura, con enlace al CRM.', 'Nueva candidatura recibida: $stic_job_applications_stic_job_applications_stic_job_offers_name', 'Estimado/a $stic_job_applications_assigned_user_name,\r\n\r\nSe ha presentado una nueva candidatura de $stic_job_applications_stic_job_applications_contacts_name para la oferta $stic_job_applications_stic_job_applications_stic_job_offers_name.\r\n\r\nPuedes revisarla en el CRM: $sugarurl/index.php?module=stic_Job_Applications&action=DetailView&record=$stic_job_applications_id', '<p>Estimado/a $stic_job_applications_assigned_user_name,</p><p>Se ha presentado una nueva candidatura de <strong>$stic_job_applications_stic_job_applications_contacts_name</strong> para la oferta <strong>$stic_job_applications_stic_job_applications_stic_job_offers_name</strong>.</p><p>Puedes revisarla en el CRM: <a href=\"$sugarurl/index.php?module=stic_Job_Applications&action=DetailView&record=$stic_job_applications_id\">Abrir candidatura en CRM</a>.</p>', 0, '1', 0, 'notification'),
	-- Mensaje - Notificación - Nuevo mensaje en conversación
	('7a9f8f3a-2d1f-4a40-9dd6-7c6f9e1b7002', '2026-03-31 17:31:01', '2026-03-31 17:31:01', '1', '1', NULL, 'Nuevo mensaje en conversación - Usuario asignado', 'Notifica al usuario asignado cuando llega un nuevo mensaje en una conversación.', 'Nuevo mensaje recibido', 'Estimado/a $stic_messages_assigned_user_name,\r\n\r\nSe ha recibido un nuevo mensaje en una conversación del portal.\r\n\r\nMensaje:\r\n$stic_messages_message\r\n\r\nPuedes revisarlo en el CRM: $sugarurl/index.php?module=stic_Messages&action=DetailView&record=$stic_messages_id', '<p>Estimado/a $stic_messages_assigned_user_name,</p><p>Se ha recibido un nuevo mensaje en una conversación del portal.</p><p><strong>Mensaje:</strong><br>$stic_messages_message</p><p>Puedes revisarlo en el CRM: <a href=\"$sugarurl/index.php?module=stic_Messages&action=DetailView&record=$stic_messages_id\">Abrir mensaje en CRM</a>.</p>', 0, '1', 0, 'notification');


-- Candidaturas - Notificación - Estado Aceptada
REPLACE INTO aow_workflow (id, name, date_entered, date_modified, modified_user_id, created_by, description, deleted, assigned_user_id, flow_module, flow_run_on, status, run_when, multiple_runs, run_on_import) VALUES
('00000190-75e4-3e38-5f8f-69a82fb83c15', 'Candidaturas - Notificación - Estado Aceptada', NOW(), NOW(), '1', '1', 'Flujo de trabajo que envía una notificación al contacto cuando ha cambiado su candidatura a Aceptada', 0, '1', 'stic_Job_Applications', 'All_Records', 'Inactive', 'Always', 1, 0);
REPLACE INTO aow_conditions (id, name, date_entered, date_modified, modified_user_id, created_by, description, deleted, aow_workflow_id, condition_order, module_path, field, operator, value_type, value) VALUES
('000003b6-1b3f-4bc3-b4f5-69a82f8345f3', '', NOW(), NOW(), '1', '1', NULL, 0, '00000190-75e4-3e38-5f8f-69a82fb83c15', 1, 'YToxOntpOjA7czoyMToic3RpY19Kb2JfQXBwbGljYXRpb25zIjt9', 'status', 'Equal_To', 'Value', 'accepted'),
('00000f10-1111-2222-3333-69a82fb83c15', '', NOW(), NOW(), '1', '1', NULL, 0, '00000190-75e4-3e38-5f8f-69a82fb83c15', 2, 'YToxOntpOjA7czoyMToic3RpY19Kb2JfQXBwbGljYXRpb25zIjt9', 'status', 'Equal_To', 'Any_Change', NULL);
REPLACE INTO aow_actions (id, name, date_entered, date_modified, modified_user_id, created_by, description, deleted, aow_workflow_id, action_order, action, parameters) VALUES
('000009bf-d247-6e61-ac71-69a82f5103df', 'Acción Envío notificación - Estado Aceptada (usuario asignado)', NOW(), NOW(), '1', '1', NULL, 0, '00000190-75e4-3e38-5f8f-69a82fb83c15', 1, 'SendEmail', 'YToxMDp7czoxNjoiaW5kaXZpZHVhbF9lbWFpbCI7czoxOiIxIjtzOjE0OiJlbWFpbF90ZW1wbGF0ZSI7czozNjoiMWEyZDZmMTAtOGUzMi00ZjhhLTlhMTEtM2IxYjdjMmEwMDAxIjtzOjExOiJvdXRwdXRfc210cCI7czo2OiJzeXN0ZW0iO3M6MTU6ImZyb21fZW1haWxfbmFtZSI7czowOiIiO3M6MTg6ImZyb21fZW1haWxfYWRkcmVzcyI7czowOiIiO3M6MTM6InJlcGx5X3RvX25hbWUiO3M6MDoiIjtzOjg6InJlcGx5X3RvIjtzOjA6IiI7czoxMzoiZW1haWxfdG9fdHlwZSI7YToyOntpOjA7czoyOiJ0byI7aToxO3M6MjoiY2MiO31zOjE3OiJlbWFpbF90YXJnZXRfdHlwZSI7YToxOntpOjA7czoxMzoiUmVsYXRlZCBGaWVsZCI7fXM6NToiZW1haWwiO2E6MTp7aTowO3M6MTg6ImFzc2lnbmVkX3VzZXJfbGluayI7fX0='),
('000009c1-d247-6e61-ac71-69a82f5103d1', 'Acción Envío notificación - Estado Aceptada (candidato)', NOW(), NOW(), '1', '1', NULL, 0, '00000190-75e4-3e38-5f8f-69a82fb83c15', 2, 'SendEmail', 'YToxMDp7czoxNjoiaW5kaXZpZHVhbF9lbWFpbCI7czoxOiIxIjtzOjE0OiJlbWFpbF90ZW1wbGF0ZSI7czozNjoiMWEyZDZmMTAtOGUzMi00ZjhhLTlhMTEtM2IxYjdjMmEwMDAyIjtzOjExOiJvdXRwdXRfc210cCI7czo2OiJzeXN0ZW0iO3M6MTU6ImZyb21fZW1haWxfbmFtZSI7czowOiIiO3M6MTg6ImZyb21fZW1haWxfYWRkcmVzcyI7czowOiIiO3M6MTM6InJlcGx5X3RvX25hbWUiO3M6MDoiIjtzOjg6InJlcGx5X3RvIjtzOjA6IiI7czoxMzoiZW1haWxfdG9fdHlwZSI7YToyOntpOjA7czoyOiJ0byI7aToxO3M6MjoiY2MiO31zOjE3OiJlbWFpbF90YXJnZXRfdHlwZSI7YToxOntpOjA7czoxMzoiUmVsYXRlZCBGaWVsZCI7fXM6NToiZW1haWwiO2E6MTp7aTowO3M6MzA6InN0aWNfam9iX2FwcGxpY2F0aW9uc19jb250YWN0cyI7fX0='),
('000009c2-d247-6e61-ac71-69a82f5103d2', 'Acción Envío notificación - Estado Aceptada (organización)', NOW(), NOW(), '1', '1', NULL, 0, '00000190-75e4-3e38-5f8f-69a82fb83c15', 3, 'SendEmail', 'YToxMDp7czoxNjoiaW5kaXZpZHVhbF9lbWFpbCI7czoxOiIxIjtzOjE0OiJlbWFpbF90ZW1wbGF0ZSI7czozNjoiMWEyZDZmMTAtOGUzMi00ZjhhLTlhMTEtM2IxYjdjMmEwMDAzIjtzOjExOiJvdXRwdXRfc210cCI7czo2OiJzeXN0ZW0iO3M6MTU6ImZyb21fZW1haWxfbmFtZSI7czowOiIiO3M6MTg6ImZyb21fZW1haWxfYWRkcmVzcyI7czowOiIiO3M6MTM6InJlcGx5X3RvX25hbWUiO3M6MDoiIjtzOjg6InJlcGx5X3RvIjtzOjA6IiI7czoxMzoiZW1haWxfdG9fdHlwZSI7YToyOntpOjA7czoyOiJ0byI7aToxO3M6MjoiY2MiO31zOjE3OiJlbWFpbF90YXJnZXRfdHlwZSI7YToxOntpOjA7czoxMzoiUmVsYXRlZCBGaWVsZCI7fXM6NToiZW1haWwiO2E6MTp7aTowO3M6NzoiYWNjb3VudCI7fX0=');

-- Candidaturas - Notificación - Estado Rechazada o cerrada
REPLACE INTO aow_workflow (id, name, date_entered, date_modified, modified_user_id, created_by, description, deleted, assigned_user_id, flow_module, flow_run_on, status, run_when, multiple_runs, run_on_import) VALUES
('00000ace-02d2-2425-107e-69a82a9eacb5', 'Candidaturas - Notificación - Estado Rechazada o cerrada', NOW(), NOW(), '1', '1', 'Flujo de trabajo que envía una notificación al contacto cuando ha cambiado su candidatura a Rechazada o cerrada', 0, '1', 'stic_Job_Applications', 'All_Records', 'Inactive', 'Always', 1, 0);
REPLACE INTO aow_conditions (id, name, date_entered, date_modified, modified_user_id, created_by, description, deleted, aow_workflow_id, condition_order, module_path, field, operator, value_type, value) VALUES
('000001a5-41d3-7d65-fe58-69a82a22be9d', '', NOW(), NOW(), '1', '1', NULL, 0, '00000ace-02d2-2425-107e-69a82a9eacb5', 1, 'YToxOntpOjA7czoyMToic3RpY19Kb2JfQXBwbGljYXRpb25zIjt9', 'status', 'Equal_To', 'Value', 'rejected_closed'),
('00000f11-1111-2222-3333-69a82a9eacb5', '', NOW(), NOW(), '1', '1', NULL, 0, '00000ace-02d2-2425-107e-69a82a9eacb5', 2, 'YToxOntpOjA7czoyMToic3RpY19Kb2JfQXBwbGljYXRpb25zIjt9', 'status', 'Equal_To', 'Any_Change', NULL);
REPLACE INTO aow_actions (id, name, date_entered, date_modified, modified_user_id, created_by, description, deleted, aow_workflow_id, action_order, action, parameters) VALUES
('00000b52-cd9a-161e-c7d1-69a82a27d7fb', 'Acción Envío notificación - Estado Rechazada o cerrada (usuario asignado)', NOW(), NOW(), '1', '1', NULL, 0, '00000ace-02d2-2425-107e-69a82a9eacb5', 1, 'SendEmail', 'YToxMDp7czoxNjoiaW5kaXZpZHVhbF9lbWFpbCI7czoxOiIxIjtzOjE0OiJlbWFpbF90ZW1wbGF0ZSI7czozNjoiMWEyZDZmMTAtOGUzMi00ZjhhLTlhMTEtM2IxYjdjMmEwMDA0IjtzOjExOiJvdXRwdXRfc210cCI7czo2OiJzeXN0ZW0iO3M6MTU6ImZyb21fZW1haWxfbmFtZSI7czowOiIiO3M6MTg6ImZyb21fZW1haWxfYWRkcmVzcyI7czowOiIiO3M6MTM6InJlcGx5X3RvX25hbWUiO3M6MDoiIjtzOjg6InJlcGx5X3RvIjtzOjA6IiI7czoxMzoiZW1haWxfdG9fdHlwZSI7YToyOntpOjA7czoyOiJ0byI7aToxO3M6MjoiY2MiO31zOjE3OiJlbWFpbF90YXJnZXRfdHlwZSI7YToxOntpOjA7czoxMzoiUmVsYXRlZCBGaWVsZCI7fXM6NToiZW1haWwiO2E6MTp7aTowO3M6MTg6ImFzc2lnbmVkX3VzZXJfbGluayI7fX0='),
('00000b53-cd9a-161e-c7d1-69a82a27d7f1', 'Acción Envío notificación - Estado Rechazada o cerrada (candidato)', NOW(), NOW(), '1', '1', NULL, 0, '00000ace-02d2-2425-107e-69a82a9eacb5', 2, 'SendEmail', 'YToxMDp7czoxNjoiaW5kaXZpZHVhbF9lbWFpbCI7czoxOiIxIjtzOjE0OiJlbWFpbF90ZW1wbGF0ZSI7czozNjoiMWEyZDZmMTAtOGUzMi00ZjhhLTlhMTEtM2IxYjdjMmEwMDA1IjtzOjExOiJvdXRwdXRfc210cCI7czo2OiJzeXN0ZW0iO3M6MTU6ImZyb21fZW1haWxfbmFtZSI7czowOiIiO3M6MTg6ImZyb21fZW1haWxfYWRkcmVzcyI7czowOiIiO3M6MTM6InJlcGx5X3RvX25hbWUiO3M6MDoiIjtzOjg6InJlcGx5X3RvIjtzOjA6IiI7czoxMzoiZW1haWxfdG9fdHlwZSI7YToyOntpOjA7czoyOiJ0byI7aToxO3M6MjoiY2MiO31zOjE3OiJlbWFpbF90YXJnZXRfdHlwZSI7YToxOntpOjA7czoxMzoiUmVsYXRlZCBGaWVsZCI7fXM6NToiZW1haWwiO2E6MTp7aTowO3M6MzA6InN0aWNfam9iX2FwcGxpY2F0aW9uc19jb250YWN0cyI7fX0='),
('00000b54-cd9a-161e-c7d1-69a82a27d7f2', 'Acción Envío notificación - Estado Rechazada o cerrada (organización)', NOW(), NOW(), '1', '1', NULL, 0, '00000ace-02d2-2425-107e-69a82a9eacb5', 3, 'SendEmail', 'YToxMDp7czoxNjoiaW5kaXZpZHVhbF9lbWFpbCI7czoxOiIxIjtzOjE0OiJlbWFpbF90ZW1wbGF0ZSI7czozNjoiMWEyZDZmMTAtOGUzMi00ZjhhLTlhMTEtM2IxYjdjMmEwMDA2IjtzOjExOiJvdXRwdXRfc210cCI7czo2OiJzeXN0ZW0iO3M6MTU6ImZyb21fZW1haWxfbmFtZSI7czowOiIiO3M6MTg6ImZyb21fZW1haWxfYWRkcmVzcyI7czowOiIiO3M6MTM6InJlcGx5X3RvX25hbWUiO3M6MDoiIjtzOjg6InJlcGx5X3RvIjtzOjA6IiI7czoxMzoiZW1haWxfdG9fdHlwZSI7YToyOntpOjA7czoyOiJ0byI7aToxO3M6MjoiY2MiO31zOjE3OiJlbWFpbF90YXJnZXRfdHlwZSI7YToxOntpOjA7czoxMzoiUmVsYXRlZCBGaWVsZCI7fXM6NToiZW1haWwiO2E6MTp7aTowO3M6NzoiYWNjb3VudCI7fX0=');

-- Candidaturas - Notificación - Otros Estados
REPLACE INTO aow_workflow (id, name, date_entered, date_modified, modified_user_id, created_by, description, deleted, assigned_user_id, flow_module, flow_run_on, status, run_when, multiple_runs, run_on_import) VALUES
('00000174-497a-ef41-5ae8-69a830ec33ce', 'Candidaturas - Notificación - Otros estados', NOW(), NOW(), '1', '1', 'Flujo de trabajo que envía una notificación al contacto cuando ha cambiado su candidatura a otros estados que no sean ni Aceptada ni Rechazada o cerrada', 0, '1', 'stic_Job_Applications', 'All_Records', 'Inactive', 'Always', 1, 0);
REPLACE INTO aow_conditions (id, name, date_entered, date_modified, modified_user_id, created_by, description, deleted, aow_workflow_id, condition_order, module_path, field, operator, value_type, value) VALUES
('0000033d-8ae0-fe4a-64ba-69a830439caf', '', NOW(), NOW(), '1', '1', NULL, 0, '00000174-497a-ef41-5ae8-69a830ec33ce', 1, 'YToxOntpOjA7czoyMToic3RpY19Kb2JfQXBwbGljYXRpb25zIjt9', 'status', 'Equal_To', 'Multi', '^expected_presentation^,^presented^,^pending_interview^,^interviewed^,^review^'),
('00000f12-1111-2222-3333-69a830ec33ce', '', NOW(), NOW(), '1', '1', NULL, 0, '00000174-497a-ef41-5ae8-69a830ec33ce', 2, 'YToxOntpOjA7czoyMToic3RpY19Kb2JfQXBwbGljYXRpb25zIjt9', 'status', 'Equal_To', 'Any_Change', NULL);
REPLACE INTO aow_actions (id, name, date_entered, date_modified, modified_user_id, created_by, description, deleted, aow_workflow_id, action_order, action, parameters) VALUES
('00000b79-f2fc-034b-4bb2-69a830fb223b', 'Acción Envío notificación - Otros estados (usuario asignado)', NOW(), NOW(), '1', '1', NULL, 0, '00000174-497a-ef41-5ae8-69a830ec33ce', 1, 'SendEmail', 'YToxMDp7czoxNjoiaW5kaXZpZHVhbF9lbWFpbCI7czoxOiIxIjtzOjE0OiJlbWFpbF90ZW1wbGF0ZSI7czozNjoiMWEyZDZmMTAtOGUzMi00ZjhhLTlhMTEtM2IxYjdjMmEwMDA3IjtzOjExOiJvdXRwdXRfc210cCI7czo2OiJzeXN0ZW0iO3M6MTU6ImZyb21fZW1haWxfbmFtZSI7czowOiIiO3M6MTg6ImZyb21fZW1haWxfYWRkcmVzcyI7czowOiIiO3M6MTM6InJlcGx5X3RvX25hbWUiO3M6MDoiIjtzOjg6InJlcGx5X3RvIjtzOjA6IiI7czoxMzoiZW1haWxfdG9fdHlwZSI7YToyOntpOjA7czoyOiJ0byI7aToxO3M6MjoiY2MiO31zOjE3OiJlbWFpbF90YXJnZXRfdHlwZSI7YToxOntpOjA7czoxMzoiUmVsYXRlZCBGaWVsZCI7fXM6NToiZW1haWwiO2E6MTp7aTowO3M6MTg6ImFzc2lnbmVkX3VzZXJfbGluayI7fX0='),
('00000b80-f2fc-034b-4bb2-69a830fb2240', 'Acción Envío notificación - Otros estados (candidato)', NOW(), NOW(), '1', '1', NULL, 0, '00000174-497a-ef41-5ae8-69a830ec33ce', 2, 'SendEmail', 'YToxMDp7czoxNjoiaW5kaXZpZHVhbF9lbWFpbCI7czoxOiIxIjtzOjE0OiJlbWFpbF90ZW1wbGF0ZSI7czozNjoiMWEyZDZmMTAtOGUzMi00ZjhhLTlhMTEtM2IxYjdjMmEwMDA4IjtzOjExOiJvdXRwdXRfc210cCI7czo2OiJzeXN0ZW0iO3M6MTU6ImZyb21fZW1haWxfbmFtZSI7czowOiIiO3M6MTg6ImZyb21fZW1haWxfYWRkcmVzcyI7czowOiIiO3M6MTM6InJlcGx5X3RvX25hbWUiO3M6MDoiIjtzOjg6InJlcGx5X3RvIjtzOjA6IiI7czoxMzoiZW1haWxfdG9fdHlwZSI7YToyOntpOjA7czoyOiJ0byI7aToxO3M6MjoiY2MiO31zOjE3OiJlbWFpbF90YXJnZXRfdHlwZSI7YToxOntpOjA7czoxMzoiUmVsYXRlZCBGaWVsZCI7fXM6NToiZW1haWwiO2E6MTp7aTowO3M6MzA6InN0aWNfam9iX2FwcGxpY2F0aW9uc19jb250YWN0cyI7fX0=');

-- Candidaturas - Notificación - Otros estados (organización)
REPLACE INTO aow_workflow (id, name, date_entered, date_modified, modified_user_id, created_by, description, deleted, assigned_user_id, flow_module, flow_run_on, status, run_when, multiple_runs, run_on_import) VALUES
('11f8b4a0-52d8-4f64-a2bf-8f9e6d4c2101', 'Candidaturas - Notificación - Otros estados (organización)', NOW(), NOW(), '1', '1', 'Flujo de trabajo que envía una notificación a la organización cuando una candidatura cambia de estado, excepto En revisión, Aceptada y Rechazada o cerrada.', 0, '1', 'stic_Job_Applications', 'All_Records', 'Inactive', 'Always', 1, 0);
REPLACE INTO aow_conditions (id, name, date_entered, date_modified, modified_user_id, created_by, description, deleted, aow_workflow_id, condition_order, module_path, field, operator, value_type, value) VALUES
('11f8b4a0-52d8-4f64-a2bf-8f9e6d4c2102', '', NOW(), NOW(), '1', '1', NULL, 0, '11f8b4a0-52d8-4f64-a2bf-8f9e6d4c2101', 1, 'YToxOntpOjA7czoyMToic3RpY19Kb2JfQXBwbGljYXRpb25zIjt9', 'status', 'Equal_To', 'Multi', '^expected_presentation^,^presented^,^pending_interview^,^interviewed^'),
('11f8b4a0-52d8-4f64-a2bf-8f9e6d4c2105', '', NOW(), NOW(), '1', '1', NULL, 0, '11f8b4a0-52d8-4f64-a2bf-8f9e6d4c2101', 2, 'YToxOntpOjA7czoyMToic3RpY19Kb2JfQXBwbGljYXRpb25zIjt9', 'status', 'Not_Equal_To', 'Multi', '^accepted^,^rejected_closed^,^review^'),
('11f8b4a0-52d8-4f64-a2bf-8f9e6d4c2103', '', NOW(), NOW(), '1', '1', NULL, 0, '11f8b4a0-52d8-4f64-a2bf-8f9e6d4c2101', 3, 'YToxOntpOjA7czoyMToic3RpY19Kb2JfQXBwbGljYXRpb25zIjt9', 'status', 'Equal_To', 'Any_Change', NULL);
REPLACE INTO aow_actions (id, name, date_entered, date_modified, modified_user_id, created_by, description, deleted, aow_workflow_id, action_order, action, parameters) VALUES
('11f8b4a0-52d8-4f64-a2bf-8f9e6d4c2104', 'Acción Envío notificación - Otros estados (organización)', NOW(), NOW(), '1', '1', NULL, 0, '11f8b4a0-52d8-4f64-a2bf-8f9e6d4c2101', 1, 'SendEmail', 'YToxMDp7czoxNjoiaW5kaXZpZHVhbF9lbWFpbCI7czoxOiIxIjtzOjE0OiJlbWFpbF90ZW1wbGF0ZSI7czozNjoiMWEyZDZmMTAtOGUzMi00ZjhhLTlhMTEtM2IxYjdjMmEwMDA5IjtzOjExOiJvdXRwdXRfc210cCI7czo2OiJzeXN0ZW0iO3M6MTU6ImZyb21fZW1haWxfbmFtZSI7czowOiIiO3M6MTg6ImZyb21fZW1haWxfYWRkcmVzcyI7czowOiIiO3M6MTM6InJlcGx5X3RvX25hbWUiO3M6MDoiIjtzOjg6InJlcGx5X3RvIjtzOjA6IiI7czoxMzoiZW1haWxfdG9fdHlwZSI7YToyOntpOjA7czoyOiJ0byI7aToxO3M6MjoiY2MiO31zOjE3OiJlbWFpbF90YXJnZXRfdHlwZSI7YToxOntpOjA7czoxMzoiUmVsYXRlZCBGaWVsZCI7fXM6NToiZW1haWwiO2E6MTp7aTowO3M6NzoiYWNjb3VudCI7fX0=');

-- Ofertas Laborales - Notificación - Fecha de cierre vencida sin estado cerrada
REPLACE INTO aow_workflow (id, name, date_entered, date_modified, modified_user_id, created_by, description, deleted, assigned_user_id, flow_module, flow_run_on, status, run_when, multiple_runs, run_on_import) VALUES
('000009c0-3302-dbf2-c1b7-69a850a8b6d5', 'Ofertas laborales - Notificación - Fecha de cierre', NOW(), NOW(), '1', '1', 'Flujo de trabajo que envía una notificación al usuario asignado cuando la fecha de cierre en una oferta sea el día anterior y no tenga de estado Cerrada.', 0, '1', 'stic_Job_Offers', 'All_Records', 'Inactive', 'Always', 1, 0);
REPLACE INTO aow_conditions (id, name, date_entered, date_modified, modified_user_id, created_by, description, deleted, aow_workflow_id, condition_order, module_path, field, operator, value_type, value) VALUES
('000000cd-0341-b540-66b5-69a8502ff15d', '', NOW(), NOW(), '1', '1', NULL, 0, '000009c0-3302-dbf2-c1b7-69a850a8b6d5', 3, 'YToxOntpOjA7czoxNToic3RpY19Kb2JfT2ZmZXJzIjt9', 'responsible', 'Not_Equal_To', 'Value', NULL),
('000002a2-0646-1de2-e72c-69a85088e3cf', '', NOW(), NOW(), '1', '1', NULL, 0, '000009c0-3302-dbf2-c1b7-69a850a8b6d5', 1, 'YToxOntpOjA7czoxNToic3RpY19Kb2JfT2ZmZXJzIjt9', 'applications_end_date', 'Equal_To', 'Date', 'YTo0OntpOjA7czo1OiJ0b2RheSI7aToxO3M6NToibWludXMiO2k6MjtzOjE6IjEiO2k6MztzOjM6ImRheSI7fQ=='),
('000003b5-2bb2-8999-84b6-69a850918ce2', '', NOW(), NOW(), '1', '1', NULL, 0, '000009c0-3302-dbf2-c1b7-69a850a8b6d5', 2, 'YToxOntpOjA7czoxNToic3RpY19Kb2JfT2ZmZXJzIjt9', 'status', 'Not_Equal_To', 'Multi', '^closed_covered^,^closed_partially_covered^,^closed_not_covered^');
REPLACE INTO aow_actions (id, name, date_entered, date_modified, modified_user_id, created_by, description, deleted, aow_workflow_id, action_order, action, parameters) VALUES
('00000727-a7fd-96e4-64fa-69a850c229f5', 'Acción Envío notificación - Fecha de cierre', NOW(), NOW(), '1', '1', NULL, 0, '000009c0-3302-dbf2-c1b7-69a850a8b6d5', 1, 'SendEmail', 'YToxMDp7czoxNjoiaW5kaXZpZHVhbF9lbWFpbCI7czoxOiIwIjtzOjE0OiJlbWFpbF90ZW1wbGF0ZSI7czozNjoiZDNjMWQ1YjctZjhkMi00ZGY0LTlmNmItMmM2M2FhNmI4ZTQxIjtzOjExOiJvdXRwdXRfc210cCI7czo2OiJzeXN0ZW0iO3M6MTU6ImZyb21fZW1haWxfbmFtZSI7czowOiIiO3M6MTg6ImZyb21fZW1haWxfYWRkcmVzcyI7czowOiIiO3M6MTM6InJlcGx5X3RvX25hbWUiO3M6MDoiIjtzOjg6InJlcGx5X3RvIjtzOjA6IiI7czoxMzoiZW1haWxfdG9fdHlwZSI7YToyOntpOjA7czoyOiJ0byI7aToxO3M6MjoiY2MiO31zOjE3OiJlbWFpbF90YXJnZXRfdHlwZSI7YToyOntpOjA7czoxMzoiUmVsYXRlZCBGaWVsZCI7aToxO3M6MTM6IlJlbGF0ZWQgRmllbGQiO31zOjU6ImVtYWlsIjthOjI6e2k6MDtzOjExOiJyZXNwb25zaWJsZSI7aToxO3M6MTg6ImFzc2lnbmVkX3VzZXJfbGluayI7fX0=');

-- Configuración para el envío de credenciales del Área Privada
REPLACE INTO `stic_settings` (`id`, `date_entered`, `date_modified`, `modified_user_id`, `created_by`, `deleted`, `assigned_user_id`, `type`, `name`, `value`, `description`) VALUES
('f8b4a3a2-9f40-4c2e-9f8d-5e76a20f5d11', NOW(), NOW(), '1', '1', 0, '1', 'PRIVATE_AREA', 'PRIVATE_AREA_SEND_CREDENTIALS_ON_ENABLE', '0', 'Indica si se enviarán automáticamente las credenciales del Área Privada al activar el campo stic_pa_enable_c (0 = No, 1 = Sí)'),
('4ef9497d-6511-4a87-9467-01ca8ac99f20', NOW(), NOW(), '1', '1', 0, '1', 'PRIVATE_AREA', 'PRIVATE_AREA_CREDENTIALS_TEMPLATE_CONTACTS', '6e6f5a91-2cb9-4f42-bf26-0a13b2f1c101', 'ID de la plantilla de correo de tipo Notificación para el envío de credenciales del Área Privada en Personas'),
('8a2014ed-569d-44ad-b03a-f39420aa7ef6', NOW(), NOW(), '1', '1', 0, '1', 'PRIVATE_AREA', 'PRIVATE_AREA_CREDENTIALS_TEMPLATE_ACCOUNTS', '6e6f5a91-2cb9-4f42-bf26-0a13b2f1c102', 'ID de la plantilla de correo de tipo Notificación para el envío de credenciales del Área Privada en Organizaciones');

-- Candidaturas - Notificación - Nueva candidatura
REPLACE INTO aow_workflow (id, name, date_entered, date_modified, modified_user_id, created_by, description, deleted, assigned_user_id, flow_module, flow_run_on, status, run_when, multiple_runs, run_on_import) VALUES
('2f1b6d2e-6b9c-4b06-9c1e-4b3d4d80a101', 'Candidaturas - Notificación - Nueva candidatura', '2026-03-31 18:05:31', '2026-03-31 16:08:39', '1', '1', 'Flujo de trabajo que envía una notificación al usuario asignado cuando se presenta una nueva candidatura.', 0, '1', 'stic_Job_Applications', 'New_Records', 'Inactive', 'Always', 1, 0);
REPLACE INTO aow_actions (id, name, date_entered, date_modified, modified_user_id, created_by, description, deleted, aow_workflow_id, action_order, action, parameters) VALUES
('2f1b6d2e-6b9c-4b06-9c1e-4b3d4d80a103', 'Acción Envío notificación - Nueva candidatura (usuario asignado)', '2026-03-31 18:05:31', '2026-03-31 16:08:39', '1', '1', NULL, 0, '2f1b6d2e-6b9c-4b06-9c1e-4b3d4d80a101', 1, 'SendEmail', 'YToxMDp7czoxNjoiaW5kaXZpZHVhbF9lbWFpbCI7czoxOiIxIjtzOjE0OiJlbWFpbF90ZW1wbGF0ZSI7czozNjoiN2E5ZjhmM2EtMmQxZi00YTQwLTlkZDYtN2M2ZjllMWI3MDAxIjtzOjExOiJvdXRwdXRfc210cCI7czo2OiJzeXN0ZW0iO3M6MTU6ImZyb21fZW1haWxfbmFtZSI7czowOiIiO3M6MTg6ImZyb21fZW1haWxfYWRkcmVzcyI7czowOiIiO3M6MTM6InJlcGx5X3RvX25hbWUiO3M6MDoiIjtzOjg6InJlcGx5X3RvIjtzOjA6IiI7czoxMzoiZW1haWxfdG9fdHlwZSI7YToxOntpOjA7czoyOiJ0byI7fXM6MTc6ImVtYWlsX3RhcmdldF90eXBlIjthOjE6e2k6MDtzOjEzOiJSZWxhdGVkIEZpZWxkIjt9czo1OiJlbWFpbCI7YToxOntpOjA7czoxODoiYXNzaWduZWRfdXNlcl9saW5rIjt9fQ==');
REPLACE INTO aow_conditions (id, name, date_entered, date_modified, modified_user_id, created_by, description, deleted, aow_workflow_id, condition_order, module_path, field, operator, value_type, value) VALUES
('00000247-c387-985a-2b74-69cbb7e9898c', '', '2026-03-31 12:00:19', '2026-03-31 15:06:15', '1', '1', NULL, 1, '2f1b6d2e-6b9c-4b06-9c1e-4b3d4d80a101', 2, 'YToxOntpOjA7czoyMToic3RpY19Kb2JfQXBwbGljYXRpb25zIjt9', 'status', 'Not_Equal_To', 'Multi', '^^,^pending_interview^,^interviewed^,^accepted^,^rejected_closed^,^review^');

-- Mensajes - Notificación - Nuevo mensaje
REPLACE INTO aow_workflow (id, name, date_entered, date_modified, modified_user_id, created_by, description, deleted, assigned_user_id, flow_module, flow_run_on, status, run_when, multiple_runs, run_on_import) VALUES
('3a5c7d8e-8b2f-4c1c-9c2b-6e6b0c90b201', 'Mensajes - Notificación - Nuevo mensaje', '2026-03-31 17:31:02', '2026-03-31 15:50:04', '1', '1', 'Flujo de trabajo que envía una notificación al usuario asignado cuando se recibe un nuevo mensaje en conversaciones.', 0, '1', 'stic_Messages', 'New_Records', 'Inactive', 'On_Save', 1, 0);
REPLACE INTO aow_actions (id, name, date_entered, date_modified, modified_user_id, created_by, description, deleted, aow_workflow_id, action_order, action, parameters) VALUES
('3a5c7d8e-8b2f-4c1c-9c2b-6e6b0c90b205', 'Acción Envío notificación - Nuevo mensaje (usuario asignado)', '2026-03-31 17:31:02', '2026-03-31 15:42:28', '1', '1', NULL, 0, '3a5c7d8e-8b2f-4c1c-9c2b-6e6b0c90b201', 1, 'SendEmail', 'YToxMDp7czoxNjoiaW5kaXZpZHVhbF9lbWFpbCI7czoxOiIxIjtzOjE0OiJlbWFpbF90ZW1wbGF0ZSI7czozNjoiN2E5ZjhmM2EtMmQxZi00YTQwLTlkZDYtN2M2ZjllMWI3MDAyIjtzOjExOiJvdXRwdXRfc210cCI7czo2OiJzeXN0ZW0iO3M6MTU6ImZyb21fZW1haWxfbmFtZSI7czowOiIiO3M6MTg6ImZyb21fZW1haWxfYWRkcmVzcyI7czowOiIiO3M6MTM6InJlcGx5X3RvX25hbWUiO3M6MDoiIjtzOjg6InJlcGx5X3RvIjtzOjA6IiI7czoxMzoiZW1haWxfdG9fdHlwZSI7YToxOntpOjA7czoyOiJ0byI7fXM6MTc6ImVtYWlsX3RhcmdldF90eXBlIjthOjE6e2k6MDtzOjEzOiJSZWxhdGVkIEZpZWxkIjt9czo1OiJlbWFpbCI7YToxOntpOjA7czoxODoiYXNzaWduZWRfdXNlcl9saW5rIjt9fQ==');
REPLACE INTO aow_conditions (id, name, date_entered, date_modified, modified_user_id, created_by, description, deleted, aow_workflow_id, condition_order, module_path, field, operator, value_type, value) VALUES
('3a5c7d8e-8b2f-4c1c-9c2b-6e6b0c90b202', '', '2026-03-31 17:31:02', '2026-03-31 15:42:28', '1', '1', NULL, 0, '3a5c7d8e-8b2f-4c1c-9c2b-6e6b0c90b201', 1, 'YToxOntpOjA7czoxMzoic3RpY19NZXNzYWdlcyI7fQ==', 'type', 'Equal_To', 'Value', 'conversation'),
('3a5c7d8e-8b2f-4c1c-9c2b-6e6b0c90b203', '', '2026-03-31 17:31:02', '2026-03-31 15:42:28', '1', '1', NULL, 0, '3a5c7d8e-8b2f-4c1c-9c2b-6e6b0c90b201', 2, 'YToxOntpOjA7czoxMzoic3RpY19NZXNzYWdlcyI7fQ==', 'status', 'Equal_To', 'Value', 'sent'),
('3a5c7d8e-8b2f-4c1c-9c2b-6e6b0c90b204', '', '2026-03-31 17:31:02', '2026-03-31 15:42:28', '1', '1', NULL, 0, '3a5c7d8e-8b2f-4c1c-9c2b-6e6b0c90b201', 3, 'YToxOntpOjA7czoxMzoic3RpY19NZXNzYWdlcyI7fQ==', 'parent_type', 'Equal_To', 'Value', 'Contacts');
