-- Plantilles de notificacions per al mòdul d'ofertes laborals i candidatures
REPLACE INTO email_templates (id,date_entered,date_modified,modified_user_id,created_by,published,name,description,subject,body,body_html,deleted,assigned_user_id,text_only,`type`) VALUES
	 -- Oferta laboral - Notificació - Tancament vençut i estat no tancat
	('d3c1d5b7-f8d2-4df4-9f6b-2c63aa6b8e41', NOW(), NOW(), '1', '1', NULL, 'Exemple - Notificació - Oferta amb tancament vençut sense estat tancada', 'Plantilla per notificar al responsable que l''oferta té la data de tancament de candidatures d''ahir i no està en estat tancada o similar.', 'Revisar oferta laboral: tancament de candidatures vençut - $stic_job_offers_name', 'Benvolgut/da $stic_job_offers_assigned_user_name,\r\n\r\nL''oferta laboral $stic_job_offers_name té la data de tancament de candidatures vençuda (ahir) i actualment està en estat $stic_job_offers_status.\r\n\r\nSi us plau, revisa l''oferta i actualitza''n l''estat si correspon: $sugarurl/index.php?module=stic_Job_Offers&action=DetailView&record=$stic_job_offers_id', '<p>Benvolgut/da $stic_job_offers_assigned_user_name,</p>\n<p>L''oferta laboral <strong>$stic_job_offers_name</strong> té la data de tancament de candidatures vençuda (ahir) i actualment està en estat <strong>$stic_job_offers_status</strong>.</p>\n<p>Si us plau, <a href="$sugarurl/index.php?module=stic_Job_Offers&action=DetailView&record=$stic_job_offers_id">revisa l''oferta</a> i actualitza''n l''estat si correspon.</p>', 0, '1', 0, 'notification'),
	-- Candidatura acceptada - Usuari assignat 
	('1a2d6f10-8e32-4f8a-9a11-3b1b7c2a0001', NOW(), NOW(), '1', '1', NULL, 'Exemple - Candidatura acceptada - Usuari assignat ', 'Notifica a l''usuari assignat quan una candidatura passa a Acceptada, amb enllaç al CRM.', 'Candidatura acceptada: $stic_job_applications_stic_job_applications_stic_job_offers_name', 'Benvolgut/da $stic_job_applications_assigned_user_name,\r\n\r\nLa candidatura de $stic_job_applications_stic_job_applications_contacts_name per a l''oferta $stic_job_applications_stic_job_applications_stic_job_offers_name ha canviat a estat Acceptada.\r\n\r\nLa pots revisar al CRM: $sugarurl/index.php?module=stic_Job_Applications&action=DetailView&record=$stic_job_applications_id', '<p>Benvolgut/da $stic_job_applications_assigned_user_name,</p><p>La candidatura de <strong>$stic_job_applications_stic_job_applications_contacts_name</strong> per a l''oferta <strong>$stic_job_applications_stic_job_applications_stic_job_offers_name</strong> ha canviat a estat <strong>Acceptada</strong>.</p><p>La pots revisar al CRM: <a href="$sugarurl/index.php?module=stic_Job_Applications&action=DetailView&record=$stic_job_applications_id">Obrir candidatura al CRM</a>.</p>', 0, '1', 0, 'notification'),
	-- Candidatura acceptada - Candidat 
	('1a2d6f10-8e32-4f8a-9a11-3b1b7c2a0002', NOW(), NOW(), '1', '1', NULL, 'Exemple - Candidatura acceptada - Candidat ', 'Notifica al candidat quan la seva candidatura passa a Acceptada, amb enllaç a l''àrea privada.', 'La teva candidatura ha estat acceptada: $stic_job_applications_stic_job_applications_stic_job_offers_name', 'Benvolgut/da $stic_job_applications_stic_job_applications_contacts_name:\r\n\r\nEns complau informar-te que la teva candidatura per a l''oferta $stic_job_applications_stic_job_applications_stic_job_offers_name ha passat a estat Acceptada.\r\n\r\nPots consultar-ne el detall a la teva àrea privada: $portal_address/?internalpage=single_stic_job_applications&action=detail&id=$stic_job_applications_id', '<p>Benvolgut/da $stic_job_applications_stic_job_applications_contacts_name:</p><p>Ens complau informar-te que la teva candidatura per a l''oferta <strong>$stic_job_applications_stic_job_applications_stic_job_offers_name</strong> ha passat a estat <strong>Acceptada</strong>.</p><p>Pots consultar-ne el detall a la teva àrea privada: <a href="$portal_address/?internalpage=single_stic_job_applications&action=detail&id=$stic_job_applications_id">Accedir a l''àrea privada</a>.</p>', 0, '1', 0, 'notification'),
	-- Candidatura rebutjada o tancada - Usuari assignat 
	('1a2d6f10-8e32-4f8a-9a11-3b1b7c2a0004', NOW(), NOW(), '1', '1', NULL, 'Exemple - Candidatura rebutjada/tancada - Usuari assignat', 'Notifica a l usuari l estat de descarte.', 'Candidatura rebutjada o tancada: $stic_job_applications_stic_job_applications_stic_job_offers_name', 'Benvolgut/da $stic_job_applications_assigned_user_name,\n\nT informem que s ha actualitzat l estat de la candidatura de $stic_job_applications_stic_job_applications_contacts_name per a la posició $stic_job_applications_stic_job_applications_stic_job_offers_name.\n\nL estat actual és: Candidatura descartada / Procés tancat.', '<p>Benvolgut/da <strong>$stic_job_applications_assigned_user_name</strong>,</p><p>T informem que s ha actualitzat l estat de la candidatura de <strong>$stic_job_applications_stic_job_applications_contacts_name</strong> per a la posició <strong>$stic_job_applications_stic_job_applications_stic_job_offers_name</strong>.</p><p>L estat actual és: <strong>Candidatura descartada / Procés tancat.</strong></p><p>Pots revisar el detall al CRM: <a href=\"$sugarurl/index.php?module=stic_Job_Applications&action=DetailView&record=$stic_job_applications_id\">Obrir candidatura al CRM</a>.</p>', 0, '1', 0, 'notification'),
	-- Candidatura rebutjada o tancada - Candidat 
	('1a2d6f10-8e32-4f8a-9a11-3b1b7c2a0005', NOW(), NOW(), '1', '1', NULL, 'Exemple - Candidatura rebutjada/tancada - Candidat', 'Notifica al candidat el descarte.', 'Actualització de la teva candidatura: $stic_job_applications_stic_job_applications_stic_job_offers_name', 'Benvolgut/da $stic_job_applications_stic_job_applications_contacts_name:\n\nMoltes gràcies per l interès en l oferta de $stic_job_applications_stic_job_applications_stic_job_offers_name.\n\nLamentem comunicar-te que en aquesta ocasió hem decidit avançar amb altres candidatures que s ajusten més als requisits actuals.', '<p>Benvolgut/da <strong>$stic_job_applications_stic_job_applications_contacts_name</strong>:</p><p>Moltes gràcies per l interès que has mostrat en la nostra oferta de <strong>$stic_job_applications_stic_job_applications_stic_job_offers_name</strong>.</p><p>Després d una valoració detallada, lamentem comunicar-te que en aquesta ocasió hem decidit avançar amb altres candidatures que s ajusten més als requisits actuals.</p><p>Pots consultar l estat a la teva àrea privada: <a href=\"$portal_address/?internalpage=single_stic_job_applications&action=detail&id=$stic_job_applications_id\">Accedir a l àrea privada</a>.</p><p>Et desitgem molt d èxit. Atentament, $stic_job_applications_account</p>', 0, '1', 0, 'notification'),
	-- Candidatura altres estats - Usuari assignat 
	('1a2d6f10-8e32-4f8a-9a11-3b1b7c2a0007', NOW(), NOW(), '1', '1', NULL, 'Exemple - Candidatura altres estats - Usuari assignat ', 'Notifica a l''usuari assignat quan una candidatura passa a altres estats, amb enllaç al CRM.', 'Canvi d''estat de candidatura: $stic_job_applications_stic_job_applications_stic_job_offers_name', 'Benvolgut/da $stic_job_applications_assigned_user_name,\r\n\r\nLa candidatura de $stic_job_applications_stic_job_applications_contacts_name per a l''oferta $stic_job_applications_stic_job_applications_stic_job_offers_name ha canviat a estat $stic_job_applications_status.\r\n\r\nPots accedir al detall a: $sugarurl/index.php?module=stic_Job_Applications&action=DetailView&record=$stic_job_applications_id', '<p>Benvolgut/da $stic_job_applications_assigned_user_name,</p><p>La candidatura de <strong>$stic_job_applications_stic_job_applications_contacts_name</strong> per a l''oferta <strong>$stic_job_applications_stic_job_applications_stic_job_offers_name</strong> ha canviat a estat <strong>$stic_job_applications_status</strong>.</p><p>Pots accedir al detall a: <a href="$sugarurl/index.php?module=stic_Job_Applications&action=DetailView&record=$stic_job_applications_id">Obrir candidatura al CRM</a>.</p>', 0, '1', 0, 'notification'),
	-- Candidatura altres estats - Candidat 
	('1a2d6f10-8e32-4f8a-9a11-3b1b7c2a0008', NOW(), NOW(), '1', '1', NULL, 'Exemple - Candidatura altres estats - Candidat ', 'Notifica al candidat quan la seva candidatura passa a altres estats, amb enllaç a l''àrea privada.', 'Canvi d''estat de la teva candidatura: $stic_job_applications_stic_job_applications_stic_job_offers_name', 'Benvolgut/da $stic_job_applications_stic_job_applications_contacts_name:\r\n\r\nLa teva candidatura per a l''oferta $stic_job_applications_stic_job_applications_stic_job_offers_name ha canviat a estat $stic_job_applications_status.\r\n\r\nPots consultar-ne el detall a la teva àrea privada: $portal_address/?internalpage=single_stic_job_applications&action=detail&id=$stic_job_applications_id', '<p>Benvolgut/da $stic_job_applications_stic_job_applications_contacts_name:</p><p>La teva candidatura per a l''oferta <strong>$stic_job_applications_stic_job_applications_stic_job_offers_name</strong> ha canviat a estat <strong>$stic_job_applications_status</strong>.</p><p>Pots consultar-ne el detall a la teva àrea privada: <a href="$portal_address/?internalpage=single_stic_job_applications&action=detail&id=$stic_job_applications_id">Accedir a l''àrea privada</a>.</p>', 0, '1', 0, 'notification'),
	-- Oferta - Canvi d''estat - Usuari assignat 
	('1a2d6f10-8e32-4f8a-9a11-3b1b7c2a0010', NOW(), NOW(), '1', '1', NULL, 'Exemple - Oferta canvi d''estat - Usuari assignat ', 'Notifica a l''usuari assignat quan canvia l''estat d''una oferta, amb enllaç al CRM.', 'Canvi d''estat de l''oferta: $stic_job_offers_name', 'Benvolgut/da $stic_job_offers_assigned_user_name,\r\n\r\nL''oferta $stic_job_offers_name ha canviat a estat $stic_job_offers_status.\r\n\r\nPots accedir al detall a: $sugarurl/index.php?module=stic_Job_Offers&action=DetailView&record=$stic_job_offers_id', '<p>Benvolgut/da $stic_job_offers_assigned_user_name,</p><p>L''oferta <strong>$stic_job_offers_name</strong> ha canviat a estat <strong>$stic_job_offers_status</strong>.</p><p>Pots accedir al detall a: <a href="$sugarurl/index.php?module=stic_Job_Offers&action=DetailView&record=$stic_job_offers_id">Obrir oferta al CRM</a>.</p>', 0, '1', 0, 'notification'),
	-- Oferta - Canvi d''estat - Candidats 
	('1a2d6f10-8e32-4f8a-9a11-3b1b7c2a0011', NOW(), NOW(), '1', '1', NULL, 'Exemple - Oferta canvi d''estat - Candidats ', 'Notifica als candidats un canvi d''estat de l''oferta, amb enllaç a l''àrea privada.', 'Actualització de l''oferta: $stic_job_offers_name', 'Benvolgut/da,\r\n\r\nL''oferta $stic_job_offers_name ha canviat d''estat a $stic_job_offers_status.\r\n\r\nPots consultar l''oferta a l''àrea privada: $portal_address/?internalpage=single_stic_job_offers&action=detail&id=$stic_job_offers_id', '<p>Benvolgut/da:</p><p>L''oferta <strong>$stic_job_offers_name</strong> ha canviat d''estat a <strong>$stic_job_offers_status</strong>.</p><p>Pots consultar l''oferta a l''àrea privada: <a href="$portal_address/?internalpage=single_stic_job_offers&action=detail&id=$stic_job_offers_id">Veure oferta a l''àrea privada</a>.</p>', 0, '1', 0, 'notification'),
	-- Àrea Privada - Credencials d''accés - Persona
	('6e6f5a91-2cb9-4f42-bf26-0a13b2f1c101', NOW(), NOW(), '1', '1', NULL, 'Exemple - Àrea Privada - Credencials d''accés (Persona)', 'Plantilla inicial per enviar les credencials de l''Àrea Privada a Personas quan s''activa l''accés', 'Les teves credencials d''accés a l''Àrea Privada', 'Hola $contacts_name,\r\n\r\nJa tens habilitat l''accés a l''Àrea Privada.\r\n\r\nUsuari: $contacts_stic_pa_username_c\r\nContrasenya: $contacts_stic_pa_password_c\r\n\r\nAccedeix des de: $portal_address\r\n\r\nSi no has sol·licitat aquest accés, contacta amb l''entitat.', '<p>Hola $contacts_name,</p><p>Ja tens habilitat l''accés a l''Àrea Privada.</p><p><strong>Usuari:</strong> $contacts_stic_pa_username_c<br><strong>Contrasenya:</strong> $contacts_stic_pa_password_c</p><p>Accedeix des de: <a href="$portal_address">$portal_address</a></p><p>Si no has sol·licitat aquest accés, contacta amb l''entitat.</p>', 0, '1', 0, 'notification'),
	-- Àrea Privada - Credencials d''accés - Compte
	('6e6f5a91-2cb9-4f42-bf26-0a13b2f1c102', NOW(), NOW(), '1', '1', NULL, 'Exemple - Àrea Privada - Credencials d''accés (Compte)', 'Plantilla inicial per enviar les credencials de l''Àrea Privada a Comptes quan s''activa l''accés', 'Credencials d''accés a l''Àrea Privada', 'Hola $accounts_name,\r\n\r\nJa tens habilitat l''accés a l''Àrea Privada.\r\n\r\nUsuari: $accounts_stic_pa_username_c\r\nContrasenya: $accounts_stic_pa_password_c\r\n\r\nAccedeix des de: $portal_address\r\n\r\nSi no has sol·licitat aquest accés, contacta amb l''entitat.', '<p>Hola $accounts_name,</p><p>Ja tens habilitat l''accés a l''Àrea Privada.</p><p><strong>Usuari:</strong> $accounts_stic_pa_username_c<br><strong>Contrasenya:</strong> $accounts_stic_pa_password_c</p><p>Accedeix des de: <a href="$portal_address">$portal_address</a></p><p>Si no has sol·licitat aquest accés, contacta amb l''entitat.</p>', 0, '1', 0, 'notification'),
	-- Candidatures - Notificació - Nova candidatura
	('7a9f8f3a-2d1f-4a40-9dd6-7c6f9e1b7001', NOW(), NOW(), '1', '1', NULL, 'Exemple - Candidatura presentada - Usuari assignat', 'Notifica a l''usuari assignat quan es presenta una nova candidatura, amb enllaç al CRM.', 'Nova candidatura rebuda: $stic_job_applications_stic_job_applications_stic_job_offers_name', 'Benvolgut/da $stic_job_applications_assigned_user_name,\r\n\r\nS''ha presentat una nova candidatura de $stic_job_applications_stic_job_applications_contacts_name per a l''oferta $stic_job_applications_stic_job_applications_stic_job_offers_name.\r\n\r\nLa pots revisar al CRM: $sugarurl/index.php?module=stic_Job_Applications&action=DetailView&record=$stic_job_applications_id', '<p>Benvolgut/da $stic_job_applications_assigned_user_name,</p><p>S''ha presentat una nova candidatura de <strong>$stic_job_applications_stic_job_applications_contacts_name</strong> per a l''oferta <strong>$stic_job_applications_stic_job_applications_stic_job_offers_name</strong>.</p><p>La pots revisar al CRM: <a href=\"$sugarurl/index.php?module=stic_Job_Applications&action=DetailView&record=$stic_job_applications_id\">Obrir candidatura al CRM</a>.</p>', 0, '1', 0, 'notification'),
	-- Candidatures - Notificació - Candidatura registrada (candidat)
	('7a9f8f3a-2d1f-4a40-9dd6-7c6f9e1b7003', NOW(), NOW(), '1', '1', NULL, 'Exemple - Candidatura presentada - Candidat', 'Notifica al candidat que la seva candidatura ha quedat registrada, amb enllaç a l''àrea privada.', 'Hem rebut la teva candidatura: $stic_job_applications_stic_job_applications_stic_job_offers_name', 'Benvolgut/da $stic_job_applications_stic_job_applications_contacts_name,\r\n\r\nHem rebut la teva candidatura per a l''oferta $stic_job_applications_stic_job_applications_stic_job_offers_name i ha quedat registrada.\r\n\r\nPots consultar el detall a la teva àrea privada: $portal_address/?internalpage=single_stic_job_applications&action=detail&id=$stic_job_applications_id', '<p>Benvolgut/da $stic_job_applications_stic_job_applications_contacts_name,</p><p>Hem rebut la teva candidatura per a l''oferta <strong>$stic_job_applications_stic_job_applications_stic_job_offers_name</strong> i ha quedat registrada.</p><p>Pots consultar el detall a la teva àrea privada: <a href=\"$portal_address/?internalpage=single_stic_job_applications&action=detail&id=$stic_job_applications_id\">Accedir a l''àrea privada</a>.</p>', 0, '1', 0, 'notification'),
	-- Missatge - Notificació - Nou missatge en conversa
	('7a9f8f3a-2d1f-4a40-9dd6-7c6f9e1b7002', NOW(), NOW(), '1', '1', NULL, 'Exemple - Nou missatge en conversa - Usuari assignat', 'Notifica a l''usuari assignat quan arriba un nou missatge en una conversa.', 'Nou missatge rebut', 'Benvolgut/da $stic_messages_assigned_user_name,\r\n\r\nS''ha rebut un nou missatge en una conversa del portal.\r\n\r\nMissatge:\r\n$stic_messages_message\r\n\r\nEl pots revisar al CRM: $sugarurl/index.php?module=stic_Messages&action=DetailView&record=$stic_messages_id', '<p>Benvolgut/da $stic_messages_assigned_user_name,</p><p>S''ha rebut un nou missatge en una conversa del portal.</p><p><strong>Missatge:</strong><br>$stic_messages_message</p><p>El pots revisar al CRM: <a href=\"$sugarurl/index.php?module=stic_Messages&action=DetailView&record=$stic_messages_id\">Obrir missatge al CRM</a>.</p>', 0, '1', 0, 'notification'),
	-- Ofertes laborals - Notificació - Nova oferta laboral (usuari assignat)
	('3c0a5f6e-1111-4f8a-9a11-3b1b7c2a0101', NOW(), NOW(), '1', '1', NULL, 'Exemple - Nova oferta laboral - Usuari assignat', 'Notifica a l''usuari assignat la creació d''una nova oferta laboral.', 'Nova oferta creada: $stic_job_offers_name', 'Benvolgut/da $stic_job_offers_assigned_user_name,\r\n\r\nS''ha creat una nova oferta laboral: $stic_job_offers_name.\r\n\r\nLa pots revisar al CRM: $sugarurl/index.php?module=stic_Job_Offers&action=DetailView&record=$stic_job_offers_id', '<p>Benvolgut/da $stic_job_offers_assigned_user_name,</p><p>S''ha creat una nova oferta laboral: <strong>$stic_job_offers_name</strong>.</p><p>La pots revisar al CRM: <a href="$sugarurl/index.php?module=stic_Job_Offers&action=DetailView&record=$stic_job_offers_id">Obrir oferta al CRM</a>.</p>', 0, '1', 0, 'notification');

-- Candidatures - Notificació - Estat Acceptada
REPLACE INTO aow_workflow (id, name, date_entered, date_modified, modified_user_id, created_by, description, deleted, assigned_user_id, flow_module, flow_run_on, status, run_when, multiple_runs, run_on_import) VALUES
('00000190-75e4-3e38-5f8f-69a82fb83c15', 'Candidatures - Notificació - Estat Acceptada', UTC_TIMESTAMP(), UTC_TIMESTAMP(), '1', '1', 'Flux de treball que envia una notificació quan una candidatura ha canviat a estat Acceptada.', 0, '1', 'stic_Job_Applications', 'Modified_Records', 'Inactive', 'On_Save', 1, 0);
REPLACE INTO aow_conditions (id, name, date_entered, date_modified, modified_user_id, created_by, description, deleted, aow_workflow_id, condition_order, module_path, field, operator, value_type, value) VALUES
('000003b6-1b3f-4bc3-b4f5-69a82f8345f3', '', UTC_TIMESTAMP(), UTC_TIMESTAMP(), '1', '1', NULL, 0, '00000190-75e4-3e38-5f8f-69a82fb83c15', 1, 'YToxOntpOjA7czoyMToic3RpY19Kb2JfQXBwbGljYXRpb25zIjt9', 'status', 'Equal_To', 'Value', 'accepted'),
('00000f10-1111-2222-3333-69a82fb83c15', '', UTC_TIMESTAMP(), UTC_TIMESTAMP(), '1', '1', NULL, 0, '00000190-75e4-3e38-5f8f-69a82fb83c15', 2, 'YToxOntpOjA7czoyMToic3RpY19Kb2JfQXBwbGljYXRpb25zIjt9', 'status', 'Equal_To', 'Any_Change', NULL);
REPLACE INTO aow_actions (id, name, date_entered, date_modified, modified_user_id, created_by, description, deleted, aow_workflow_id, action_order, action, parameters) VALUES
('000009bf-d247-6e61-ac71-69a82f5103df', 'Acció Enviament notificació - Estat Acceptada (usuari assignat)', UTC_TIMESTAMP(), UTC_TIMESTAMP(), '1', '1', NULL, 0, '00000190-75e4-3e38-5f8f-69a82fb83c15', 1, 'SendEmail', 'YToxMDp7czoxNjoiaW5kaXZpZHVhbF9lbWFpbCI7czoxOiIxIjtzOjE0OiJlbWFpbF90ZW1wbGF0ZSI7czozNjoiMWEyZDZmMTAtOGUzMi00ZjhhLTlhMTEtM2IxYjdjMmEwMDAxIjtzOjExOiJvdXRwdXRfc210cCI7czo2OiJzeXN0ZW0iO3M6MTU6ImZyb21fZW1haWxfbmFtZSI7czowOiIiO3M6MTg6ImZyb21fZW1haWxfYWRkcmVzcyI7czowOiIiO3M6MTM6InJlcGx5X3RvX25hbWUiO3M6MDoiIjtzOjg6InJlcGx5X3RvIjtzOjA6IiI7czoxMzoiZW1haWxfdG9fdHlwZSI7YToyOntpOjA7czoyOiJ0byI7aToxO3M6MjoiY2MiO31zOjE3OiJlbWFpbF90YXJnZXRfdHlwZSI7YToxOntpOjA7czoxMzoiUmVsYXRlZCBGaWVsZCI7fXM6NToiZW1haWwiO2E6MTp7aTowO3M6MTg6ImFzc2lnbmVkX3VzZXJfbGluayI7fX0='),
('000009c1-d247-6e61-ac71-69a82f5103d1', 'Acció Enviament notificació - Estat Acceptada (candidat)', UTC_TIMESTAMP(), UTC_TIMESTAMP(), '1', '1', NULL, 0, '00000190-75e4-3e38-5f8f-69a82fb83c15', 2, 'SendEmail', 'YToxMDp7czoxNjoiaW5kaXZpZHVhbF9lbWFpbCI7czoxOiIxIjtzOjE0OiJlbWFpbF90ZW1wbGF0ZSI7czozNjoiMWEyZDZmMTAtOGUzMi00ZjhhLTlhMTEtM2IxYjdjMmEwMDAyIjtzOjExOiJvdXRwdXRfc210cCI7czo2OiJzeXN0ZW0iO3M6MTU6ImZyb21fZW1haWxfbmFtZSI7czowOiIiO3M6MTg6ImZyb21fZW1haWxfYWRkcmVzcyI7czowOiIiO3M6MTM6InJlcGx5X3RvX25hbWUiO3M6MDoiIjtzOjg6InJlcGx5X3RvIjtzOjA6IiI7czoxMzoiZW1haWxfdG9fdHlwZSI7YToyOntpOjA7czoyOiJ0byI7aToxO3M6MjoiY2MiO31zOjE3OiJlbWFpbF90YXJnZXRfdHlwZSI7YToxOntpOjA7czoxMzoiUmVsYXRlZCBGaWVsZCI7fXM6NToiZW1haWwiO2E6MTp7aTowO3M6MzA6InN0aWNfam9iX2FwcGxpY2F0aW9uc19jb250YWN0cyI7fX0=');

-- Candidatures - Notificació - Estat Rebutjada o tancada
REPLACE INTO aow_workflow (id, name, date_entered, date_modified, modified_user_id, created_by, description, deleted, assigned_user_id, flow_module, flow_run_on, status, run_when, multiple_runs, run_on_import) VALUES
('00000ace-02d2-2425-107e-69a82a9eacb5', 'Candidatures - Notificació - Estat Rebutjada o tancada', UTC_TIMESTAMP(), UTC_TIMESTAMP(), '1', '1', 'Flux de treball que envia una notificació quan una candidatura ha canviat a estat Rebutjada o tancada.', 0, '1', 'stic_Job_Applications', 'Modified_Records', 'Inactive', 'On_Save', 1, 0);
REPLACE INTO aow_conditions (id, name, date_entered, date_modified, modified_user_id, created_by, description, deleted, aow_workflow_id, condition_order, module_path, field, operator, value_type, value) VALUES
('000001a5-41d3-7d65-fe58-69a82a22be9d', '', UTC_TIMESTAMP(), UTC_TIMESTAMP(), '1', '1', NULL, 0, '00000ace-02d2-2425-107e-69a82a9eacb5', 1, 'YToxOntpOjA7czoyMToic3RpY19Kb2JfQXBwbGljYXRpb25zIjt9', 'status', 'Equal_To', 'Value', 'rejected_closed'),
('00000f11-1111-2222-3333-69a82a9eacb5', '', UTC_TIMESTAMP(), UTC_TIMESTAMP(), '1', '1', NULL, 0, '00000ace-02d2-2425-107e-69a82a9eacb5', 2, 'YToxOntpOjA7czoyMToic3RpY19Kb2JfQXBwbGljYXRpb25zIjt9', 'status', 'Equal_To', 'Any_Change', NULL);
REPLACE INTO aow_actions (id, name, date_entered, date_modified, modified_user_id, created_by, description, deleted, aow_workflow_id, action_order, action, parameters) VALUES
('00000b52-cd9a-161e-c7d1-69a82a27d7fb', 'Acció Enviament notificació - Estat Rebutjada o tancada (usuari assignat)', UTC_TIMESTAMP(), UTC_TIMESTAMP(), '1', '1', NULL, 0, '00000ace-02d2-2425-107e-69a82a9eacb5', 1, 'SendEmail', 'YToxMDp7czoxNjoiaW5kaXZpZHVhbF9lbWFpbCI7czoxOiIxIjtzOjE0OiJlbWFpbF90ZW1wbGF0ZSI7czozNjoiMWEyZDZmMTAtOGUzMi00ZjhhLTlhMTEtM2IxYjdjMmEwMDA0IjtzOjExOiJvdXRwdXRfc210cCI7czo2OiJzeXN0ZW0iO3M6MTU6ImZyb21fZW1haWxfbmFtZSI7czowOiIiO3M6MTg6ImZyb21fZW1haWxfYWRkcmVzcyI7czowOiIiO3M6MTM6InJlcGx5X3RvX25hbWUiO3M6MDoiIjtzOjg6InJlcGx5X3RvIjtzOjA6IiI7czoxMzoiZW1haWxfdG9fdHlwZSI7YToyOntpOjA7czoyOiJ0byI7aToxO3M6MjoiY2MiO31zOjE3OiJlbWFpbF90YXJnZXRfdHlwZSI7YToxOntpOjA7czoxMzoiUmVsYXRlZCBGaWVsZCI7fXM6NToiZW1haWwiO2E6MTp7aTowO3M6MTg6ImFzc2lnbmVkX3VzZXJfbGluayI7fX0='),
('00000b53-cd9a-161e-c7d1-69a82a27d7f1', 'Acció Enviament notificació - Estat Rebutjada o tancada (candidat)', UTC_TIMESTAMP(), UTC_TIMESTAMP(), '1', '1', NULL, 0, '00000ace-02d2-2425-107e-69a82a9eacb5', 2, 'SendEmail', 'YToxMDp7czoxNjoiaW5kaXZpZHVhbF9lbWFpbCI7czoxOiIxIjtzOjE0OiJlbWFpbF90ZW1wbGF0ZSI7czozNjoiMWEyZDZmMTAtOGUzMi00ZjhhLTlhMTEtM2IxYjdjMmEwMDA1IjtzOjExOiJvdXRwdXRfc210cCI7czo2OiJzeXN0ZW0iO3M6MTU6ImZyb21fZW1haWxfbmFtZSI7czowOiIiO3M6MTg6ImZyb21fZW1haWxfYWRkcmVzcyI7czowOiIiO3M6MTM6InJlcGx5X3RvX25hbWUiO3M6MDoiIjtzOjg6InJlcGx5X3RvIjtzOjA6IiI7czoxMzoiZW1haWxfdG9fdHlwZSI7YToyOntpOjA7czoyOiJ0byI7aToxO3M6MjoiY2MiO31zOjE3OiJlbWFpbF90YXJnZXRfdHlwZSI7YToxOntpOjA7czoxMzoiUmVsYXRlZCBGaWVsZCI7fXM6NToiZW1haWwiO2E6MTp7aTowO3M6MzA6InN0aWNfam9iX2FwcGxpY2F0aW9uc19jb250YWN0cyI7fX0=');

-- Candidatures - Notificació - Altres estats
REPLACE INTO aow_workflow (id, name, date_entered, date_modified, modified_user_id, created_by, description, deleted, assigned_user_id, flow_module, flow_run_on, status, run_when, multiple_runs, run_on_import) VALUES
('00000174-497a-ef41-5ae8-69a830ec33ce', 'Candidatures - Notificació - Altres estats', UTC_TIMESTAMP(), UTC_TIMESTAMP(), '1', '1', 'Flux de treball que envia una notificació quan una candidatura canvia a altres estats diferents d''Acceptada i Rebutjada/tancada.', 0, '1', 'stic_Job_Applications', 'Modified_Records', 'Inactive', 'On_Save', 1, 0);
REPLACE INTO aow_conditions (id, name, date_entered, date_modified, modified_user_id, created_by, description, deleted, aow_workflow_id, condition_order, module_path, field, operator, value_type, value) VALUES
('0000033d-8ae0-fe4a-64ba-69a830439caf', '', UTC_TIMESTAMP(), UTC_TIMESTAMP(), '1', '1', NULL, 0, '00000174-497a-ef41-5ae8-69a830ec33ce', 1, 'YToxOntpOjA7czoyMToic3RpY19Kb2JfQXBwbGljYXRpb25zIjt9', 'status', 'Equal_To', 'Multi', '^expected_presentation^,^presented^,^pending_interview^,^interviewed^'),
('00000f13-1111-2222-3333-69a830ec33ce', '', UTC_TIMESTAMP(), UTC_TIMESTAMP(), '1', '1', NULL, 0, '00000174-497a-ef41-5ae8-69a830ec33ce', 2, 'YToxOntpOjA7czoyMToic3RpY19Kb2JfQXBwbGljYXRpb25zIjt9', 'status', 'Not_Equal_To', 'Multi', '^review^,^accepted^,^rejected_closed^'),
('00000f12-1111-2222-3333-69a830ec33ce', '', UTC_TIMESTAMP(), UTC_TIMESTAMP(), '1', '1', NULL, 0, '00000174-497a-ef41-5ae8-69a830ec33ce', 3, 'YToxOntpOjA7czoyMToic3RpY19Kb2JfQXBwbGljYXRpb25zIjt9', 'status', 'Equal_To', 'Any_Change', NULL);
REPLACE INTO aow_actions (id, name, date_entered, date_modified, modified_user_id, created_by, description, deleted, aow_workflow_id, action_order, action, parameters) VALUES
('00000b79-f2fc-034b-4bb2-69a830fb223b', 'Acció Enviament notificació - Altres estats (usuari assignat)', UTC_TIMESTAMP(), UTC_TIMESTAMP(), '1', '1', NULL, 0, '00000174-497a-ef41-5ae8-69a830ec33ce', 1, 'SendEmail', 'YToxMDp7czoxNjoiaW5kaXZpZHVhbF9lbWFpbCI7czoxOiIxIjtzOjE0OiJlbWFpbF90ZW1wbGF0ZSI7czozNjoiMWEyZDZmMTAtOGUzMi00ZjhhLTlhMTEtM2IxYjdjMmEwMDA3IjtzOjExOiJvdXRwdXRfc210cCI7czo2OiJzeXN0ZW0iO3M6MTU6ImZyb21fZW1haWxfbmFtZSI7czowOiIiO3M6MTg6ImZyb21fZW1haWxfYWRkcmVzcyI7czowOiIiO3M6MTM6InJlcGx5X3RvX25hbWUiO3M6MDoiIjtzOjg6InJlcGx5X3RvIjtzOjA6IiI7czoxMzoiZW1haWxfdG9fdHlwZSI7YToyOntpOjA7czoyOiJ0byI7aToxO3M6MjoiY2MiO31zOjE3OiJlbWFpbF90YXJnZXRfdHlwZSI7YToxOntpOjA7czoxMzoiUmVsYXRlZCBGaWVsZCI7fXM6NToiZW1haWwiO2E6MTp7aTowO3M6MTg6ImFzc2lnbmVkX3VzZXJfbGluayI7fX0='),
('00000b80-f2fc-034b-4bb2-69a830fb2240', 'Acció Enviament notificació - Altres estats (candidat)', UTC_TIMESTAMP(), UTC_TIMESTAMP(), '1', '1', NULL, 0, '00000174-497a-ef41-5ae8-69a830ec33ce', 2, 'SendEmail', 'YToxMDp7czoxNjoiaW5kaXZpZHVhbF9lbWFpbCI7czoxOiIxIjtzOjE0OiJlbWFpbF90ZW1wbGF0ZSI7czozNjoiMWEyZDZmMTAtOGUzMi00ZjhhLTlhMTEtM2IxYjdjMmEwMDA4IjtzOjExOiJvdXRwdXRfc210cCI7czo2OiJzeXN0ZW0iO3M6MTU6ImZyb21fZW1haWxfbmFtZSI7czowOiIiO3M6MTg6ImZyb21fZW1haWxfYWRkcmVzcyI7czowOiIiO3M6MTM6InJlcGx5X3RvX25hbWUiO3M6MDoiIjtzOjg6InJlcGx5X3RvIjtzOjA6IiI7czoxMzoiZW1haWxfdG9fdHlwZSI7YToyOntpOjA7czoyOiJ0byI7aToxO3M6MjoiY2MiO31zOjE3OiJlbWFpbF90YXJnZXRfdHlwZSI7YToxOntpOjA7czoxMzoiUmVsYXRlZCBGaWVsZCI7fXM6NToiZW1haWwiO2E6MTp7aTowO3M6MzA6InN0aWNfam9iX2FwcGxpY2F0aW9uc19jb250YWN0cyI7fX0=');


-- Ofertes laborals - Notificació - Data de tancament vençuda sense estat tancada
REPLACE INTO aow_workflow (id, name, date_entered, date_modified, modified_user_id, created_by, description, deleted, assigned_user_id, flow_module, flow_run_on, status, run_when, multiple_runs, run_on_import) VALUES
('000009c0-3302-dbf2-c1b7-69a850a8b6d5', 'Ofertes laborals - Notificació - Data de tancament', UTC_TIMESTAMP(), UTC_TIMESTAMP(), '1', '1', 'Flux de treball que envia una notificació a l''usuari assignat quan la data de tancament d''una oferta és el dia anterior i no té estat Tancada.', 0, '1', 'stic_Job_Offers', 'All_Records', 'Inactive', 'On_Save', 1, 0);
REPLACE INTO aow_conditions (id, name, date_entered, date_modified, modified_user_id, created_by, description, deleted, aow_workflow_id, condition_order, module_path, field, operator, value_type, value) VALUES
('000000cd-0341-b540-66b5-69a8502ff15d', '', UTC_TIMESTAMP(), UTC_TIMESTAMP(), '1', '1', NULL, 0, '000009c0-3302-dbf2-c1b7-69a850a8b6d5', 3, 'YToxOntpOjA7czoxNToic3RpY19Kb2JfT2ZmZXJzIjt9', 'assigned_user_id', 'Not_Equal_To', 'Value', NULL),
('000002a2-0646-1de2-e72c-69a85088e3cf', '', UTC_TIMESTAMP(), UTC_TIMESTAMP(), '1', '1', NULL, 0, '000009c0-3302-dbf2-c1b7-69a850a8b6d5', 1, 'YToxOntpOjA7czoxNToic3RpY19Kb2JfT2ZmZXJzIjt9', 'applications_end_date', 'Equal_To', 'Date', 'YTo0OntpOjA7czo1OiJ0b2RheSI7aToxO3M6NToibWludXMiO2k6MjtzOjE6IjEiO2k6MztzOjM6ImRheSI7fQ=='),
('000003b5-2bb2-8999-84b6-69a850918ce2', '', UTC_TIMESTAMP(), UTC_TIMESTAMP(), '1', '1', NULL, 0, '000009c0-3302-dbf2-c1b7-69a850a8b6d5', 2, 'YToxOntpOjA7czoxNToic3RpY19Kb2JfT2ZmZXJzIjt9', 'status', 'Not_Equal_To', 'Multi', '^closed_covered^,^closed_partially_covered^,^closed_not_covered^');
REPLACE INTO aow_actions (id, name, date_entered, date_modified, modified_user_id, created_by, description, deleted, aow_workflow_id, action_order, action, parameters) VALUES
('00000727-a7fd-96e4-64fa-69a850c229f5', 'Acció Enviament notificació - Data de tancament', UTC_TIMESTAMP(), UTC_TIMESTAMP(), '1', '1', NULL, 0, '000009c0-3302-dbf2-c1b7-69a850a8b6d5', 1, 'SendEmail', 'YToxMDp7czoxNjoiaW5kaXZpZHVhbF9lbWFpbCI7czoxOiIwIjtzOjE0OiJlbWFpbF90ZW1wbGF0ZSI7czozNjoiZDNjMWQ1YjctZjhkMi00ZGY0LTlmNmItMmM2M2FhNmI4ZTQxIjtzOjEzOiJvdXRib3VuZF9zbXRwIjtzOjY6InN5c3RlbSI7czoxNToiZnJvbV9lbWFpbF9uYW1lIjtzOjA6IiI7czoxODoiZnJvbV9lbWFpbF9hZGRyZXNzIjtzOjA6IiI7czoxMzoicmVwbHlfdG9fbmFtZSI7czowOiIiO3M6ODoicmVwbHlfdG8iO3M6MDoiIjtzOjEzOiJlbWFpbF90b190eXBlIjthOjE6e2k6MDtzOjI6InRvIjt9czoxNzoiZW1haWxfdGFyZ2V0X3R5cGUiO2E6MTp7aTowO3M6MTM6IlJlbGF0ZWQgRmllbGQiO31zOjU6ImVtYWlsIjthOjE6e2k6MDtzOjE4OiJhc3NpZ25lZF91c2VyX2xpbmsiO319');

-- Ofertes laborals - Notificació - Nova oferta laboral
REPLACE INTO aow_workflow (id, name, date_entered, date_modified, modified_user_id, created_by, description, deleted, assigned_user_id, flow_module, flow_run_on, status, run_when, multiple_runs, run_on_import) VALUES
('3c0a5f6e-0001-4f8a-9a11-3b1b7c2a0200', 'Ofertes laborals - Notificació - Nova oferta', UTC_TIMESTAMP(), UTC_TIMESTAMP(), '1', '1', 'Flux de treball que envia una notificació a l''usuari assignat en crear una nova oferta laboral.', 0, '1', 'stic_Job_Offers', 'New_Records', 'Inactive', 'On_Save', 0, 0);
REPLACE INTO aow_actions (id, name, date_entered, date_modified, modified_user_id, created_by, description, deleted, aow_workflow_id, action_order, action, parameters) VALUES
('3c0a5f6e-0001-4f8a-9a11-3b1b7c2a0201', 'Acció Enviament notificació - Nova oferta', UTC_TIMESTAMP(), UTC_TIMESTAMP(), '1', '1', NULL, 0, '3c0a5f6e-0001-4f8a-9a11-3b1b7c2a0200', 1, 'SendEmail', 'YToxMDp7czoxNjoiaW5kaXZpZHVhbF9lbWFpbCI7czoxOiIxIjtzOjE0OiJlbWFpbF90ZW1wbGF0ZSI7czozNjoiM2MwYTVmNmUtMTExMS00ZjhhLTlhMTEtM2IxYjdjMmEwMTAxIjtzOjExOiJvdXRwdXRfc210cCI7czo2OiJzeXN0ZW0iO3M6MTU6ImZyb21fZW1haWxfbmFtZSI7czowOiIiO3M6MTg6ImZyb21fZW1haWxfYWRkcmVzcyI7czowOiIiO3M6MTM6InJlcGx5X3RvX25hbWUiO3M6MDoiIjtzOjg6InJlcGx5X3RvIjtzOjA6IiI7czoxMzoiZW1haWxfdG9fdHlwZSI7YToxOntpOjA7czoyOiJ0byI7fXM6MTc6ImVtYWlsX3RhcmdldF90eXBlIjthOjE6e2k6MDtzOjEzOiJSZWxhdGVkIEZpZWxkIjt9czo1OiJlbWFpbCI7YToxOntpOjA7czoxODoiYXNzaWduZWRfdXNlcl9saW5rIjt9fQ==');

-- Configuraciò per a l'enviament de credencials de l'Àrea Privada
REPLACE INTO `stic_settings` (`id`, `date_entered`, `date_modified`, `modified_user_id`, `created_by`, `deleted`, `assigned_user_id`, `type`, `name`, `value`, `description`) VALUES
('f8b4a3a2-9f40-4c2e-9f8d-5e76a20f5d11', NOW(), NOW(), '1', '1', 0, '1', 'PRIVATEAREA', 'PRIVATEAREA_SEND_CREDENTIALS_ON_ENABLE', '0', 'Indica si s enviaran automàticament les credencials de l Àrea Privada en activar el camp stic_pa_enable_c (0 = No, 1 = Sí)'),
('4ef9497d-6511-4a87-9467-01ca8ac99f20', NOW(), NOW(), '1', '1', 0, '1', 'PRIVATEAREA', 'PRIVATEAREA_CREDENTIALS_TEMPLATE_CONTACTS', '6e6f5a91-2cb9-4f42-bf26-0a13b2f1c101', 'ID de la plantilla de correu de tipus Notificació per a l enviament de credencials de l Àrea Privada a Personas'),
('8a2014ed-569d-44ad-b03a-f39420aa7ef6', NOW(), NOW(), '1', '1', 0, '1', 'PRIVATEAREA', 'PRIVATEAREA_CREDENTIALS_TEMPLATE_ACCOUNTS', '6e6f5a91-2cb9-4f42-bf26-0a13b2f1c102', 'ID de la plantilla de correu de tipus Notificació per a l enviament de credencials de l Àrea Privada a Comptes');

-- Candidatures - Notificació - Nova candidatura
REPLACE INTO aow_workflow (id, name, date_entered, date_modified, modified_user_id, created_by, description, deleted, assigned_user_id, flow_module, flow_run_on, status, run_when, multiple_runs, run_on_import) VALUES
('2f1b6d2e-6b9c-4b06-9c1e-4b3d4d80a101', 'Candidatures - Notificació - Nova candidatura', UTC_TIMESTAMP(), UTC_TIMESTAMP(), '1', '1', 'Flux de treball que envia una notificació a l''usuari assignat quan es presenta una nova candidatura.', 0, '1', 'stic_Job_Applications', 'New_Records', 'Inactive', 'On_Save', 0, 0);
REPLACE INTO aow_actions (id, name, date_entered, date_modified, modified_user_id, created_by, description, deleted, aow_workflow_id, action_order, action, parameters) VALUES
('2f1b6d2e-6b9c-4b06-9c1e-4b3d4d80a103', 'Acció Enviament notificació - Nova candidatura (usuari assignat)', UTC_TIMESTAMP(), UTC_TIMESTAMP(), '1', '1', NULL, 0, '2f1b6d2e-6b9c-4b06-9c1e-4b3d4d80a101', 1, 'SendEmail', 'YToxMDp7czoxNjoiaW5kaXZpZHVhbF9lbWFpbCI7czoxOiIxIjtzOjE0OiJlbWFpbF90ZW1wbGF0ZSI7czozNjoiN2E5ZjhmM2EtMmQxZi00YTQwLTlkZDYtN2M2ZjllMWI3MDAxIjtzOjExOiJvdXRwdXRfc210cCI7czo2OiJzeXN0ZW0iO3M6MTU6ImZyb21fZW1haWxfbmFtZSI7czowOiIiO3M6MTg6ImZyb21fZW1haWxfYWRkcmVzcyI7czowOiIiO3M6MTM6InJlcGx5X3RvX25hbWUiO3M6MDoiIjtzOjg6InJlcGx5X3RvIjtzOjA6IiI7czoxMzoiZW1haWxfdG9fdHlwZSI7YToxOntpOjA7czoyOiJ0byI7fXM6MTc6ImVtYWlsX3RhcmdldF90eXBlIjthOjE6e2k6MDtzOjEzOiJSZWxhdGVkIEZpZWxkIjt9czo1OiJlbWFpbCI7YToxOntpOjA7czoxODoiYXNzaWduZWRfdXNlcl9saW5rIjt9fQ=='),
('2f1b6d2e-6b9c-4b06-9c1e-4b3d4d80a104', 'Acció Enviament notificació - Nova candidatura (candidat)', UTC_TIMESTAMP(), UTC_TIMESTAMP(), '1', '1', NULL, 0, '2f1b6d2e-6b9c-4b06-9c1e-4b3d4d80a101', 2, 'SendEmail', 'YToxMDp7czoxNjoiaW5kaXZpZHVhbF9lbWFpbCI7czoxOiIxIjtzOjE0OiJlbWFpbF90ZW1wbGF0ZSI7czozNjoiN2E5ZjhmM2EtMmQxZi00YTQwLTlkZDYtN2M2ZjllMWI3MDAzIjtzOjExOiJvdXRwdXRfc210cCI7czo2OiJzeXN0ZW0iO3M6MTU6ImZyb21fZW1haWxfbmFtZSI7czowOiIiO3M6MTg6ImZyb21fZW1haWxfYWRkcmVzcyI7czowOiIiO3M6MTM6InJlcGx5X3RvX25hbWUiO3M6MDoiIjtzOjg6InJlcGx5X3RvIjtzOjA6IiI7czoxMzoiZW1haWxfdG9fdHlwZSI7YToyOntpOjA7czoyOiJ0byI7aToxO3M6MjoiY2MiO31zOjE3OiJlbWFpbF90YXJnZXRfdHlwZSI7YToxOntpOjA7czoxMzoiUmVsYXRlZCBGaWVsZCI7fXM6NToiZW1haWwiO2E6MTp7aTowO3M6MzA6InN0aWNfam9iX2FwcGxpY2F0aW9uc19jb250YWN0cyI7fX0=');
REPLACE INTO aow_conditions (id, name, date_entered, date_modified, modified_user_id, created_by, description, deleted, aow_workflow_id, condition_order, module_path, field, operator, value_type, value) VALUES
('0000047a-f4b7-3937-dff0-69d8c03ca9bd', '', UTC_TIMESTAMP(), UTC_TIMESTAMP(), '1', '1', NULL, 0, '2f1b6d2e-6b9c-4b06-9c1e-4b3d4d80a101', 1, 'YToxOntpOjA7czoyMToic3RpY19Kb2JfQXBwbGljYXRpb25zIjt9', 'status', 'Equal_To', 'Value', 'review');

-- Missatges - Notificació - Nou missatge
REPLACE INTO aow_workflow (id, name, date_entered, date_modified, modified_user_id, created_by, description, deleted, assigned_user_id, flow_module, flow_run_on, status, run_when, multiple_runs, run_on_import) VALUES
('3a5c7d8e-8b2f-4c1c-9c2b-6e6b0c90b201', 'Missatges - Notificació - Nou missatge', UTC_TIMESTAMP(), UTC_TIMESTAMP(), '1', '1', 'Flux de treball que envia una notificació a l''usuari assignat quan es rep un nou missatge en converses.', 0, '1', 'stic_Messages', 'New_Records', 'Inactive', 'On_Save', 0, 0);
REPLACE INTO aow_actions (id, name, date_entered, date_modified, modified_user_id, created_by, description, deleted, aow_workflow_id, action_order, action, parameters) VALUES
('3a5c7d8e-8b2f-4c1c-9c2b-6e6b0c90b205', 'Acció Enviament notificació - Nou missatge (usuari assignat)', UTC_TIMESTAMP(), UTC_TIMESTAMP(), '1', '1', NULL, 0, '3a5c7d8e-8b2f-4c1c-9c2b-6e6b0c90b201', 1, 'SendEmail', 'YToxMDp7czoxNjoiaW5kaXZpZHVhbF9lbWFpbCI7czoxOiIxIjtzOjE0OiJlbWFpbF90ZW1wbGF0ZSI7czozNjoiN2E5ZjhmM2EtMmQxZi00YTQwLTlkZDYtN2M2ZjllMWI3MDAyIjtzOjExOiJvdXRwdXRfc210cCI7czo2OiJzeXN0ZW0iO3M6MTU6ImZyb21fZW1haWxfbmFtZSI7czowOiIiO3M6MTg6ImZyb21fZW1haWxfYWRkcmVzcyI7czowOiIiO3M6MTM6InJlcGx5X3RvX25hbWUiO3M6MDoiIjtzOjg6InJlcGx5X3RvIjtzOjA6IiI7czoxMzoiZW1haWxfdG9fdHlwZSI7YToxOntpOjA7czoyOiJ0byI7fXM6MTc6ImVtYWlsX3RhcmdldF90eXBlIjthOjE6e2k6MDtzOjEzOiJSZWxhdGVkIEZpZWxkIjt9czo1OiJlbWFpbCI7YToxOntpOjA7czoxODoiYXNzaWduZWRfdXNlcl9saW5rIjt9fQ==');
REPLACE INTO aow_conditions (id, name, date_entered, date_modified, modified_user_id, created_by, description, deleted, aow_workflow_id, condition_order, module_path, field, operator, value_type, value) VALUES
('3a5c7d8e-8b2f-4c1c-9c2b-6e6b0c90b202', '', UTC_TIMESTAMP(), UTC_TIMESTAMP(), '1', '1', NULL, 0, '3a5c7d8e-8b2f-4c1c-9c2b-6e6b0c90b201', 1, 'YToxOntpOjA7czoxMzoic3RpY19NZXNzYWdlcyI7fQ==', 'type', 'Equal_To', 'Value', 'conversation'),
('3a5c7d8e-8b2f-4c1c-9c2b-6e6b0c90b203', '', UTC_TIMESTAMP(), UTC_TIMESTAMP(), '1', '1', NULL, 0, '3a5c7d8e-8b2f-4c1c-9c2b-6e6b0c90b201', 2, 'YToxOntpOjA7czoxMzoic3RpY19NZXNzYWdlcyI7fQ==', 'status', 'Equal_To', 'Value', 'sent'),
('3a5c7d8e-8b2f-4c1c-9c2b-6e6b0c90b204', '', UTC_TIMESTAMP(), UTC_TIMESTAMP(), '1', '1', NULL, 0, '3a5c7d8e-8b2f-4c1c-9c2b-6e6b0c90b201', 3, 'YToxOntpOjA7czoxMzoic3RpY19NZXNzYWdlcyI7fQ==', 'parent_type', 'Equal_To', 'Value', 'Contacts');