-- Plantilles de notificacions per al mòdul d'ofertes laborals i candidatures
REPLACE INTO email_templates (id,date_entered,date_modified,modified_user_id,created_by,published,name,description,subject,body,body_html,deleted,assigned_user_id,text_only,`type`) VALUES
	 -- Oferta laboral - Notificació - Tancament vençut i estat no tancat
	('d3c1d5b7-f8d2-4df4-9f6b-2c63aa6b8e41', NOW(), NOW(), '1', '1', NULL, 'Notificació - Oferta amb tancament vençut sense estat tancada', 'Plantilla per notificar al responsable que l''oferta té la data de tancament de candidatures d''ahir i no està en estat tancada o similar.', 'Revisar oferta laboral: tancament de candidatures vençut - $stic_job_offers_name', 'Benvolgut/da $stic_job_offers_assigned_user_name,\r\n\r\nL''oferta laboral $stic_job_offers_name té la data de tancament de candidatures vençuda (ahir) i actualment està en estat $stic_job_offers_status.\r\n\r\nSi us plau, revisa l''oferta i actualitza''n l''estat si correspon: $sugarurl/index.php?module=stic_Job_Offers&action=DetailView&record=$stic_job_offers_id', '<p>Benvolgut/da $stic_job_offers_assigned_user_name,</p>\n<p>L''oferta laboral <strong>$stic_job_offers_name</strong> té la data de tancament de candidatures vençuda (ahir) i actualment està en estat <strong>$stic_job_offers_status</strong>.</p>\n<p>Si us plau, <a href="$sugarurl/index.php?module=stic_Job_Offers&action=DetailView&record=$stic_job_offers_id">revisa l''oferta</a> i actualitza''n l''estat si correspon.</p>', 0, '1', 0, 'notification'),
	-- Candidatura acceptada - Usuari assignat 
	('1a2d6f10-8e32-4f8a-9a11-3b1b7c2a0001', NOW(), NOW(), '1', '1', NULL, 'Candidatura acceptada - Usuari assignat ', 'Notifica a l''usuari assignat quan una candidatura passa a Acceptada, amb enllaç al CRM.', 'Candidatura acceptada: $stic_job_applications_stic_job_applications_stic_job_offers_name', 'Benvolgut/da $stic_job_applications_assigned_user_name,\r\n\r\nLa candidatura de $stic_job_applications_stic_job_applications_contacts_name per a l''oferta $stic_job_applications_stic_job_applications_stic_job_offers_name ha canviat a estat Acceptada.\r\n\r\nLa pots revisar al CRM: $sugarurl/index.php?module=stic_Job_Applications&action=DetailView&record=$stic_job_applications_id', '<p>Benvolgut/da $stic_job_applications_assigned_user_name,</p><p>La candidatura de <strong>$stic_job_applications_stic_job_applications_contacts_name</strong> per a l''oferta <strong>$stic_job_applications_stic_job_applications_stic_job_offers_name</strong> ha canviat a estat <strong>Acceptada</strong>.</p><p>La pots revisar al CRM: <a href="$sugarurl/index.php?module=stic_Job_Applications&action=DetailView&record=$stic_job_applications_id">Obrir candidatura al CRM</a>.</p>', 0, '1', 0, 'notification'),
	-- Candidatura acceptada - Candidat 
	('1a2d6f10-8e32-4f8a-9a11-3b1b7c2a0002', NOW(), NOW(), '1', '1', NULL, 'Candidatura acceptada - Candidat ', 'Notifica al candidat quan la seva candidatura passa a Acceptada, amb enllaç a l''àrea privada.', 'La teva candidatura ha estat acceptada: $stic_job_applications_stic_job_applications_stic_job_offers_name', 'Benvolgut/da $stic_job_applications_stic_job_applications_contacts_name:\r\n\r\nEns complau informar-te que la teva candidatura per a l''oferta $stic_job_applications_stic_job_applications_stic_job_offers_name ha passat a estat Acceptada.\r\n\r\nPots consultar-ne el detall a la teva àrea privada: $portal_address/?internalpage=single_stic_job_applications&action=detail&id=$stic_job_applications_id', '<p>Benvolgut/da $stic_job_applications_stic_job_applications_contacts_name:</p><p>Ens complau informar-te que la teva candidatura per a l''oferta <strong>$stic_job_applications_stic_job_applications_stic_job_offers_name</strong> ha passat a estat <strong>Acceptada</strong>.</p><p>Pots consultar-ne el detall a la teva àrea privada: <a href="$portal_address/?internalpage=single_stic_job_applications&action=detail&id=$stic_job_applications_id">Accedir a l''àrea privada</a>.</p>', 0, '1', 0, 'notification'),
	-- Candidatura acceptada - Organització 
	('1a2d6f10-8e32-4f8a-9a11-3b1b7c2a0003', NOW(), NOW(), '1', '1', NULL, 'Candidatura acceptada - Organització ', 'Notifica a l''organització quan una candidatura passa a Acceptada, amb enllaç a l''àrea privada.', 'Candidatura acceptada a l''oferta: $stic_job_applications_stic_job_applications_stic_job_offers_name', 'Benvolgut/da $stic_job_applications_account,\r\n\r\nLa candidatura de $stic_job_applications_stic_job_applications_contacts_name per a l''oferta $stic_job_applications_stic_job_applications_stic_job_offers_name ha passat a estat Acceptada.\r\n\r\nHo pots veure a l''àrea privada: $portal_address/?internalpage=single_stic_job_applications&action=detail&id=$stic_job_applications_id', '<p>Benvolgut/da $stic_job_applications_account,</p><p>La candidatura de <strong>$stic_job_applications_stic_job_applications_contacts_name</strong> per a l''oferta <strong>$stic_job_applications_stic_job_applications_stic_job_offers_name</strong> ha passat a estat <strong>Acceptada</strong>.</p><p>Ho pots veure a l''àrea privada: <a href="$portal_address/?internalpage=single_stic_job_applications&action=detail&id=$stic_job_applications_id">Accedir a l''àrea privada</a>.</p>', 0, '1', 0, 'notification'),
	-- Candidatura rebutjada o tancada - Usuari assignat 
	('1a2d6f10-8e32-4f8a-9a11-3b1b7c2a0004', NOW(), NOW(), '1', '1', NULL, 'Candidatura rebutjada/tancada - Usuari assignat ', 'Notifica a l''usuari assignat quan una candidatura passa a Rebutjada o tancada, amb enllaç al CRM.', 'Candidatura rebutjada o tancada: $stic_job_applications_stic_job_applications_stic_job_offers_name', 'Benvolgut/da $stic_job_applications_assigned_user_name,\r\n\r\nLa candidatura de $stic_job_applications_stic_job_applications_contacts_name per a l''oferta $stic_job_applications_stic_job_applications_stic_job_offers_name ha canviat a estat Rebutjada o tancada.\r\n\r\nPots accedir al detall a: $sugarurl/index.php?module=stic_Job_Applications&action=DetailView&record=$stic_job_applications_id', '<p>Benvolgut/da $stic_job_applications_assigned_user_name,</p><p>La candidatura de <strong>$stic_job_applications_stic_job_applications_contacts_name</strong> per a l''oferta <strong>$stic_job_applications_stic_job_applications_stic_job_offers_name</strong> ha canviat a estat <strong>Rebutjada o tancada</strong>.</p><p>Pots accedir al detall a: <a href="$sugarurl/index.php?module=stic_Job_Applications&action=DetailView&record=$stic_job_applications_id">Obrir candidatura al CRM</a>.</p>', 0, '1', 0, 'notification'),
	-- Candidatura rebutjada o tancada - Candidat 
	('1a2d6f10-8e32-4f8a-9a11-3b1b7c2a0005', NOW(), NOW(), '1', '1', NULL, 'Candidatura rebutjada/tancada - Candidat ', 'Notifica al candidat quan la seva candidatura passa a Rebutjada o tancada, amb enllaç a l''àrea privada.', 'Actualització de la teva candidatura: $stic_job_applications_stic_job_applications_stic_job_offers_name', 'Benvolgut/da $stic_job_applications_stic_job_applications_contacts_name:\r\n\r\nLa teva candidatura per a l''oferta $stic_job_applications_stic_job_applications_stic_job_offers_name ha canviat a estat Rebutjada o tancada.\r\n\r\nPots consultar-ne el detall a la teva àrea privada: $portal_address/?internalpage=single_stic_job_applications&action=detail&id=$stic_job_applications_id', '<p>Benvolgut/da $stic_job_applications_stic_job_applications_contacts_name:</p><p>La teva candidatura per a l''oferta <strong>$stic_job_applications_stic_job_applications_stic_job_offers_name</strong> ha canviat a estat <strong>Rebutjada o tancada</strong>.</p><p>Pots consultar-ne el detall a la teva àrea privada: <a href="$portal_address/?internalpage=single_stic_job_applications&action=detail&id=$stic_job_applications_id">Accedir a l''àrea privada</a>.</p>', 0, '1', 0, 'notification'),
	-- Candidatura rebutjada o tancada - Organització 
	('1a2d6f10-8e32-4f8a-9a11-3b1b7c2a0006', NOW(), NOW(), '1', '1', NULL, 'Candidatura rebutjada/tancada - Organització ', 'Notifica a l''organització quan una candidatura passa a Rebutjada o tancada, amb enllaç a l''àrea privada.', 'Candidatura rebutjada o tancada a l''oferta: $stic_job_applications_stic_job_applications_stic_job_offers_name', 'Benvolgut/da $stic_job_applications_account,\r\n\r\nLa candidatura de $stic_job_applications_stic_job_applications_contacts_name per a l''oferta $stic_job_applications_stic_job_applications_stic_job_offers_name ha canviat a estat Rebutjada o tancada.\r\n\r\nHo pots veure a l''àrea privada: $portal_address/?internalpage=single_stic_job_applications&action=detail&id=$stic_job_applications_id', '<p>Benvolgut/da $stic_job_applications_account,</p><p>La candidatura de <strong>$stic_job_applications_stic_job_applications_contacts_name</strong> per a l''oferta <strong>$stic_job_applications_stic_job_applications_stic_job_offers_name</strong> ha canviat a estat <strong>Rebutjada o tancada</strong>.</p><p>Ho pots veure a l''àrea privada: <a href="$portal_address/?internalpage=single_stic_job_applications&action=detail&id=$stic_job_applications_id">Accedir a l''àrea privada</a>.</p>', 0, '1', 0, 'notification'),
	-- Candidatura altres estats - Usuari assignat 
	('1a2d6f10-8e32-4f8a-9a11-3b1b7c2a0007', NOW(), NOW(), '1', '1', NULL, 'Candidatura altres estats - Usuari assignat ', 'Notifica a l''usuari assignat quan una candidatura passa a altres estats, amb enllaç al CRM.', 'Canvi d''estat de candidatura: $stic_job_applications_stic_job_applications_stic_job_offers_name', 'Benvolgut/da $stic_job_applications_assigned_user_name,\r\n\r\nLa candidatura de $stic_job_applications_stic_job_applications_contacts_name per a l''oferta $stic_job_applications_stic_job_applications_stic_job_offers_name ha canviat a estat $stic_job_applications_status.\r\n\r\nPots accedir al detall a: $sugarurl/index.php?module=stic_Job_Applications&action=DetailView&record=$stic_job_applications_id', '<p>Benvolgut/da $stic_job_applications_assigned_user_name,</p><p>La candidatura de <strong>$stic_job_applications_stic_job_applications_contacts_name</strong> per a l''oferta <strong>$stic_job_applications_stic_job_applications_stic_job_offers_name</strong> ha canviat a estat <strong>$stic_job_applications_status</strong>.</p><p>Pots accedir al detall a: <a href="$sugarurl/index.php?module=stic_Job_Applications&action=DetailView&record=$stic_job_applications_id">Obrir candidatura al CRM</a>.</p>', 0, '1', 0, 'notification'),
	-- Candidatura altres estats - Candidat 
	('1a2d6f10-8e32-4f8a-9a11-3b1b7c2a0008', NOW(), NOW(), '1', '1', NULL, 'Candidatura altres estats - Candidat ', 'Notifica al candidat quan la seva candidatura passa a altres estats, amb enllaç a l''àrea privada.', 'Canvi d''estat de la teva candidatura: $stic_job_applications_stic_job_applications_stic_job_offers_name', 'Benvolgut/da $stic_job_applications_stic_job_applications_contacts_name:\r\n\r\nLa teva candidatura per a l''oferta $stic_job_applications_stic_job_applications_stic_job_offers_name ha canviat a estat $stic_job_applications_status.\r\n\r\nPots consultar-ne el detall a la teva àrea privada: $portal_address/?internalpage=single_stic_job_applications&action=detail&id=$stic_job_applications_id', '<p>Benvolgut/da $stic_job_applications_stic_job_applications_contacts_name:</p><p>La teva candidatura per a l''oferta <strong>$stic_job_applications_stic_job_applications_stic_job_offers_name</strong> ha canviat a estat <strong>$stic_job_applications_status</strong>.</p><p>Pots consultar-ne el detall a la teva àrea privada: <a href="$portal_address/?internalpage=single_stic_job_applications&action=detail&id=$stic_job_applications_id">Accedir a l''àrea privada</a>.</p>', 0, '1', 0, 'notification'),
	-- Candidatura altres estats - Organització 
	('1a2d6f10-8e32-4f8a-9a11-3b1b7c2a0009', NOW(), NOW(), '1', '1', NULL, 'Candidatura altres estats - Organització ', 'Notifica a l''organització quan una candidatura passa a altres estats, amb enllaç a l''àrea privada.', 'Canvi d''estat de candidatura a l''oferta: $stic_job_applications_stic_job_applications_stic_job_offers_name', 'Benvolgut/da $stic_job_applications_account,\r\n\r\nLa candidatura de $stic_job_applications_stic_job_applications_contacts_name per a l''oferta $stic_job_applications_stic_job_applications_stic_job_offers_name ha canviat a estat $stic_job_applications_status.\r\n\r\nHo pots veure a l''àrea privada: $portal_address/?internalpage=single_stic_job_applications&action=detail&id=$stic_job_applications_id', '<p>Benvolgut/da $stic_job_applications_account,</p><p>La candidatura de <strong>$stic_job_applications_stic_job_applications_contacts_name</strong> per a l''oferta <strong>$stic_job_applications_stic_job_applications_stic_job_offers_name</strong> ha canviat a estat <strong>$stic_job_applications_status</strong>.</p><p>Ho pots veure a l''àrea privada: <a href="$portal_address/?internalpage=single_stic_job_applications&action=detail&id=$stic_job_applications_id">Accedir a l''àrea privada</a>.</p>', 0, '1', 0, 'notification'),
	-- Oferta - Canvi d''estat - Usuari assignat 
	('1a2d6f10-8e32-4f8a-9a11-3b1b7c2a0010', NOW(), NOW(), '1', '1', NULL, 'Oferta canvi d''estat - Usuari assignat ', 'Notifica a l''usuari assignat quan canvia l''estat d''una oferta, amb enllaç al CRM.', 'Canvi d''estat de l''oferta: $stic_job_offers_name', 'Benvolgut/da $stic_job_offers_assigned_user_name,\r\n\r\nL''oferta $stic_job_offers_name ha canviat a estat $stic_job_offers_status.\r\n\r\nPots accedir al detall a: $sugarurl/index.php?module=stic_Job_Offers&action=DetailView&record=$stic_job_offers_id', '<p>Benvolgut/da $stic_job_offers_assigned_user_name,</p><p>L''oferta <strong>$stic_job_offers_name</strong> ha canviat a estat <strong>$stic_job_offers_status</strong>.</p><p>Pots accedir al detall a: <a href="$sugarurl/index.php?module=stic_Job_Offers&action=DetailView&record=$stic_job_offers_id">Obrir oferta al CRM</a>.</p>', 0, '1', 0, 'notification'),
	-- Oferta - Canvi d''estat - Candidats 
	('1a2d6f10-8e32-4f8a-9a11-3b1b7c2a0011', NOW(), NOW(), '1', '1', NULL, 'Oferta canvi d''estat - Candidats ', 'Notifica als candidats un canvi d''estat de l''oferta, amb enllaç a l''àrea privada.', 'Actualització de l''oferta: $stic_job_offers_name', 'Benvolgut/da,\r\n\r\nL''oferta $stic_job_offers_name ha canviat d''estat a $stic_job_offers_status.\r\n\r\nPots consultar l''oferta a l''àrea privada: $portal_address/?internalpage=single_stic_job_offers&action=detail&id=$stic_job_offers_id', '<p>Benvolgut/da:</p><p>L''oferta <strong>$stic_job_offers_name</strong> ha canviat d''estat a <strong>$stic_job_offers_status</strong>.</p><p>Pots consultar l''oferta a l''àrea privada: <a href="$portal_address/?internalpage=single_stic_job_offers&action=detail&id=$stic_job_offers_id">Veure oferta a l''àrea privada</a>.</p>', 0, '1', 0, 'notification'),
	-- Oferta - Canvi d''estat - Organització 
	('1a2d6f10-8e32-4f8a-9a11-3b1b7c2a0012', NOW(), NOW(), '1', '1', NULL, 'Oferta canvi d''estat - Organització ', 'Notifica a l''organització un canvi d''estat de l''oferta, amb enllaç a l''àrea privada.', 'Canvi d''estat de l''oferta: $stic_job_offers_name', 'Benvolgut/da $stic_job_offers_stic_job_offers_accounts_name,\r\n\r\nL''oferta $stic_job_offers_name ha canviat d''estat a $stic_job_offers_status.\r\n\r\nPots revisar-la a l''àrea privada: $portal_address/?internalpage=single_stic_job_offers&action=detail&id=$stic_job_offers_id', '<p>Benvolgut/da $stic_job_offers_stic_job_offers_accounts_name,</p><p>L''oferta <strong>$stic_job_offers_name</strong> ha canviat d''estat a <strong>$stic_job_offers_status</strong>.</p><p>Pots revisar-la a l''àrea privada: <a href="$portal_address/?internalpage=single_stic_job_offers&action=detail&id=$stic_job_offers_id">Veure oferta a l''àrea privada</a>.</p>', 0, '1', 0, 'notification');

-- Candidatures - Notificació - Estat Acceptada
REPLACE INTO aow_workflow (id, name, date_entered, date_modified, modified_user_id, created_by, description, deleted, assigned_user_id, flow_module, flow_run_on, status, run_when, multiple_runs, run_on_import) VALUES
('00000190-75e4-3e38-5f8f-69a82fb83c15', 'Candidatures - Notificació - Estat Acceptada', NOW(), NOW(), '1', '1', 'Flux de treball que envia una notificació quan una candidatura ha canviat a estat Acceptada.', 0, '1', 'stic_Job_Applications', 'All_Records', 'Inactive', 'Always', 1, 0);
REPLACE INTO aow_conditions (id, name, date_entered, date_modified, modified_user_id, created_by, description, deleted, aow_workflow_id, condition_order, module_path, field, operator, value_type, value) VALUES
('000003b6-1b3f-4bc3-b4f5-69a82f8345f3', '', NOW(), NOW(), '1', '1', NULL, 0, '00000190-75e4-3e38-5f8f-69a82fb83c15', 1, 'YToxOntpOjA7czoyMToic3RpY19Kb2JfQXBwbGljYXRpb25zIjt9', 'status', 'Equal_To', 'Value', 'accepted'),
('00000f10-1111-2222-3333-69a82fb83c15', '', NOW(), NOW(), '1', '1', NULL, 0, '00000190-75e4-3e38-5f8f-69a82fb83c15', 2, 'YToxOntpOjA7czoyMToic3RpY19Kb2JfQXBwbGljYXRpb25zIjt9', 'status', 'Equal_To', 'Any_Change', NULL);
REPLACE INTO aow_actions (id, name, date_entered, date_modified, modified_user_id, created_by, description, deleted, aow_workflow_id, action_order, action, parameters) VALUES
('000009bf-d247-6e61-ac71-69a82f5103df', 'Acció Enviament notificació - Estat Acceptada (usuari assignat)', NOW(), NOW(), '1', '1', NULL, 0, '00000190-75e4-3e38-5f8f-69a82fb83c15', 1, 'SendEmail', 'YToxMDp7czoxNjoiaW5kaXZpZHVhbF9lbWFpbCI7czoxOiIxIjtzOjE0OiJlbWFpbF90ZW1wbGF0ZSI7czozNjoiMWEyZDZmMTAtOGUzMi00ZjhhLTlhMTEtM2IxYjdjMmEwMDAxIjtzOjExOiJvdXRwdXRfc210cCI7czo2OiJzeXN0ZW0iO3M6MTU6ImZyb21fZW1haWxfbmFtZSI7czowOiIiO3M6MTg6ImZyb21fZW1haWxfYWRkcmVzcyI7czowOiIiO3M6MTM6InJlcGx5X3RvX25hbWUiO3M6MDoiIjtzOjg6InJlcGx5X3RvIjtzOjA6IiI7czoxMzoiZW1haWxfdG9fdHlwZSI7YToyOntpOjA7czoyOiJ0byI7aToxO3M6MjoiY2MiO31zOjE3OiJlbWFpbF90YXJnZXRfdHlwZSI7YToxOntpOjA7czoxMzoiUmVsYXRlZCBGaWVsZCI7fXM6NToiZW1haWwiO2E6MTp7aTowO3M6MTg6ImFzc2lnbmVkX3VzZXJfbGluayI7fX0='),
('000009c1-d247-6e61-ac71-69a82f5103d1', 'Acció Enviament notificació - Estat Acceptada (candidat)', NOW(), NOW(), '1', '1', NULL, 0, '00000190-75e4-3e38-5f8f-69a82fb83c15', 2, 'SendEmail', 'YToxMDp7czoxNjoiaW5kaXZpZHVhbF9lbWFpbCI7czoxOiIxIjtzOjE0OiJlbWFpbF90ZW1wbGF0ZSI7czozNjoiMWEyZDZmMTAtOGUzMi00ZjhhLTlhMTEtM2IxYjdjMmEwMDAyIjtzOjExOiJvdXRwdXRfc210cCI7czo2OiJzeXN0ZW0iO3M6MTU6ImZyb21fZW1haWxfbmFtZSI7czowOiIiO3M6MTg6ImZyb21fZW1haWxfYWRkcmVzcyI7czowOiIiO3M6MTM6InJlcGx5X3RvX25hbWUiO3M6MDoiIjtzOjg6InJlcGx5X3RvIjtzOjA6IiI7czoxMzoiZW1haWxfdG9fdHlwZSI7YToyOntpOjA7czoyOiJ0byI7aToxO3M6MjoiY2MiO31zOjE3OiJlbWFpbF90YXJnZXRfdHlwZSI7YToxOntpOjA7czoxMzoiUmVsYXRlZCBGaWVsZCI7fXM6NToiZW1haWwiO2E6MTp7aTowO3M6MzA6InN0aWNfam9iX2FwcGxpY2F0aW9uc19jb250YWN0cyI7fX0='),
('000009c2-d247-6e61-ac71-69a82f5103d2', 'Acció Enviament notificació - Estat Acceptada (organització)', NOW(), NOW(), '1', '1', NULL, 0, '00000190-75e4-3e38-5f8f-69a82fb83c15', 3, 'SendEmail', 'YToxMDp7czoxNjoiaW5kaXZpZHVhbF9lbWFpbCI7czoxOiIxIjtzOjE0OiJlbWFpbF90ZW1wbGF0ZSI7czozNjoiMWEyZDZmMTAtOGUzMi00ZjhhLTlhMTEtM2IxYjdjMmEwMDAzIjtzOjExOiJvdXRwdXRfc210cCI7czo2OiJzeXN0ZW0iO3M6MTU6ImZyb21fZW1haWxfbmFtZSI7czowOiIiO3M6MTg6ImZyb21fZW1haWxfYWRkcmVzcyI7czowOiIiO3M6MTM6InJlcGx5X3RvX25hbWUiO3M6MDoiIjtzOjg6InJlcGx5X3RvIjtzOjA6IiI7czoxMzoiZW1haWxfdG9fdHlwZSI7YToyOntpOjA7czoyOiJ0byI7aToxO3M6MjoiY2MiO31zOjE3OiJlbWFpbF90YXJnZXRfdHlwZSI7YToxOntpOjA7czoxMzoiUmVsYXRlZCBGaWVsZCI7fXM6NToiZW1haWwiO2E6MTp7aTowO3M6NzoiYWNjb3VudCI7fX0=');

-- Candidatures - Notificació - Estat Rebutjada o tancada
REPLACE INTO aow_workflow (id, name, date_entered, date_modified, modified_user_id, created_by, description, deleted, assigned_user_id, flow_module, flow_run_on, status, run_when, multiple_runs, run_on_import) VALUES
('00000ace-02d2-2425-107e-69a82a9eacb5', 'Candidatures - Notificació - Estat Rebutjada o tancada', NOW(), NOW(), '1', '1', 'Flux de treball que envia una notificació quan una candidatura ha canviat a estat Rebutjada o tancada.', 0, '1', 'stic_Job_Applications', 'All_Records', 'Inactive', 'Always', 1, 0);
REPLACE INTO aow_conditions (id, name, date_entered, date_modified, modified_user_id, created_by, description, deleted, aow_workflow_id, condition_order, module_path, field, operator, value_type, value) VALUES
('000001a5-41d3-7d65-fe58-69a82a22be9d', '', NOW(), NOW(), '1', '1', NULL, 0, '00000ace-02d2-2425-107e-69a82a9eacb5', 1, 'YToxOntpOjA7czoyMToic3RpY19Kb2JfQXBwbGljYXRpb25zIjt9', 'status', 'Equal_To', 'Value', 'rejected_closed'),
('00000f11-1111-2222-3333-69a82a9eacb5', '', NOW(), NOW(), '1', '1', NULL, 0, '00000ace-02d2-2425-107e-69a82a9eacb5', 2, 'YToxOntpOjA7czoyMToic3RpY19Kb2JfQXBwbGljYXRpb25zIjt9', 'status', 'Equal_To', 'Any_Change', NULL);
REPLACE INTO aow_actions (id, name, date_entered, date_modified, modified_user_id, created_by, description, deleted, aow_workflow_id, action_order, action, parameters) VALUES
('00000b52-cd9a-161e-c7d1-69a82a27d7fb', 'Acció Enviament notificació - Estat Rebutjada o tancada (usuari assignat)', NOW(), NOW(), '1', '1', NULL, 0, '00000ace-02d2-2425-107e-69a82a9eacb5', 1, 'SendEmail', 'YToxMDp7czoxNjoiaW5kaXZpZHVhbF9lbWFpbCI7czoxOiIxIjtzOjE0OiJlbWFpbF90ZW1wbGF0ZSI7czozNjoiMWEyZDZmMTAtOGUzMi00ZjhhLTlhMTEtM2IxYjdjMmEwMDA0IjtzOjExOiJvdXRwdXRfc210cCI7czo2OiJzeXN0ZW0iO3M6MTU6ImZyb21fZW1haWxfbmFtZSI7czowOiIiO3M6MTg6ImZyb21fZW1haWxfYWRkcmVzcyI7czowOiIiO3M6MTM6InJlcGx5X3RvX25hbWUiO3M6MDoiIjtzOjg6InJlcGx5X3RvIjtzOjA6IiI7czoxMzoiZW1haWxfdG9fdHlwZSI7YToyOntpOjA7czoyOiJ0byI7aToxO3M6MjoiY2MiO31zOjE3OiJlbWFpbF90YXJnZXRfdHlwZSI7YToxOntpOjA7czoxMzoiUmVsYXRlZCBGaWVsZCI7fXM6NToiZW1haWwiO2E6MTp7aTowO3M6MTg6ImFzc2lnbmVkX3VzZXJfbGluayI7fX0='),
('00000b53-cd9a-161e-c7d1-69a82a27d7f1', 'Acció Enviament notificació - Estat Rebutjada o tancada (candidat)', NOW(), NOW(), '1', '1', NULL, 0, '00000ace-02d2-2425-107e-69a82a9eacb5', 2, 'SendEmail', 'YToxMDp7czoxNjoiaW5kaXZpZHVhbF9lbWFpbCI7czoxOiIxIjtzOjE0OiJlbWFpbF90ZW1wbGF0ZSI7czozNjoiMWEyZDZmMTAtOGUzMi00ZjhhLTlhMTEtM2IxYjdjMmEwMDA1IjtzOjExOiJvdXRwdXRfc210cCI7czo2OiJzeXN0ZW0iO3M6MTU6ImZyb21fZW1haWxfbmFtZSI7czowOiIiO3M6MTg6ImZyb21fZW1haWxfYWRkcmVzcyI7czowOiIiO3M6MTM6InJlcGx5X3RvX25hbWUiO3M6MDoiIjtzOjg6InJlcGx5X3RvIjtzOjA6IiI7czoxMzoiZW1haWxfdG9fdHlwZSI7YToyOntpOjA7czoyOiJ0byI7aToxO3M6MjoiY2MiO31zOjE3OiJlbWFpbF90YXJnZXRfdHlwZSI7YToxOntpOjA7czoxMzoiUmVsYXRlZCBGaWVsZCI7fXM6NToiZW1haWwiO2E6MTp7aTowO3M6MzA6InN0aWNfam9iX2FwcGxpY2F0aW9uc19jb250YWN0cyI7fX0='),
('00000b54-cd9a-161e-c7d1-69a82a27d7f2', 'Acció Enviament notificació - Estat Rebutjada o tancada (organització)', NOW(), NOW(), '1', '1', NULL, 0, '00000ace-02d2-2425-107e-69a82a9eacb5', 3, 'SendEmail', 'YToxMDp7czoxNjoiaW5kaXZpZHVhbF9lbWFpbCI7czoxOiIxIjtzOjE0OiJlbWFpbF90ZW1wbGF0ZSI7czozNjoiMWEyZDZmMTAtOGUzMi00ZjhhLTlhMTEtM2IxYjdjMmEwMDA2IjtzOjExOiJvdXRwdXRfc210cCI7czo2OiJzeXN0ZW0iO3M6MTU6ImZyb21fZW1haWxfbmFtZSI7czowOiIiO3M6MTg6ImZyb21fZW1haWxfYWRkcmVzcyI7czowOiIiO3M6MTM6InJlcGx5X3RvX25hbWUiO3M6MDoiIjtzOjg6InJlcGx5X3RvIjtzOjA6IiI7czoxMzoiZW1haWxfdG9fdHlwZSI7YToyOntpOjA7czoyOiJ0byI7aToxO3M6MjoiY2MiO31zOjE3OiJlbWFpbF90YXJnZXRfdHlwZSI7YToxOntpOjA7czoxMzoiUmVsYXRlZCBGaWVsZCI7fXM6NToiZW1haWwiO2E6MTp7aTowO3M6NzoiYWNjb3VudCI7fX0=');

-- Candidatures - Notificació - Altres estats
REPLACE INTO aow_workflow (id, name, date_entered, date_modified, modified_user_id, created_by, description, deleted, assigned_user_id, flow_module, flow_run_on, status, run_when, multiple_runs, run_on_import) VALUES
('00000174-497a-ef41-5ae8-69a830ec33ce', 'Candidatures - Notificació - Altres estats', NOW(), NOW(), '1', '1', 'Flux de treball que envia una notificació quan una candidatura canvia a altres estats diferents d''Acceptada i Rebutjada/tancada.', 0, '1', 'stic_Job_Applications', 'All_Records', 'Inactive', 'Always', 1, 0);
REPLACE INTO aow_conditions (id, name, date_entered, date_modified, modified_user_id, created_by, description, deleted, aow_workflow_id, condition_order, module_path, field, operator, value_type, value) VALUES
('0000033d-8ae0-fe4a-64ba-69a830439caf', '', NOW(), NOW(), '1', '1', NULL, 0, '00000174-497a-ef41-5ae8-69a830ec33ce', 1, 'YToxOntpOjA7czoyMToic3RpY19Kb2JfQXBwbGljYXRpb25zIjt9', 'status', 'Equal_To', 'Multi', '^expected_presentation^,^presented^,^pending_interview^,^interviewed^,^review^'),
('00000f12-1111-2222-3333-69a830ec33ce', '', NOW(), NOW(), '1', '1', NULL, 0, '00000174-497a-ef41-5ae8-69a830ec33ce', 2, 'YToxOntpOjA7czoyMToic3RpY19Kb2JfQXBwbGljYXRpb25zIjt9', 'status', 'Equal_To', 'Any_Change', NULL);
REPLACE INTO aow_actions (id, name, date_entered, date_modified, modified_user_id, created_by, description, deleted, aow_workflow_id, action_order, action, parameters) VALUES
('00000b79-f2fc-034b-4bb2-69a830fb223b', 'Acció Enviament notificació - Altres estats (usuari assignat)', NOW(), NOW(), '1', '1', NULL, 0, '00000174-497a-ef41-5ae8-69a830ec33ce', 1, 'SendEmail', 'YToxMDp7czoxNjoiaW5kaXZpZHVhbF9lbWFpbCI7czoxOiIxIjtzOjE0OiJlbWFpbF90ZW1wbGF0ZSI7czozNjoiMWEyZDZmMTAtOGUzMi00ZjhhLTlhMTEtM2IxYjdjMmEwMDA3IjtzOjExOiJvdXRwdXRfc210cCI7czo2OiJzeXN0ZW0iO3M6MTU6ImZyb21fZW1haWxfbmFtZSI7czowOiIiO3M6MTg6ImZyb21fZW1haWxfYWRkcmVzcyI7czowOiIiO3M6MTM6InJlcGx5X3RvX25hbWUiO3M6MDoiIjtzOjg6InJlcGx5X3RvIjtzOjA6IiI7czoxMzoiZW1haWxfdG9fdHlwZSI7YToyOntpOjA7czoyOiJ0byI7aToxO3M6MjoiY2MiO31zOjE3OiJlbWFpbF90YXJnZXRfdHlwZSI7YToxOntpOjA7czoxMzoiUmVsYXRlZCBGaWVsZCI7fXM6NToiZW1haWwiO2E6MTp7aTowO3M6MTg6ImFzc2lnbmVkX3VzZXJfbGluayI7fX0='),
('00000b80-f2fc-034b-4bb2-69a830fb2240', 'Acció Enviament notificació - Altres estats (candidat)', NOW(), NOW(), '1', '1', NULL, 0, '00000174-497a-ef41-5ae8-69a830ec33ce', 2, 'SendEmail', 'YToxMDp7czoxNjoiaW5kaXZpZHVhbF9lbWFpbCI7czoxOiIxIjtzOjE0OiJlbWFpbF90ZW1wbGF0ZSI7czozNjoiMWEyZDZmMTAtOGUzMi00ZjhhLTlhMTEtM2IxYjdjMmEwMDA4IjtzOjExOiJvdXRwdXRfc210cCI7czo2OiJzeXN0ZW0iO3M6MTU6ImZyb21fZW1haWxfbmFtZSI7czowOiIiO3M6MTg6ImZyb21fZW1haWxfYWRkcmVzcyI7czowOiIiO3M6MTM6InJlcGx5X3RvX25hbWUiO3M6MDoiIjtzOjg6InJlcGx5X3RvIjtzOjA6IiI7czoxMzoiZW1haWxfdG9fdHlwZSI7YToyOntpOjA7czoyOiJ0byI7aToxO3M6MjoiY2MiO31zOjE3OiJlbWFpbF90YXJnZXRfdHlwZSI7YToxOntpOjA7czoxMzoiUmVsYXRlZCBGaWVsZCI7fXM6NToiZW1haWwiO2E6MTp7aTowO3M6MzA6InN0aWNfam9iX2FwcGxpY2F0aW9uc19jb250YWN0cyI7fX0=');

-- Candidatures - Notificació - Altres estats (organització)
REPLACE INTO aow_workflow (id, name, date_entered, date_modified, modified_user_id, created_by, description, deleted, assigned_user_id, flow_module, flow_run_on, status, run_when, multiple_runs, run_on_import) VALUES
('11f8b4a0-52d8-4f64-a2bf-8f9e6d4c2101', 'Candidatures - Notificació - Altres estats (organització)', NOW(), NOW(), '1', '1', 'Flux de treball que envia una notificació a l''organització quan una candidatura canvia d''estat, excepte En revisió, Acceptada i Rebutjada o tancada.', 0, '1', 'stic_Job_Applications', 'All_Records', 'Inactive', 'Always', 1, 0);
REPLACE INTO aow_conditions (id, name, date_entered, date_modified, modified_user_id, created_by, description, deleted, aow_workflow_id, condition_order, module_path, field, operator, value_type, value) VALUES
('11f8b4a0-52d8-4f64-a2bf-8f9e6d4c2102', '', NOW(), NOW(), '1', '1', NULL, 0, '11f8b4a0-52d8-4f64-a2bf-8f9e6d4c2101', 1, 'YToxOntpOjA7czoyMToic3RpY19Kb2JfQXBwbGljYXRpb25zIjt9', 'status', 'Equal_To', 'Multi', '^expected_presentation^,^presented^,^pending_interview^,^interviewed^'),
('11f8b4a0-52d8-4f64-a2bf-8f9e6d4c2105', '', NOW(), NOW(), '1', '1', NULL, 0, '11f8b4a0-52d8-4f64-a2bf-8f9e6d4c2101', 2, 'YToxOntpOjA7czoyMToic3RpY19Kb2JfQXBwbGljYXRpb25zIjt9', 'status', 'Not_Equal_To', 'Multi', '^accepted^,^rejected_closed^,^review^'),
('11f8b4a0-52d8-4f64-a2bf-8f9e6d4c2103', '', NOW(), NOW(), '1', '1', NULL, 0, '11f8b4a0-52d8-4f64-a2bf-8f9e6d4c2101', 3, 'YToxOntpOjA7czoyMToic3RpY19Kb2JfQXBwbGljYXRpb25zIjt9', 'status', 'Equal_To', 'Any_Change', NULL);
REPLACE INTO aow_actions (id, name, date_entered, date_modified, modified_user_id, created_by, description, deleted, aow_workflow_id, action_order, action, parameters) VALUES
('11f8b4a0-52d8-4f64-a2bf-8f9e6d4c2104', 'Acció Enviament notificació - Altres estats (organització)', NOW(), NOW(), '1', '1', NULL, 0, '11f8b4a0-52d8-4f64-a2bf-8f9e6d4c2101', 1, 'SendEmail', 'YToxMDp7czoxNjoiaW5kaXZpZHVhbF9lbWFpbCI7czoxOiIxIjtzOjE0OiJlbWFpbF90ZW1wbGF0ZSI7czozNjoiMWEyZDZmMTAtOGUzMi00ZjhhLTlhMTEtM2IxYjdjMmEwMDA5IjtzOjExOiJvdXRwdXRfc210cCI7czo2OiJzeXN0ZW0iO3M6MTU6ImZyb21fZW1haWxfbmFtZSI7czowOiIiO3M6MTg6ImZyb21fZW1haWxfYWRkcmVzcyI7czowOiIiO3M6MTM6InJlcGx5X3RvX25hbWUiO3M6MDoiIjtzOjg6InJlcGx5X3RvIjtzOjA6IiI7czoxMzoiZW1haWxfdG9fdHlwZSI7YToyOntpOjA7czoyOiJ0byI7aToxO3M6MjoiY2MiO31zOjE3OiJlbWFpbF90YXJnZXRfdHlwZSI7YToxOntpOjA7czoxMzoiUmVsYXRlZCBGaWVsZCI7fXM6NToiZW1haWwiO2E6MTp7aTowO3M6NzoiYWNjb3VudCI7fX0=');

-- Ofertes laborals - Notificació - Data de tancament vençuda sense estat tancada
REPLACE INTO aow_workflow (id, name, date_entered, date_modified, modified_user_id, created_by, description, deleted, assigned_user_id, flow_module, flow_run_on, status, run_when, multiple_runs, run_on_import) VALUES
('000009c0-3302-dbf2-c1b7-69a850a8b6d5', 'Ofertes laborals - Notificació - Data de tancament', NOW(), NOW(), '1', '1', 'Flux de treball que envia una notificació a l''usuari assignat quan la data de tancament d''una oferta és el dia anterior i no té estat Tancada.', 0, '1', 'stic_Job_Offers', 'All_Records', 'Inactive', 'Always', 1, 0);
REPLACE INTO aow_conditions (id, name, date_entered, date_modified, modified_user_id, created_by, description, deleted, aow_workflow_id, condition_order, module_path, field, operator, value_type, value) VALUES
('000000cd-0341-b540-66b5-69a8502ff15d', '', NOW(), NOW(), '1', '1', NULL, 0, '000009c0-3302-dbf2-c1b7-69a850a8b6d5', 3, 'YToxOntpOjA7czoxNToic3RpY19Kb2JfT2ZmZXJzIjt9', 'responsible', 'Not_Equal_To', 'Value', NULL),
('000002a2-0646-1de2-e72c-69a85088e3cf', '', NOW(), NOW(), '1', '1', NULL, 0, '000009c0-3302-dbf2-c1b7-69a850a8b6d5', 1, 'YToxOntpOjA7czoxNToic3RpY19Kb2JfT2ZmZXJzIjt9', 'applications_end_date', 'Equal_To', 'Date', 'YTo0OntpOjA7czo1OiJ0b2RheSI7aToxO3M6NToibWludXMiO2k6MjtzOjE6IjEiO2k6MztzOjM6ImRheSI7fQ=='),
('000003b5-2bb2-8999-84b6-69a850918ce2', '', NOW(), NOW(), '1', '1', NULL, 0, '000009c0-3302-dbf2-c1b7-69a850a8b6d5', 2, 'YToxOntpOjA7czoxNToic3RpY19Kb2JfT2ZmZXJzIjt9', 'status', 'Not_Equal_To', 'Multi', '^closed_covered^,^closed_partially_covered^,^closed_not_covered^');
REPLACE INTO aow_actions (id, name, date_entered, date_modified, modified_user_id, created_by, description, deleted, aow_workflow_id, action_order, action, parameters) VALUES
('00000727-a7fd-96e4-64fa-69a850c229f5', 'Acció Enviament notificació - Data de tancament', NOW(), NOW(), '1', '1', NULL, 0, '000009c0-3302-dbf2-c1b7-69a850a8b6d5', 1, 'SendEmail', 'YToxMDp7czoxNjoiaW5kaXZpZHVhbF9lbWFpbCI7czoxOiIwIjtzOjE0OiJlbWFpbF90ZW1wbGF0ZSI7czozNjoiZDNjMWQ1YjctZjhkMi00ZGY0LTlmNmItMmM2M2FhNmI4ZTQxIjtzOjExOiJvdXRwdXRfc210cCI7czo2OiJzeXN0ZW0iO3M6MTU6ImZyb21fZW1haWxfbmFtZSI7czowOiIiO3M6MTg6ImZyb21fZW1haWxfYWRkcmVzcyI7czowOiIiO3M6MTM6InJlcGx5X3RvX25hbWUiO3M6MDoiIjtzOjg6InJlcGx5X3RvIjtzOjA6IiI7czoxMzoiZW1haWxfdG9fdHlwZSI7YToyOntpOjA7czoyOiJ0byI7aToxO3M6MjoiY2MiO31zOjE3OiJlbWFpbF90YXJnZXRfdHlwZSI7YToyOntpOjA7czoxMzoiUmVsYXRlZCBGaWVsZCI7aToxO3M6MTM6IlJlbGF0ZWQgRmllbGQiO31zOjU6ImVtYWlsIjthOjI6e2k6MDtzOjExOiJyZXNwb25zaWJsZSI7aToxO3M6MTg6ImFzc2lnbmVkX3VzZXJfbGluayI7fX0=');
