-- Plantilles de notificacions per al mòdul d'ofertes laborals i candidatures
REPLACE INTO email_templates (id,date_entered,date_modified,modified_user_id,created_by,published,name,description,subject,body,body_html,deleted,assigned_user_id,text_only,`type`) VALUES
	-- Notificació - Canvi d''estat d''oferta laboral
	 ('c79e5db6-d89d-487f-a4ff-6e2801f7ade5', NOW(), NOW(), '1', '1', NULL, 'Notificació - Canvi d''estat d''oferta laboral', 'Plantilla per notificar canvis d''estat en ofertes laborals.', 'Canvi d''estat de l''oferta laboral: $stic_job_offers_name', 'Benvolgut/da,\r\n\r\nL''estat de l''oferta laboral $stic_job_offers_name ha canviat a $stic_job_offers_status.', 
	 '<p>Benvolgut/da,</p>
	 <p>L''estat de l''oferta laboral <strong>$stic_job_offers_name</strong> ha canviat a <strong><span style="background-color: #f1c40f;">$stic_job_offers_status</span></strong></p>',
	 0, '1', 0, 'notification'),
	 -- Notificació - Canvi d''estat de candidatura
	 ('8ec00c6b-6102-4eb4-a601-7cdb420676a3', NOW(), NOW(), '1', '1', NULL, 'Notificació - Canvi d''estat de candidatura', 'Plantilla per defecte per notificar canvis d''estat en candidatures.', 'Canvi d''estat de la candidatura: $stic_job_applications_stic_job_applications_stic_job_offers_name', 'Benvolgut/da $contact_full_name:\r\n\r\nS''ha canviat l''estat de la seva candidatura per a l''oferta laboral $stic_job_applications_stic_job_applications_stic_job_offers_name a $stic_job_applications_status.', '<p>Benvolgut/da $contact_full_name:</p>\n<p>S''ha canviat l''estat de la seva candidatura per a l''oferta laboral $stic_job_applications_stic_job_applications_stic_job_offers_name a $stic_job_applications_status.</p>', 0, '1', 0, 'notification'),
	 -- Candidatura - Notificació - Estat Acceptada
	 ('6a31f063-2d17-4fd6-aef1-9e15db0f7d11', NOW(), NOW(), '1', '1', NULL, 'Notificació - Candidatura acceptada', 'Plantilla per notificar que una candidatura ha estat acceptada.', 'La teva candidatura ha estat acceptada: $stic_job_applications_stic_job_applications_stic_job_offers_name', 'Benvolgut/da $contact_full_name:\r\n\r\nEns complau informar-te que la teva candidatura per a l''oferta laboral $stic_job_applications_stic_job_applications_stic_job_offers_name ha estat acceptada.\r\n\r\nEstat actual: $stic_job_applications_status.', '<p>Benvolgut/da $contact_full_name:</p>\n<p>Ens complau informar-te que la teva candidatura per a l''oferta laboral <strong>$stic_job_applications_stic_job_applications_stic_job_offers_name</strong> ha estat acceptada.</p>\n<p>Estat actual: <strong>$stic_job_applications_status</strong>.</p>', 0, '1', 0, 'notification'),
	-- Candidatura - Notificació - Estat Rebutjada o tancada
	 ('bb6fe9c6-8b74-4526-a0a8-a7f4fd8e5960', NOW(), NOW(), '1', '1', NULL, 'Notificació - Candidatura rebutjada o tancada', 'Plantilla per notificar que una candidatura ha estat rebutjada o tancada.', 'Actualització de la teva candidatura: $stic_job_applications_stic_job_applications_stic_job_offers_name', 'Benvolgut/da $contact_full_name:\r\n\r\nLamentem comunicar-te que la teva candidatura per a l''oferta laboral $stic_job_applications_stic_job_applications_stic_job_offers_name ha passat a l''estat $stic_job_applications_status.\r\n\r\nGràcies pel teu interès.', '<p>Benvolgut/da $contact_full_name:</p>\n<p>Lamentem comunicar-te que la teva candidatura per a l''oferta laboral <strong>$stic_job_applications_stic_job_applications_stic_job_offers_name</strong> ha passat a l''estat <strong>$stic_job_applications_status</strong>.</p>\n<p>Gràcies pel teu interès.</p>', 0, '1', 0, 'notification'),
	 -- Oferta laboral - Notificació - Tancament vençut i estat no tancat
	('d3c1d5b7-f8d2-4df4-9f6b-2c63aa6b8e41', NOW(), NOW(), '1', '1', NULL, 'Notificació - Oferta amb tancament vençut sense estat tancada', 'Plantilla per notificar al responsable que l''oferta té el tancament de candidatures d''ahir i no està en estat tancada o similar.', 'Revisar oferta laboral: tancament de candidatures vençut - $stic_job_offers_name', 'Benvolgut/da,\r\n\r\nL''oferta laboral $stic_job_offers_name té la data de tancament de candidatures vençuda (ahir) i actualment està en estat $stic_job_offers_status.\r\n\r\nSi us plau, revisa l''oferta i actualitza''n l''estat si correspon.', '<p>Benvolgut/da,</p>\n<p>L''oferta laboral <strong>$stic_job_offers_name</strong> té la data de tancament de candidatures vençuda (ahir) i actualment està en estat <strong>$stic_job_offers_status</strong>.</p>\n<p>Si us plau, revisa l''oferta i actualitza''n l''estat si correspon.</p>', 0, '1', 0, 'notification');

-- Candidatures - Notificació - Estat Acceptada
REPLACE INTO aow_workflow (id, name, date_entered, date_modified, modified_user_id, created_by, description, deleted, assigned_user_id, flow_module, flow_run_on, status, run_when, multiple_runs, run_on_import) VALUES
('00000190-75e4-3e38-5f8f-69a82fb83c15', 'Candidatures - Notificació - Estat Acceptada', NOW(), NOW(), '1', '1', 'Flux de treball que envia una notificació al contacte quan la seva candidatura canvia a Acceptada.', 0, '1', 'stic_Job_Applications', 'All_Records', 'Inactive', 'Always', 1, 0);
REPLACE INTO aow_conditions (id, name, date_entered, date_modified, modified_user_id, created_by, description, deleted, aow_workflow_id, condition_order, module_path, field, operator, value_type, value) VALUES
('000003b6-1b3f-4bc3-b4f5-69a82f8345f3', '', NOW(), NOW(), '1', '1', NULL, 0, '00000190-75e4-3e38-5f8f-69a82fb83c15', 1, 'YToxOntpOjA7czoyMToic3RpY19Kb2JfQXBwbGljYXRpb25zIjt9', 'status', 'Equal_To', 'Value', 'accepted');
REPLACE INTO aow_actions (id, name, date_entered, date_modified, modified_user_id, created_by, description, deleted, aow_workflow_id, action_order, action, parameters) VALUES
('000009bf-d247-6e61-ac71-69a82f5103df', 'Acció Enviament notificació - Estat Acceptada', NOW(), NOW(), '1', '1', NULL, 0, '00000190-75e4-3e38-5f8f-69a82fb83c15', 1, 'SendEmail', 'YToxMDp7czoxNjoiaW5kaXZpZHVhbF9lbWFpbCI7czoxOiIxIjtzOjE0OiJlbWFpbF90ZW1wbGF0ZSI7czozNjoiNmEzMWYwNjMtMmQxNy00ZmQ2LWFlZjEtOWUxNWRiMGY3ZDExIjtzOjExOiJvdXRwdXRfc210cCI7czo2OiJzeXN0ZW0iO3M6MTU6ImZyb21fZW1haWxfbmFtZSI7czowOiIiO3M6MTg6ImZyb21fZW1haWxfYWRkcmVzcyI7czowOiIiO3M6MTM6InJlcGx5X3RvX25hbWUiO3M6MDoiIjtzOjg6InJlcGx5X3RvIjtzOjA6IiI7czoxMzoiZW1haWxfdG9fdHlwZSI7YToyOntpOjA7czoyOiJ0byI7aToxO3M6MjoiY2MiO31zOjE3OiJlbWFpbF90YXJnZXRfdHlwZSI7YToyOntpOjA7czoxMzoiUmVsYXRlZCBGaWVsZCI7aToxO3M6MTM6IlJlbGF0ZWQgRmllbGQiO31zOjU6ImVtYWlsIjthOjI6e2k6MDtzOjMwOiJzdGljX2pvYl9hcHBsaWNhdGlvbnNfY29udGFjdHMiO2k6MTtzOjE4OiJhc3NpZ25lZF91c2VyX2xpbmsiO319');

-- Candidatures - Notificació - Estat Rebutjada o tancada
REPLACE INTO aow_workflow (id, name, date_entered, date_modified, modified_user_id, created_by, description, deleted, assigned_user_id, flow_module, flow_run_on, status, run_when, multiple_runs, run_on_import) VALUES
('00000ace-02d2-2425-107e-69a82a9eacb5', 'Candidatures - Notificació - Estat Rebutjada o tancada', NOW(), NOW(), '1', '1', 'Flux de treball que envia una notificació al contacte quan la seva candidatura canvia a Rebutjada o tancada.', 0, '1', 'stic_Job_Applications', 'All_Records', 'Inactive', 'Always', 1, 0);
REPLACE INTO aow_conditions (id, name, date_entered, date_modified, modified_user_id, created_by, description, deleted, aow_workflow_id, condition_order, module_path, field, operator, value_type, value) VALUES
('000001a5-41d3-7d65-fe58-69a82a22be9d', '', NOW(), NOW(), '1', '1', NULL, 0, '00000ace-02d2-2425-107e-69a82a9eacb5', 1, 'YToxOntpOjA7czoyMToic3RpY19Kb2JfQXBwbGljYXRpb25zIjt9', 'status', 'Equal_To', 'Value', 'rejected_closed');
REPLACE INTO aow_actions (id, name, date_entered, date_modified, modified_user_id, created_by, description, deleted, aow_workflow_id, action_order, action, parameters) VALUES
('00000b52-cd9a-161e-c7d1-69a82a27d7fb', 'Acció Enviament notificació - Estat Rebutjada o tancada', NOW(), NOW(), '1', '1', NULL, 0, '00000ace-02d2-2425-107e-69a82a9eacb5', 1, 'SendEmail', 'YToxMDp7czoxNjoiaW5kaXZpZHVhbF9lbWFpbCI7czoxOiIxIjtzOjE0OiJlbWFpbF90ZW1wbGF0ZSI7czozNjoiYmI2ZmU5YzYtOGI3NC00NTI2LWEwYTgtYTdmNGZkOGU1OTYwIjtzOjExOiJvdXRwdXRfc210cCI7czo2OiJzeXN0ZW0iO3M6MTU6ImZyb21fZW1haWxfbmFtZSI7czowOiIiO3M6MTg6ImZyb21fZW1haWxfYWRkcmVzcyI7czowOiIiO3M6MTM6InJlcGx5X3RvX25hbWUiO3M6MDoiIjtzOjg6InJlcGx5X3RvIjtzOjA6IiI7czoxMzoiZW1haWxfdG9fdHlwZSI7YToyOntpOjA7czoyOiJ0byI7aToxO3M6MjoiY2MiO31zOjE3OiJlbWFpbF90YXJnZXRfdHlwZSI7YToyOntpOjA7czoxMzoiUmVsYXRlZCBGaWVsZCI7aToxO3M6MTM6IlJlbGF0ZWQgRmllbGQiO31zOjU6ImVtYWlsIjthOjI6e2k6MDtzOjMwOiJzdGljX2pvYl9hcHBsaWNhdGlvbnNfY29udGFjdHMiO2k6MTtzOjE4OiJhc3NpZ25lZF91c2VyX2xpbmsiO319');

-- Candidatures - Notificació - Altres estats
REPLACE INTO aow_workflow (id, name, date_entered, date_modified, modified_user_id, created_by, description, deleted, assigned_user_id, flow_module, flow_run_on, status, run_when, multiple_runs, run_on_import) VALUES
('00000174-497a-ef41-5ae8-69a830ec33ce', 'Candidatures - Notificació - Altres estats', NOW(), NOW(), '1', '1', 'Flux de treball que envia una notificació al contacte quan la seva candidatura canvia a altres estats que no siguin ni Acceptada ni Rebutjada o tancada.', 0, '1', 'stic_Job_Applications', 'All_Records', 'Inactive', 'Always', 1, 0);
REPLACE INTO aow_conditions (id, name, date_entered, date_modified, modified_user_id, created_by, description, deleted, aow_workflow_id, condition_order, module_path, field, operator, value_type, value) VALUES
('0000033d-8ae0-fe4a-64ba-69a830439caf', '', NOW(), NOW(), '1', '1', NULL, 0, '00000174-497a-ef41-5ae8-69a830ec33ce', 1, 'YToxOntpOjA7czoyMToic3RpY19Kb2JfQXBwbGljYXRpb25zIjt9', 'status', 'Equal_To', 'Multi', '^expected_presentation^,^presented^,^pending_interview^,^interviewed^,^review^');
REPLACE INTO aow_actions (id, name, date_entered, date_modified, modified_user_id, created_by, description, deleted, aow_workflow_id, action_order, action, parameters) VALUES
('00000b79-f2fc-034b-4bb2-69a830fb223b', 'Acció Enviament notificació - Altres estats', NOW(), NOW(), '1', '1', NULL, 0, '00000174-497a-ef41-5ae8-69a830ec33ce', 1, 'SendEmail', 'YToxMDp7czoxNjoiaW5kaXZpZHVhbF9lbWFpbCI7czoxOiIxIjtzOjE0OiJlbWFpbF90ZW1wbGF0ZSI7czozNjoiOGVjMDBjNmItNjEwMi00ZWI0LWE2MDEtN2NkYjQyMDY3NmEzIjtzOjExOiJvdXRwdXRfc210cCI7czo2OiJzeXN0ZW0iO3M6MTU6ImZyb21fZW1haWxfbmFtZSI7czowOiIiO3M6MTg6ImZyb21fZW1haWxfYWRkcmVzcyI7czowOiIiO3M6MTM6InJlcGx5X3RvX25hbWUiO3M6MDoiIjtzOjg6InJlcGx5X3RvIjtzOjA6IiI7czoxMzoiZW1haWxfdG9fdHlwZSI7YToyOntpOjA7czoyOiJ0byI7aToxO3M6MjoiY2MiO31zOjE3OiJlbWFpbF90YXJnZXRfdHlwZSI7YToyOntpOjA7czoxMzoiUmVsYXRlZCBGaWVsZCI7aToxO3M6MTM6IlJlbGF0ZWQgRmllbGQiO31zOjU6ImVtYWlsIjthOjI6e2k6MDtzOjMwOiJzdGljX2pvYl9hcHBsaWNhdGlvbnNfY29udGFjdHMiO2k6MTtzOjE4OiJhc3NpZ25lZF91c2VyX2xpbmsiO319');

-- Ofertes laborals - Notificació - Data de tancament vençuda sense estat tancada
REPLACE INTO aow_workflow (id, name, date_entered, date_modified, modified_user_id, created_by, description, deleted, assigned_user_id, flow_module, flow_run_on, status, run_when, multiple_runs, run_on_import) VALUES
('000009c0-3302-dbf2-c1b7-69a850a8b6d5', 'Ofertes laborals - Notificació - Data de tancament', NOW(), NOW(), '1', '1', 'Flux de treball que envia una notificació a l''usuari assignat quan la data de tancament d''una oferta és el dia anterior i no té estat Tancada.', 0, '1', 'stic_Job_Offers', 'All_Records', 'Inactive', 'Always', 1, 0);
REPLACE INTO aow_conditions (id, name, date_entered, date_modified, modified_user_id, created_by, description, deleted, aow_workflow_id, condition_order, module_path, field, operator, value_type, value) VALUES
('000000cd-0341-b540-66b5-69a8502ff15d', '', NOW(), NOW(), '1', '1', NULL, 0, '000009c0-3302-dbf2-c1b7-69a850a8b6d5', 3, 'YToxOntpOjA7czoxNToic3RpY19Kb2JfT2ZmZXJzIjt9', 'responsible', 'Not_Equal_To', 'Value', NULL),
('000002a2-0646-1de2-e72c-69a85088e3cf', '', NOW(), NOW(), '1', '1', NULL, 0, '000009c0-3302-dbf2-c1b7-69a850a8b6d5', 1, 'YToxOntpOjA7czoxNToic3RpY19Kb2JfT2ZmZXJzIjt9', 'applications_end_date', 'Equal_To', 'Date', 'YTo0OntpOjA7czo1OiJ0b2RheSI7aToxO3M6NToibWludXMiO2k6MjtzOjE6IjEiO2k6MztzOjM6ImRheSI7fQ=='),
('000003b5-2bb2-8999-84b6-69a850918ce2', '', NOW(), NOW(), '1', '1', NULL, 0, '000009c0-3302-dbf2-c1b7-69a850a8b6d5', 2, 'YToxOntpOjA7czoxNToic3RpY19Kb2JfT2ZmZXJzIjt9', 'status', 'Not_Equal_To', 'Multi', '^closed_covered^,^closed_partially_covered^,^closed_not_covered^');
REPLACE INTO aow_actions (id, name, date_entered, date_modified, modified_user_id, created_by, description, deleted, aow_workflow_id, action_order, action, parameters) VALUES
('00000727-a7fd-96e4-64fa-69a850c229f5', 'Acció Enviament notificació - Data de tancament', NOW(), NOW(), '1', '1', NULL, 0, '000009c0-3302-dbf2-c1b7-69a850a8b6d5', 1, 'SendEmail', 'YToxMDp7czoxNjoiaW5kaXZpZHVhbF9lbWFpbCI7czoxOiIwIjtzOjE0OiJlbWFpbF90ZW1wbGF0ZSI7czozNjoiZDNjMWQ1YjctZjhkMi00ZGY0LTlmNmItMmM2M2FhNmI4ZTQxIjtzOjExOiJvdXRwdXRfc210cCI7czo2OiJzeXN0ZW0iO3M6MTU6ImZyb21fZW1haWxfbmFtZSI7czowOiIiO3M6MTg6ImZyb21fZW1haWxfYWRkcmVzcyI7czowOiIiO3M6MTM6InJlcGx5X3RvX25hbWUiO3M6MDoiIjtzOjg6InJlcGx5X3RvIjtzOjA6IiI7czoxMzoiZW1haWxfdG9fdHlwZSI7YToyOntpOjA7czoyOiJ0byI7aToxO3M6MjoiY2MiO31zOjE3OiJlbWFpbF90YXJnZXRfdHlwZSI7YToyOntpOjA7czoxMzoiUmVsYXRlZCBGaWVsZCI7aToxO3M6MTM6IlJlbGF0ZWQgRmllbGQiO31zOjU6ImVtYWlsIjthOjI6e2k6MDtzOjExOiJyZXNwb25zaWJsZSI7aToxO3M6MTg6ImFzc2lnbmVkX3VzZXJfbGluayI7fX0=');
