-- Documentos - Flujo de trabajo con Alerta Certificado de delitos 15 días antes de su caducidad
INSERT INTO `aow_workflow` (`id`, `name`, `date_entered`, `date_modified`, `modified_user_id`, `created_by`, `description`, `deleted`, `assigned_user_id`, `flow_module`, `flow_run_on`, `status`, `run_when`, `multiple_runs`, `run_on_import`) VALUES('342e61a2-619a-8665-631c-67484165dfc6', 'Documentos - Alerta Certificado de delitos - 15 días antes', NOW(), NOW(), '2', '2', 'Cuando el CRM detecta que quedan 15 días para que un certificado de delitos caduque envía un correo electrónico al responsable de voluntariado de la entidad y a la propia persona voluntaria para que vuelva a enviar el certificado renovado.', 0, '2', 'Documents', 'All_Records', 'Inactive', 'In_Scheduler', 1, 0);
INSERT INTO `aow_conditions` (`id`, `name`, `date_entered`, `date_modified`, `modified_user_id`, `created_by`, `description`, `deleted`, `aow_workflow_id`, `condition_order`, `module_path`, `field`, `operator`, `value_type`, `value`) VALUES('e16cfa66-d917-8ab2-e06e-6748426efaa9', '', NOW(), NOW(), '2', '2', NULL, 0, '342e61a2-619a-8665-631c-67484165dfc6', 1, 'YToxOntpOjA7czo5OiJEb2N1bWVudHMiO30=', 'status_id', 'Equal_To', 'Value', 'Active');
INSERT INTO `aow_conditions` (`id`, `name`, `date_entered`, `date_modified`, `modified_user_id`, `created_by`, `description`, `deleted`, `aow_workflow_id`, `condition_order`, `module_path`, `field`, `operator`, `value_type`, `value`) VALUES('972403ba-2991-e9cc-5acb-674842946625', '', NOW(), NOW(), '2', '2', NULL, 0, '342e61a2-619a-8665-631c-67484165dfc6', 2, 'YToxOntpOjA7czo5OiJEb2N1bWVudHMiO30=', 'exp_date', 'Equal_To', 'Date', 'YTo0OntpOjA7czozOiJub3ciO2k6MTtzOjU6Im1pbnVzIjtpOjI7czoyOiIxNSI7aTozO3M6MzoiZGF5Ijt9');
INSERT INTO `aow_conditions` (`id`, `name`, `date_entered`, `date_modified`, `modified_user_id`, `created_by`, `description`, `deleted`, `aow_workflow_id`, `condition_order`, `module_path`, `field`, `operator`, `value_type`, `value`) VALUES('a1eb1b05-0c06-d969-e792-67580e5a00cf', '', NOW(), NOW(), '2', '2', NULL, 0, '342e61a2-619a-8665-631c-67484165dfc6', 3, 'YToxOntpOjA7czo5OiJEb2N1bWVudHMiO30=', 'stic_category_c', 'Equal_To', 'Value', 'certificate');
INSERT INTO `aow_conditions` (`id`, `name`, `date_entered`, `date_modified`, `modified_user_id`, `created_by`, `description`, `deleted`, `aow_workflow_id`, `condition_order`, `module_path`, `field`, `operator`, `value_type`, `value`) VALUES('70e295bc-c928-8c9a-219d-67580eb1648a', '', NOW(), NOW(), '2', '2', NULL, 0, '342e61a2-619a-8665-631c-67484165dfc6', 4, 'YToxOntpOjA7czo5OiJEb2N1bWVudHMiO30=', 'stic_subcategory_c', 'Equal_To', 'Value', 'certificate_sexual_offences');
INSERT INTO `aow_actions` (`id`, `name`, `date_entered`, `date_modified`, `modified_user_id`, `created_by`, `description`, `deleted`, `aow_workflow_id`, `action_order`, `action`, `parameters`) VALUES('3ac486b1-4c72-2472-0f87-67596a48ed86', '', NOW(), NOW(), '2', '2', NULL, 0, '342e61a2-619a-8665-631c-67484165dfc6', 2, 'SendEmail', 'YTo3OntzOjE2OiJpbmRpdmlkdWFsX2VtYWlsIjtzOjE6IjAiO3M6MTQ6ImVtYWlsX3RlbXBsYXRlIjtzOjA6IiI7czoxMToib3V0cHV0X3NtdHAiO3M6Njoic3lzdGVtIjtzOjE1OiJmcm9tX2VtYWlsX25hbWUiO3M6NjoiU3lzdGVtIjtzOjE4OiJmcm9tX2VtYWlsX2FkZHJlc3MiO3M6MjI6Im1hbnVlbEBzaW5lcmdpYWNybS5vcmciO3M6MTM6InJlcGx5X3RvX25hbWUiO3M6MDoiIjtzOjg6InJlcGx5X3RvIjtzOjA6IiI7fQ==');

-- Documentos - Flujo de trabajo con Alerta Certificado de delitos en el día de su caducidad
INSERT INTO `aow_workflow` (`id`, `name`, `date_entered`, `date_modified`, `modified_user_id`, `created_by`, `description`, `deleted`, `assigned_user_id`, `flow_module`, `flow_run_on`, `status`, `run_when`, `multiple_runs`, `run_on_import`) VALUES('00000226-bd0e-5507-022c-69300f94b397', 'Documentos - Alerta Certificado de delitos', NOW(), NOW(), '2', '2', 'Cuando el CRM detecta que el certificado de delitos ha caducado envía un correo electrónico al responsable de voluntariado de la entidad y a la propia persona voluntaria para que vuelva a enviar el certificado renovado.', 0, '2', 'Documents', 'All_Records', 'Inactive', 'In_Scheduler', 1, 0);
INSERT INTO `aow_conditions` (`id`, `name`, `date_entered`, `date_modified`, `modified_user_id`, `created_by`, `description`, `deleted`, `aow_workflow_id`, `condition_order`, `module_path`, `field`, `operator`, `value_type`, `value`) VALUES('00000998-c388-b6c5-4643-69300f6fac66', '', NOW(), NOW(), '2', '2', NULL, 0, '00000226-bd0e-5507-022c-69300f94b397', 1, 'YToxOntpOjA7czo5OiJEb2N1bWVudHMiO30=', 'status_id', 'Equal_To', 'Value', 'Active');
INSERT INTO `aow_conditions` (`id`, `name`, `date_entered`, `date_modified`, `modified_user_id`, `created_by`, `description`, `deleted`, `aow_workflow_id`, `condition_order`, `module_path`, `field`, `operator`, `value_type`, `value`) VALUES('00000093-da63-d1b3-9706-69300ffa93b5', '', NOW(), NOW(), '2', '2', NULL, 0, '00000226-bd0e-5507-022c-69300f94b397', 2, 'YToxOntpOjA7czo5OiJEb2N1bWVudHMiO30=', 'exp_date', 'Equal_To', 'Date', 'YTo0OntpOjA7czozOiJub3ciO2k6MTtzOjM6Im5vdyI7aToyO3M6MDoiIjtpOjM7czowOiIiO30=');
INSERT INTO `aow_conditions` (`id`, `name`, `date_entered`, `date_modified`, `modified_user_id`, `created_by`, `description`, `deleted`, `aow_workflow_id`, `condition_order`, `module_path`, `field`, `operator`, `value_type`, `value`) VALUES('00000acd-cca5-4abc-450d-69300f977a4a', '', NOW(), NOW(), '2', '2', NULL, 0, '00000226-bd0e-5507-022c-69300f94b397', 3, 'YToxOntpOjA7czo5OiJEb2N1bWVudHMiO30=', 'stic_category_c', 'Equal_To', 'Value', 'certificate');
INSERT INTO `aow_conditions` (`id`, `name`, `date_entered`, `date_modified`, `modified_user_id`, `created_by`, `description`, `deleted`, `aow_workflow_id`, `condition_order`, `module_path`, `field`, `operator`, `value_type`, `value`) VALUES('00000e35-5f97-3d7c-cac3-69300fa334f4', '', NOW(), NOW(), '2', '2', NULL, 0, '00000226-bd0e-5507-022c-69300f94b397', 4, 'YToxOntpOjA7czo5OiJEb2N1bWVudHMiO30=', 'stic_subcategory_c', 'Equal_To', 'Value', 'certificate_sexual_offences');
INSERT INTO `aow_actions` (`id`, `name`, `date_entered`, `date_modified`, `modified_user_id`, `created_by`, `description`, `deleted`, `aow_workflow_id`, `action_order`, `action`, `parameters`) VALUES('00000955-fba9-042d-4020-69302e7aa6f9', '', NOW(), NOW(), '2', '2', NULL, 0, '00000226-bd0e-5507-022c-69300f94b397', 2, 'SendEmail', 'YTo3OntzOjE2OiJpbmRpdmlkdWFsX2VtYWlsIjtzOjE6IjAiO3M6MTQ6ImVtYWlsX3RlbXBsYXRlIjtzOjA6IiI7czoxMToib3V0cHV0X3NtdHAiO3M6Njoic3lzdGVtIjtzOjE1OiJmcm9tX2VtYWlsX25hbWUiO3M6NjoiU3lzdGVtIjtzOjE4OiJmcm9tX2VtYWlsX2FkZHJlc3MiO3M6MjI6Im1hbnVlbEBzaW5lcmdpYWNybS5vcmciO3M6MTM6InJlcGx5X3RvX25hbWUiO3M6MDoiIjtzOjg6InJlcGx5X3RvIjtzOjA6IiI7fQ==');

-- Documentos - Flujo de trabajo con Alerta Póliza de seguros 15 días antes de su caducidad
INSERT INTO `aow_workflow` (`id`, `name`, `date_entered`, `date_modified`, `modified_user_id`, `created_by`, `description`, `deleted`, `assigned_user_id`, `flow_module`, `flow_run_on`, `status`, `run_when`, `multiple_runs`, `run_on_import`) VALUES('b2318176-24bb-6422-aefb-67580fef20c6', 'Documentos - Alerta Póliza de seguros - 15 días antes', NOW(), NOW(), '2', '2', 'Cuando el CRM detecta que quedan 15 días para que una póliza de seguro caduque envía un correo electrónico al responsable de voluntariado de la entidad.', 0, '2', 'Documents', 'All_Records', 'Inactive', 'In_Scheduler', 1, 0);
INSERT INTO `aow_conditions` (`id`, `name`, `date_entered`, `date_modified`, `modified_user_id`, `created_by`, `description`, `deleted`, `aow_workflow_id`, `condition_order`, `module_path`, `field`, `operator`, `value_type`, `value`) VALUES('438a85bd-32ff-0c91-7ae3-67580f6e7d0b', '', NOW(), NOW(), '2', '2', NULL, 0, 'b2318176-24bb-6422-aefb-67580fef20c6', 1, 'YToxOntpOjA7czo5OiJEb2N1bWVudHMiO30=', 'status_id', 'Equal_To', 'Value', 'Active');
INSERT INTO `aow_conditions` (`id`, `name`, `date_entered`, `date_modified`, `modified_user_id`, `created_by`, `description`, `deleted`, `aow_workflow_id`, `condition_order`, `module_path`, `field`, `operator`, `value_type`, `value`) VALUES('da48bcc6-a65f-1e8e-d0cc-675810ef1fe9', '', NOW(), NOW(), '2', '2', NULL, 0, 'b2318176-24bb-6422-aefb-67580fef20c6', 2, 'YToxOntpOjA7czo5OiJEb2N1bWVudHMiO30=', 'exp_date', 'Equal_To', 'Date', 'YTo0OntpOjA7czozOiJub3ciO2k6MTtzOjU6Im1pbnVzIjtpOjI7czoyOiIxNSI7aTozO3M6MzoiZGF5Ijt9');
INSERT INTO `aow_conditions` (`id`, `name`, `date_entered`, `date_modified`, `modified_user_id`, `created_by`, `description`, `deleted`, `aow_workflow_id`, `condition_order`, `module_path`, `field`, `operator`, `value_type`, `value`) VALUES('61485c2a-88cc-fe52-787f-6759521aa4ac', '', NOW(), NOW(), '2', '2', NULL, 0, 'b2318176-24bb-6422-aefb-67580fef20c6', 3, 'YToxOntpOjA7czo5OiJEb2N1bWVudHMiO30=', 'stic_category_c', 'Equal_To', 'Value', 'insurance');
INSERT INTO `aow_actions` (`id`, `name`, `date_entered`, `date_modified`, `modified_user_id`, `created_by`, `description`, `deleted`, `aow_workflow_id`, `action_order`, `action`, `parameters`) VALUES('57060cbf-8b52-41b8-3488-675969cfd93f', '', NOW(), NOW(), '2', '2', NULL, 0, 'b2318176-24bb-6422-aefb-67580fef20c6', 1, 'SendEmail', 'YTo3OntzOjE2OiJpbmRpdmlkdWFsX2VtYWlsIjtzOjE6IjAiO3M6MTQ6ImVtYWlsX3RlbXBsYXRlIjtzOjA6IiI7czoxMToib3V0cHV0X3NtdHAiO3M6Njoic3lzdGVtIjtzOjE1OiJmcm9tX2VtYWlsX25hbWUiO3M6NjoiU3lzdGVtIjtzOjE4OiJmcm9tX2VtYWlsX2FkZHJlc3MiO3M6MjI6Im1hbnVlbEBzaW5lcmdpYWNybS5vcmciO3M6MTM6InJlcGx5X3RvX25hbWUiO3M6MDoiIjtzOjg6InJlcGx5X3RvIjtzOjA6IiI7fQ==');

-- Documentos - Flujo de trabajo con Alerta Póliza
INSERT INTO `aow_workflow` (`id`, `name`, `date_entered`, `date_modified`, `modified_user_id`, `created_by`, `description`, `deleted`, `assigned_user_id`, `flow_module`, `flow_run_on`, `status`, `run_when`, `multiple_runs`, `run_on_import`) VALUES('00000112-976f-ce58-6c10-6930077b0632', 'Documentos - Alerta Póliza de seguros', NOW(), NOW(), '2', '2', 'Cuando el CRM detecta que la póliza de seguro ha caducado envía un correo electrónico al responsable de voluntariado de la entidad.', 0, '2', 'Documents', 'All_Records', 'Inactive', 'In_Scheduler', 1, 0);
INSERT INTO `aow_conditions` (`id`, `name`, `date_entered`, `date_modified`, `modified_user_id`, `created_by`, `description`, `deleted`, `aow_workflow_id`, `condition_order`, `module_path`, `field`, `operator`, `value_type`, `value`) VALUES('000003d2-dd87-4165-2c91-693007f94009', '', NOW(), NOW(), '2', '2', NULL, 0, '00000112-976f-ce58-6c10-6930077b0632', 1, 'YToxOntpOjA7czo5OiJEb2N1bWVudHMiO30=', 'status_id', 'Equal_To', 'Value', 'Active');
INSERT INTO `aow_conditions` (`id`, `name`, `date_entered`, `date_modified`, `modified_user_id`, `created_by`, `description`, `deleted`, `aow_workflow_id`, `condition_order`, `module_path`, `field`, `operator`, `value_type`, `value`) VALUES('00000e01-cb31-d081-edf3-6930076a4cf9', '', NOW(), NOW(), '2', '2', NULL, 0, '00000112-976f-ce58-6c10-6930077b0632', 2, 'YToxOntpOjA7czo5OiJEb2N1bWVudHMiO30=', 'exp_date', 'Equal_To', 'Date', 'YTo0OntpOjA7czozOiJub3ciO2k6MTtzOjM6Im5vdyI7aToyO3M6MDoiIjtpOjM7czowOiIiO30=');
INSERT INTO `aow_conditions` (`id`, `name`, `date_entered`, `date_modified`, `modified_user_id`, `created_by`, `description`, `deleted`, `aow_workflow_id`, `condition_order`, `module_path`, `field`, `operator`, `value_type`, `value`) VALUES('00000e30-6aeb-7ab5-0902-693007c9ee51', '', NOW(), NOW(), '2', '2', NULL, 0, '00000112-976f-ce58-6c10-6930077b0632', 3, 'YToxOntpOjA7czo5OiJEb2N1bWVudHMiO30=', 'stic_category_c', 'Equal_To', 'Value', 'insurance');
INSERT INTO `aow_actions` (`id`, `name`, `date_entered`, `date_modified`, `modified_user_id`, `created_by`, `description`, `deleted`, `aow_workflow_id`, `action_order`, `action`, `parameters`) VALUES('000001b4-224a-dc5f-5d8b-6930078f095c', '', NOW(), NOW(), '2', '2', NULL, 0, '00000112-976f-ce58-6c10-6930077b0632', 1, 'SendEmail', 'YTo3OntzOjE2OiJpbmRpdmlkdWFsX2VtYWlsIjtzOjE6IjAiO3M6MTQ6ImVtYWlsX3RlbXBsYXRlIjtzOjA6IiI7czoxMToib3V0cHV0X3NtdHAiO3M6Njoic3lzdGVtIjtzOjE1OiJmcm9tX2VtYWlsX25hbWUiO3M6NjoiU3lzdGVtIjtzOjE4OiJmcm9tX2VtYWlsX2FkZHJlc3MiO3M6MjI6Im1hbnVlbEBzaW5lcmdpYWNybS5vcmciO3M6MTM6InJlcGx5X3RvX25hbWUiO3M6MDoiIjtzOjg6InJlcGx5X3RvIjtzOjA6IiI7fQ==');
