-- Documents - Criminal record alert 15 days before it expires
INSERT INTO `aow_workflow` (`id`, `name`, `date_entered`, `date_modified`, `modified_user_id`, `created_by`, `description`, `deleted`, `assigned_user_id`, `flow_module`, `flow_run_on`, `status`, `run_when`, `multiple_runs`, `run_on_import`) VALUES('342e61a2-619a-8665-631c-67484165dfc6', 'Documentos - Alerta certificado de delitos - 15 días antes', NOW(), NOW(), '2', '2', 'Cuando se detecta que quedan 15 días para que un certificado de delitos caduque se envía un correo electrónico al responsable de voluntariado y a la persona voluntaria para que suministre el certificado renovado.', 0, '2', 'Documents', 'All_Records', 'Inactive', 'In_Scheduler', 1, 0);
INSERT INTO `aow_conditions` (`id`, `name`, `date_entered`, `date_modified`, `modified_user_id`, `created_by`, `description`, `deleted`, `aow_workflow_id`, `condition_order`, `module_path`, `field`, `operator`, `value_type`, `value`) VALUES('e16cfa66-d917-8ab2-e06e-6748426efaa9', '', NOW(), NOW(), '2', '2', NULL, 0, '342e61a2-619a-8665-631c-67484165dfc6', 1, 'YToxOntpOjA7czo5OiJEb2N1bWVudHMiO30=', 'status_id', 'Equal_To', 'Value', 'Active');
INSERT INTO `aow_conditions` (`id`, `name`, `date_entered`, `date_modified`, `modified_user_id`, `created_by`, `description`, `deleted`, `aow_workflow_id`, `condition_order`, `module_path`, `field`, `operator`, `value_type`, `value`) VALUES('972403ba-2991-e9cc-5acb-674842946625', '', NOW(), NOW(), '2', '2', NULL, 0, '342e61a2-619a-8665-631c-67484165dfc6', 2, 'YToxOntpOjA7czo5OiJEb2N1bWVudHMiO30=', 'exp_date', 'Equal_To', 'Date', 'YTo0OntpOjA7czo1OiJ0b2RheSI7aToxO3M6NToibWludXMiO2k6MjtzOjI6IjE1IjtpOjM7czozOiJkYXkiO30=');
INSERT INTO `aow_conditions` (`id`, `name`, `date_entered`, `date_modified`, `modified_user_id`, `created_by`, `description`, `deleted`, `aow_workflow_id`, `condition_order`, `module_path`, `field`, `operator`, `value_type`, `value`) VALUES('a1eb1b05-0c06-d969-e792-67580e5a00cf', '', NOW(), NOW(), '2', '2', NULL, 0, '342e61a2-619a-8665-631c-67484165dfc6', 3, 'YToxOntpOjA7czo5OiJEb2N1bWVudHMiO30=', 'stic_category_c', 'Equal_To', 'Value', 'certificate');
INSERT INTO `aow_conditions` (`id`, `name`, `date_entered`, `date_modified`, `modified_user_id`, `created_by`, `description`, `deleted`, `aow_workflow_id`, `condition_order`, `module_path`, `field`, `operator`, `value_type`, `value`) VALUES('70e295bc-c928-8c9a-219d-67580eb1648a', '', NOW(), NOW(), '2', '2', NULL, 0, '342e61a2-619a-8665-631c-67484165dfc6', 4, 'YToxOntpOjA7czo5OiJEb2N1bWVudHMiO30=', 'stic_subcategory_c', 'Equal_To', 'Value', 'certificate_sexual_offences');
INSERT INTO `aow_actions` (`id`, `name`, `date_entered`, `date_modified`, `modified_user_id`, `created_by`, `description`, `deleted`, `aow_workflow_id`, `action_order`, `action`, `parameters`) VALUES('3ac486b1-4c72-2472-0f87-67596a48ed86', '', NOW(), NOW(), '2', '2', NULL, 0, '342e61a2-619a-8665-631c-67484165dfc6', 2, 'SendEmail', 'YTo3OntzOjE2OiJpbmRpdmlkdWFsX2VtYWlsIjtzOjE6IjAiO3M6MTQ6ImVtYWlsX3RlbXBsYXRlIjtzOjM2OiIwMDAwMDI1OC1lM2RhLTM5MGMtZTcyMi02OTMxNjJmMjA2MGYiO3M6MTE6Im91dHB1dF9zbXRwIjtzOjY6InN5c3RlbSI7czoxNToiZnJvbV9lbWFpbF9uYW1lIjtzOjA6IiI7czoxODoiZnJvbV9lbWFpbF9hZGRyZXNzIjtzOjA6IiI7czoxMzoicmVwbHlfdG9fbmFtZSI7czowOiIiO3M6ODoicmVwbHlfdG8iO3M6MDoiIjt9');

-- Documents - Criminal record alert on its expiration date
INSERT INTO `aow_workflow` (`id`, `name`, `date_entered`, `date_modified`, `modified_user_id`, `created_by`, `description`, `deleted`, `assigned_user_id`, `flow_module`, `flow_run_on`, `status`, `run_when`, `multiple_runs`, `run_on_import`) VALUES('00000226-bd0e-5507-022c-69300f94b397', 'Documentos - Alerta certificado de delitos', NOW(), NOW(), '2', '2', 'Cuando se detecta que un certificado de delitos ha caducado se envía un correo electrónico al responsable de voluntariado y a la persona voluntaria para que suministre el certificado renovado.', 0, '2', 'Documents', 'All_Records', 'Inactive', 'In_Scheduler', 1, 0);
INSERT INTO `aow_conditions` (`id`, `name`, `date_entered`, `date_modified`, `modified_user_id`, `created_by`, `description`, `deleted`, `aow_workflow_id`, `condition_order`, `module_path`, `field`, `operator`, `value_type`, `value`) VALUES('00000998-c388-b6c5-4643-69300f6fac66', '', NOW(), NOW(), '2', '2', NULL, 0, '00000226-bd0e-5507-022c-69300f94b397', 1, 'YToxOntpOjA7czo5OiJEb2N1bWVudHMiO30=', 'status_id', 'Equal_To', 'Value', 'Active');
INSERT INTO `aow_conditions` (`id`, `name`, `date_entered`, `date_modified`, `modified_user_id`, `created_by`, `description`, `deleted`, `aow_workflow_id`, `condition_order`, `module_path`, `field`, `operator`, `value_type`, `value`) VALUES('00000093-da63-d1b3-9706-69300ffa93b5', '', NOW(), NOW(), '2', '2', NULL, 0, '00000226-bd0e-5507-022c-69300f94b397', 2, 'YToxOntpOjA7czo5OiJEb2N1bWVudHMiO30=', 'exp_date', 'Equal_To', 'Date', 'YTo0OntpOjA7czo1OiJ0b2RheSI7aToxO3M6Mzoibm93IjtpOjI7czowOiIiO2k6MztzOjA6IiI7fQ==');
INSERT INTO `aow_conditions` (`id`, `name`, `date_entered`, `date_modified`, `modified_user_id`, `created_by`, `description`, `deleted`, `aow_workflow_id`, `condition_order`, `module_path`, `field`, `operator`, `value_type`, `value`) VALUES('00000acd-cca5-4abc-450d-69300f977a4a', '', NOW(), NOW(), '2', '2', NULL, 0, '00000226-bd0e-5507-022c-69300f94b397', 3, 'YToxOntpOjA7czo5OiJEb2N1bWVudHMiO30=', 'stic_category_c', 'Equal_To', 'Value', 'certificate');
INSERT INTO `aow_conditions` (`id`, `name`, `date_entered`, `date_modified`, `modified_user_id`, `created_by`, `description`, `deleted`, `aow_workflow_id`, `condition_order`, `module_path`, `field`, `operator`, `value_type`, `value`) VALUES('00000e35-5f97-3d7c-cac3-69300fa334f4', '', NOW(), NOW(), '2', '2', NULL, 0, '00000226-bd0e-5507-022c-69300f94b397', 4, 'YToxOntpOjA7czo5OiJEb2N1bWVudHMiO30=', 'stic_subcategory_c', 'Equal_To', 'Value', 'certificate_sexual_offences');
INSERT INTO `aow_actions` (`id`, `name`, `date_entered`, `date_modified`, `modified_user_id`, `created_by`, `description`, `deleted`, `aow_workflow_id`, `action_order`, `action`, `parameters`) VALUES('00000955-fba9-042d-4020-69302e7aa6f9', '', NOW(), NOW(), '2', '2', NULL, 0, '00000226-bd0e-5507-022c-69300f94b397', 2, 'SendEmail', 'YTo3OntzOjE2OiJpbmRpdmlkdWFsX2VtYWlsIjtzOjE6IjAiO3M6MTQ6ImVtYWlsX3RlbXBsYXRlIjtzOjM2OiIwMDAwMDI1OC1lM2RhLTM5MGMtZTcyMi02OTMxNjJmMjA2MGYiO3M6MTE6Im91dHB1dF9zbXRwIjtzOjY6InN5c3RlbSI7czoxNToiZnJvbV9lbWFpbF9uYW1lIjtzOjA6IiI7czoxODoiZnJvbV9lbWFpbF9hZGRyZXNzIjtzOjA6IiI7czoxMzoicmVwbHlfdG9fbmFtZSI7czowOiIiO3M6ODoicmVwbHlfdG8iO3M6MDoiIjt9');

-- Documents - Insurance policy alert 15 days before its expiration
INSERT INTO `aow_workflow` (`id`, `name`, `date_entered`, `date_modified`, `modified_user_id`, `created_by`, `description`, `deleted`, `assigned_user_id`, `flow_module`, `flow_run_on`, `status`, `run_when`, `multiple_runs`, `run_on_import`) VALUES('b2318176-24bb-6422-aefb-67580fef20c6', 'Documentos - Alerta póliza de seguros - 15 días antes', NOW(), NOW(), '2', '2', 'Cuando se detecta que quedan 15 días para que una póliza de seguro caduque se envía un correo electrónico al responsable de voluntariado.', 0, '2', 'Documents', 'All_Records', 'Inactive', 'In_Scheduler', 1, 0);
INSERT INTO `aow_conditions` (`id`, `name`, `date_entered`, `date_modified`, `modified_user_id`, `created_by`, `description`, `deleted`, `aow_workflow_id`, `condition_order`, `module_path`, `field`, `operator`, `value_type`, `value`) VALUES('438a85bd-32ff-0c91-7ae3-67580f6e7d0b', '', NOW(), NOW(), '2', '2', NULL, 0, 'b2318176-24bb-6422-aefb-67580fef20c6', 1, 'YToxOntpOjA7czo5OiJEb2N1bWVudHMiO30=', 'status_id', 'Equal_To', 'Value', 'Active');
INSERT INTO `aow_conditions` (`id`, `name`, `date_entered`, `date_modified`, `modified_user_id`, `created_by`, `description`, `deleted`, `aow_workflow_id`, `condition_order`, `module_path`, `field`, `operator`, `value_type`, `value`) VALUES('da48bcc6-a65f-1e8e-d0cc-675810ef1fe9', '', NOW(), NOW(), '2', '2', NULL, 0, 'b2318176-24bb-6422-aefb-67580fef20c6', 2, 'YToxOntpOjA7czo5OiJEb2N1bWVudHMiO30=', 'exp_date', 'Equal_To', 'Date', 'YTo0OntpOjA7czo1OiJ0b2RheSI7aToxO3M6NToibWludXMiO2k6MjtzOjI6IjE1IjtpOjM7czozOiJkYXkiO30=');
INSERT INTO `aow_conditions` (`id`, `name`, `date_entered`, `date_modified`, `modified_user_id`, `created_by`, `description`, `deleted`, `aow_workflow_id`, `condition_order`, `module_path`, `field`, `operator`, `value_type`, `value`) VALUES('61485c2a-88cc-fe52-787f-6759521aa4ac', '', NOW(), NOW(), '2', '2', NULL, 0, 'b2318176-24bb-6422-aefb-67580fef20c6', 3, 'YToxOntpOjA7czo5OiJEb2N1bWVudHMiO30=', 'stic_category_c', 'Equal_To', 'Value', 'insurance');
INSERT INTO `aow_actions` (`id`, `name`, `date_entered`, `date_modified`, `modified_user_id`, `created_by`, `description`, `deleted`, `aow_workflow_id`, `action_order`, `action`, `parameters`) VALUES('57060cbf-8b52-41b8-3488-675969cfd93f', '', NOW(), NOW(), '2', '2', NULL, 0, 'b2318176-24bb-6422-aefb-67580fef20c6', 1, 'SendEmail', 'YTo3OntzOjE2OiJpbmRpdmlkdWFsX2VtYWlsIjtzOjE6IjAiO3M6MTQ6ImVtYWlsX3RlbXBsYXRlIjtzOjM2OiIwMDAwMGI2ZC05YThkLTM3YzAtNjg0ZS02OTMxNjIyMTMzZDgiO3M6MTE6Im91dHB1dF9zbXRwIjtzOjY6InN5c3RlbSI7czoxNToiZnJvbV9lbWFpbF9uYW1lIjtzOjA6IiI7czoxODoiZnJvbV9lbWFpbF9hZGRyZXNzIjtzOjA6IiI7czoxMzoicmVwbHlfdG9fbmFtZSI7czowOiIiO3M6ODoicmVwbHlfdG8iO3M6MDoiIjt9');

-- Documents - Insurance policy alert on its expiration date 
INSERT INTO `aow_workflow` (`id`, `name`, `date_entered`, `date_modified`, `modified_user_id`, `created_by`, `description`, `deleted`, `assigned_user_id`, `flow_module`, `flow_run_on`, `status`, `run_when`, `multiple_runs`, `run_on_import`) VALUES('00000112-976f-ce58-6c10-6930077b0632', 'Documentos - Alerta póliza de seguros', NOW(), NOW(), '2', '2', 'Cuando se detecta que una póliza de seguro ha caducado se envía un correo electrónico al responsable de voluntariado.', 0, '2', 'Documents', 'All_Records', 'Inactive', 'In_Scheduler', 1, 0);
INSERT INTO `aow_conditions` (`id`, `name`, `date_entered`, `date_modified`, `modified_user_id`, `created_by`, `description`, `deleted`, `aow_workflow_id`, `condition_order`, `module_path`, `field`, `operator`, `value_type`, `value`) VALUES('000003d2-dd87-4165-2c91-693007f94009', '', NOW(), NOW(), '2', '2', NULL, 0, '00000112-976f-ce58-6c10-6930077b0632', 1, 'YToxOntpOjA7czo5OiJEb2N1bWVudHMiO30=', 'status_id', 'Equal_To', 'Value', 'Active');
INSERT INTO `aow_conditions` (`id`, `name`, `date_entered`, `date_modified`, `modified_user_id`, `created_by`, `description`, `deleted`, `aow_workflow_id`, `condition_order`, `module_path`, `field`, `operator`, `value_type`, `value`) VALUES('00000e01-cb31-d081-edf3-6930076a4cf9', '', NOW(), NOW(), '2', '2', NULL, 0, '00000112-976f-ce58-6c10-6930077b0632', 2, 'YToxOntpOjA7czo5OiJEb2N1bWVudHMiO30=', 'exp_date', 'Equal_To', 'Date', 'YTo0OntpOjA7czo1OiJ0b2RheSI7aToxO3M6Mzoibm93IjtpOjI7czowOiIiO2k6MztzOjA6IiI7fQ==');
INSERT INTO `aow_conditions` (`id`, `name`, `date_entered`, `date_modified`, `modified_user_id`, `created_by`, `description`, `deleted`, `aow_workflow_id`, `condition_order`, `module_path`, `field`, `operator`, `value_type`, `value`) VALUES('00000e30-6aeb-7ab5-0902-693007c9ee51', '', NOW(), NOW(), '2', '2', NULL, 0, '00000112-976f-ce58-6c10-6930077b0632', 3, 'YToxOntpOjA7czo5OiJEb2N1bWVudHMiO30=', 'stic_category_c', 'Equal_To', 'Value', 'insurance');
INSERT INTO `aow_actions` (`id`, `name`, `date_entered`, `date_modified`, `modified_user_id`, `created_by`, `description`, `deleted`, `aow_workflow_id`, `action_order`, `action`, `parameters`) VALUES('000001b4-224a-dc5f-5d8b-6930078f095c', '', NOW(), NOW(), '2', '2', NULL, 0, '00000112-976f-ce58-6c10-6930077b0632', 1, 'SendEmail', 'YTo3OntzOjE2OiJpbmRpdmlkdWFsX2VtYWlsIjtzOjE6IjAiO3M6MTQ6ImVtYWlsX3RlbXBsYXRlIjtzOjM2OiIwMDAwMGI2ZC05YThkLTM3YzAtNjg0ZS02OTMxNjIyMTMzZDgiO3M6MTE6Im91dHB1dF9zbXRwIjtzOjY6InN5c3RlbSI7czoxNToiZnJvbV9lbWFpbF9uYW1lIjtzOjA6IiI7czoxODoiZnJvbV9lbWFpbF9hZGRyZXNzIjtzOjA6IiI7czoxMzoicmVwbHlfdG9fbmFtZSI7czowOiIiO3M6ODoicmVwbHlfdG8iO3M6MDoiIjt9');

-- Candidaturas - Notificación - Estado Aceptada
INSERT INTO aow_workflow (id, name, date_entered, date_modified, modified_user_id, created_by, description, deleted, assigned_user_id, flow_module, flow_run_on, status, run_when, multiple_runs, run_on_import) VALUES
('00000190-75e4-3e38-5f8f-69a82fb83c15', 'Candidaturas - Notificación - Estado Aceptada', UTC_TIMESTAMP(), UTC_TIMESTAMP(), '1', '1', 'Flujo de trabajo que envía una notificación al contacto cuando ha cambiado su candidatura a Aceptada', 0, '1', 'stic_Job_Applications', 'Modified_Records', 'Inactive', 'Always', 1, 0);
INSERT INTO aow_conditions (id, name, date_entered, date_modified, modified_user_id, created_by, description, deleted, aow_workflow_id, condition_order, module_path, field, operator, value_type, value) VALUES
('000003b6-1b3f-4bc3-b4f5-69a82f8345f3', '', UTC_TIMESTAMP(), UTC_TIMESTAMP(), '1', '1', NULL, 0, '00000190-75e4-3e38-5f8f-69a82fb83c15', 1, 'YToxOntpOjA7czoyMToic3RpY19Kb2JfQXBwbGljYXRpb25zIjt9', 'status', 'Equal_To', 'Value', 'accepted'),
('00000f10-1111-2222-3333-69a82fb83c15', '', UTC_TIMESTAMP(), UTC_TIMESTAMP(), '1', '1', NULL, 0, '00000190-75e4-3e38-5f8f-69a82fb83c15', 2, 'YToxOntpOjA7czoyMToic3RpY19Kb2JfQXBwbGljYXRpb25zIjt9', 'status', 'Equal_To', 'Any_Change', NULL);
INSERT INTO aow_actions (id, name, date_entered, date_modified, modified_user_id, created_by, description, deleted, aow_workflow_id, action_order, action, parameters) VALUES
('000009bf-d247-6e61-ac71-69a82f5103df', 'Acción Envío notificación - Estado Aceptada (usuario asignado)', UTC_TIMESTAMP(), UTC_TIMESTAMP(), '1', '1', NULL, 0, '00000190-75e4-3e38-5f8f-69a82fb83c15', 1, 'SendEmail', 'YToxMDp7czoxNjoiaW5kaXZpZHVhbF9lbWFpbCI7czoxOiIxIjtzOjE0OiJlbWFpbF90ZW1wbGF0ZSI7czozNjoiMWEyZDZmMTAtOGUzMi00ZjhhLTlhMTEtM2IxYjdjMmEwMDAxIjtzOjExOiJvdXRwdXRfc210cCI7czo2OiJzeXN0ZW0iO3M6MTU6ImZyb21fZW1haWxfbmFtZSI7czowOiIiO3M6MTg6ImZyb21fZW1haWxfYWRkcmVzcyI7czowOiIiO3M6MTM6InJlcGx5X3RvX25hbWUiO3M6MDoiIjtzOjg6InJlcGx5X3RvIjtzOjA6IiI7czoxMzoiZW1haWxfdG9fdHlwZSI7YToyOntpOjA7czoyOiJ0byI7aToxO3M6MjoiY2MiO31zOjE3OiJlbWFpbF90YXJnZXRfdHlwZSI7YToxOntpOjA7czoxMzoiUmVsYXRlZCBGaWVsZCI7fXM6NToiZW1haWwiO2E6MTp7aTowO3M6MTg6ImFzc2lnbmVkX3VzZXJfbGluayI7fX0='),
('000009c1-d247-6e61-ac71-69a82f5103d1', 'Acción Envío notificación - Estado Aceptada (candidato)', UTC_TIMESTAMP(), UTC_TIMESTAMP(), '1', '1', NULL, 0, '00000190-75e4-3e38-5f8f-69a82fb83c15', 2, 'SendEmail', 'YToxMDp7czoxNjoiaW5kaXZpZHVhbF9lbWFpbCI7czoxOiIxIjtzOjE0OiJlbWFpbF90ZW1wbGF0ZSI7czozNjoiMWEyZDZmMTAtOGUzMi00ZjhhLTlhMTEtM2IxYjdjMmEwMDAyIjtzOjExOiJvdXRwdXRfc210cCI7czo2OiJzeXN0ZW0iO3M6MTU6ImZyb21fZW1haWxfbmFtZSI7czowOiIiO3M6MTg6ImZyb21fZW1haWxfYWRkcmVzcyI7czowOiIiO3M6MTM6InJlcGx5X3RvX25hbWUiO3M6MDoiIjtzOjg6InJlcGx5X3RvIjtzOjA6IiI7czoxMzoiZW1haWxfdG9fdHlwZSI7YToyOntpOjA7czoyOiJ0byI7aToxO3M6MjoiY2MiO31zOjE3OiJlbWFpbF90YXJnZXRfdHlwZSI7YToxOntpOjA7czoxMzoiUmVsYXRlZCBGaWVsZCI7fXM6NToiZW1haWwiO2E6MTp7aTowO3M6MzA6InN0aWNfam9iX2FwcGxpY2F0aW9uc19jb250YWN0cyI7fX0=');

-- Candidaturas - Notificación - Estado Rechazada o cerrada
INSERT INTO aow_workflow (id, name, date_entered, date_modified, modified_user_id, created_by, description, deleted, assigned_user_id, flow_module, flow_run_on, status, run_when, multiple_runs, run_on_import) VALUES
('00000ace-02d2-2425-107e-69a82a9eacb5', 'Candidaturas - Notificación - Estado Rechazada o cerrada', UTC_TIMESTAMP(), UTC_TIMESTAMP(), '1', '1', 'Flujo de trabajo que envía una notificación al contacto cuando ha cambiado su candidatura a Rechazada o cerrada', 0, '1', 'stic_Job_Applications', 'Modified_Records', 'Inactive', 'Always', 1, 0);
INSERT INTO aow_conditions (id, name, date_entered, date_modified, modified_user_id, created_by, description, deleted, aow_workflow_id, condition_order, module_path, field, operator, value_type, value) VALUES
('000001a5-41d3-7d65-fe58-69a82a22be9d', '', UTC_TIMESTAMP(), UTC_TIMESTAMP(), '1', '1', NULL, 0, '00000ace-02d2-2425-107e-69a82a9eacb5', 1, 'YToxOntpOjA7czoyMToic3RpY19Kb2JfQXBwbGljYXRpb25zIjt9', 'status', 'Equal_To', 'Value', 'rejected_closed'),
('00000f11-1111-2222-3333-69a82a9eacb5', '', UTC_TIMESTAMP(), UTC_TIMESTAMP(), '1', '1', NULL, 0, '00000ace-02d2-2425-107e-69a82a9eacb5', 2, 'YToxOntpOjA7czoyMToic3RpY19Kb2JfQXBwbGljYXRpb25zIjt9', 'status', 'Equal_To', 'Any_Change', NULL);
INSERT INTO aow_actions (id, name, date_entered, date_modified, modified_user_id, created_by, description, deleted, aow_workflow_id, action_order, action, parameters) VALUES
('00000b52-cd9a-161e-c7d1-69a82a27d7fb', 'Acción Envío notificación - Estado Rechazada o cerrada (usuario asignado)', UTC_TIMESTAMP(), UTC_TIMESTAMP(), '1', '1', NULL, 0, '00000ace-02d2-2425-107e-69a82a9eacb5', 1, 'SendEmail', 'YToxMDp7czoxNjoiaW5kaXZpZHVhbF9lbWFpbCI7czoxOiIxIjtzOjE0OiJlbWFpbF90ZW1wbGF0ZSI7czozNjoiMWEyZDZmMTAtOGUzMi00ZjhhLTlhMTEtM2IxYjdjMmEwMDA0IjtzOjExOiJvdXRwdXRfc210cCI7czo2OiJzeXN0ZW0iO3M6MTU6ImZyb21fZW1haWxfbmFtZSI7czowOiIiO3M6MTg6ImZyb21fZW1haWxfYWRkcmVzcyI7czowOiIiO3M6MTM6InJlcGx5X3RvX25hbWUiO3M6MDoiIjtzOjg6InJlcGx5X3RvIjtzOjA6IiI7czoxMzoiZW1haWxfdG9fdHlwZSI7YToyOntpOjA7czoyOiJ0byI7aToxO3M6MjoiY2MiO31zOjE3OiJlbWFpbF90YXJnZXRfdHlwZSI7YToxOntpOjA7czoxMzoiUmVsYXRlZCBGaWVsZCI7fXM6NToiZW1haWwiO2E6MTp7aTowO3M6MTg6ImFzc2lnbmVkX3VzZXJfbGluayI7fX0='),
('00000b53-cd9a-161e-c7d1-69a82a27d7f1', 'Acción Envío notificación - Estado Rechazada o cerrada (candidato)', UTC_TIMESTAMP(), UTC_TIMESTAMP(), '1', '1', NULL, 0, '00000ace-02d2-2425-107e-69a82a9eacb5', 2, 'SendEmail', 'YToxMDp7czoxNjoiaW5kaXZpZHVhbF9lbWFpbCI7czoxOiIxIjtzOjE0OiJlbWFpbF90ZW1wbGF0ZSI7czozNjoiMWEyZDZmMTAtOGUzMi00ZjhhLTlhMTEtM2IxYjdjMmEwMDA1IjtzOjExOiJvdXRwdXRfc210cCI7czo2OiJzeXN0ZW0iO3M6MTU6ImZyb21fZW1haWxfbmFtZSI7czowOiIiO3M6MTg6ImZyb21fZW1haWxfYWRkcmVzcyI7czowOiIiO3M6MTM6InJlcGx5X3RvX25hbWUiO3M6MDoiIjtzOjg6InJlcGx5X3RvIjtzOjA6IiI7czoxMzoiZW1haWxfdG9fdHlwZSI7YToyOntpOjA7czoyOiJ0byI7aToxO3M6MjoiY2MiO31zOjE3OiJlbWFpbF90YXJnZXRfdHlwZSI7YToxOntpOjA7czoxMzoiUmVsYXRlZCBGaWVsZCI7fXM6NToiZW1haWwiO2E6MTp7aTowO3M6MzA6InN0aWNfam9iX2FwcGxpY2F0aW9uc19jb250YWN0cyI7fX0=');

-- Candidaturas - Notificación - Otros Estados
INSERT INTO aow_workflow (id, name, date_entered, date_modified, modified_user_id, created_by, description, deleted, assigned_user_id, flow_module, flow_run_on, status, run_when, multiple_runs, run_on_import) VALUES
('00000174-497a-ef41-5ae8-69a830ec33ce', 'Candidaturas - Notificación - Otros estados', UTC_TIMESTAMP(), UTC_TIMESTAMP(), '1', '1', 'Flujo de trabajo que envía una notificación al contacto cuando ha cambiado su candidatura a otros estados que no sean ni Aceptada ni Rechazada o cerrada', 0, '1', 'stic_Job_Applications', 'Modified_Records', 'Inactive', 'Always', 1, 0);
INSERT INTO aow_conditions (id, name, date_entered, date_modified, modified_user_id, created_by, description, deleted, aow_workflow_id, condition_order, module_path, field, operator, value_type, value) VALUES
('0000033d-8ae0-fe4a-64ba-69a830439caf', '', UTC_TIMESTAMP(), UTC_TIMESTAMP(), '1', '1', NULL, 0, '00000174-497a-ef41-5ae8-69a830ec33ce', 1, 'YToxOntpOjA7czoyMToic3RpY19Kb2JfQXBwbGljYXRpb25zIjt9', 'status', 'Equal_To', 'Multi', '^expected_presentation^,^presented^,^pending_interview^,^interviewed^'),
('00000f13-1111-2222-3333-69a830ec33ce', '', UTC_TIMESTAMP(), UTC_TIMESTAMP(), '1', '1', NULL, 0, '00000174-497a-ef41-5ae8-69a830ec33ce', 2, 'YToxOntpOjA7czoyMToic3RpY19Kb2JfQXBwbGljYXRpb25zIjt9', 'status', 'Not_Equal_To', 'Multi', '^review^,^accepted^,^rejected_closed^'),
('00000f12-1111-2222-3333-69a830ec33ce', '', UTC_TIMESTAMP(), UTC_TIMESTAMP(), '1', '1', NULL, 0, '00000174-497a-ef41-5ae8-69a830ec33ce', 3, 'YToxOntpOjA7czoyMToic3RpY19Kb2JfQXBwbGljYXRpb25zIjt9', 'status', 'Equal_To', 'Any_Change', NULL);
INSERT INTO aow_actions (id, name, date_entered, date_modified, modified_user_id, created_by, description, deleted, aow_workflow_id, action_order, action, parameters) VALUES
('00000b79-f2fc-034b-4bb2-69a830fb223b', 'Acción Envío notificación - Otros estados (usuario asignado)', UTC_TIMESTAMP(), UTC_TIMESTAMP(), '1', '1', NULL, 0, '00000174-497a-ef41-5ae8-69a830ec33ce', 1, 'SendEmail', 'YToxMDp7czoxNjoiaW5kaXZpZHVhbF9lbWFpbCI7czoxOiIxIjtzOjE0OiJlbWFpbF90ZW1wbGF0ZSI7czozNjoiMWEyZDZmMTAtOGUzMi00ZjhhLTlhMTEtM2IxYjdjMmEwMDA3IjtzOjExOiJvdXRwdXRfc210cCI7czo2OiJzeXN0ZW0iO3M6MTU6ImZyb21fZW1haWxfbmFtZSI7czowOiIiO3M6MTg6ImZyb21fZW1haWxfYWRkcmVzcyI7czowOiIiO3M6MTM6InJlcGx5X3RvX25hbWUiO3M6MDoiIjtzOjg6InJlcGx5X3RvIjtzOjA6IiI7czoxMzoiZW1haWxfdG9fdHlwZSI7YToyOntpOjA7czoyOiJ0byI7aToxO3M6MjoiY2MiO31zOjE3OiJlbWFpbF90YXJnZXRfdHlwZSI7YToxOntpOjA7czoxMzoiUmVsYXRlZCBGaWVsZCI7fXM6NToiZW1haWwiO2E6MTp7aTowO3M6MTg6ImFzc2lnbmVkX3VzZXJfbGluayI7fX0='),
('00000b80-f2fc-034b-4bb2-69a830fb2240', 'Acción Envío notificación - Otros estados (candidato)', UTC_TIMESTAMP(), UTC_TIMESTAMP(), '1', '1', NULL, 0, '00000174-497a-ef41-5ae8-69a830ec33ce', 2, 'SendEmail', 'YToxMDp7czoxNjoiaW5kaXZpZHVhbF9lbWFpbCI7czoxOiIxIjtzOjE0OiJlbWFpbF90ZW1wbGF0ZSI7czozNjoiMWEyZDZmMTAtOGUzMi00ZjhhLTlhMTEtM2IxYjdjMmEwMDA4IjtzOjExOiJvdXRwdXRfc210cCI7czo2OiJzeXN0ZW0iO3M6MTU6ImZyb21fZW1haWxfbmFtZSI7czowOiIiO3M6MTg6ImZyb21fZW1haWxfYWRkcmVzcyI7czowOiIiO3M6MTM6InJlcGx5X3RvX25hbWUiO3M6MDoiIjtzOjg6InJlcGx5X3RvIjtzOjA6IiI7czoxMzoiZW1haWxfdG9fdHlwZSI7YToyOntpOjA7czoyOiJ0byI7aToxO3M6MjoiY2MiO31zOjE3OiJlbWFpbF90YXJnZXRfdHlwZSI7YToxOntpOjA7czoxMzoiUmVsYXRlZCBGaWVsZCI7fXM6NToiZW1haWwiO2E6MTp7aTowO3M6MzA6InN0aWNfam9iX2FwcGxpY2F0aW9uc19jb250YWN0cyI7fX0=');

-- Candidaturas - Notificación - Estado Aceptada (interlocutor)
INSERT INTO aow_workflow (id, name, date_entered, date_modified, modified_user_id, created_by, description, deleted, assigned_user_id, flow_module, flow_run_on, status, run_when, multiple_runs, run_on_import) VALUES
('5a1e2b30-6f11-4d8a-9b01-3b1b7c2a1000', 'Candidaturas - Notificación - Estado Aceptada (interlocutor)', UTC_TIMESTAMP(), UTC_TIMESTAMP(), '1', '1', 'Flujo de trabajo que envía una notificación al interlocutor cuando una candidatura cambia a Aceptada y existe interlocutor.', 0, '1', 'stic_Job_Applications', 'Modified_Records', 'Inactive', 'Always', 1, 0);
INSERT INTO aow_conditions (id, name, date_entered, date_modified, modified_user_id, created_by, description, deleted, aow_workflow_id, condition_order, module_path, field, operator, value_type, value) VALUES
('5a1e2b30-6f11-4d8a-9b01-3b1b7c2a1001', '', UTC_TIMESTAMP(), UTC_TIMESTAMP(), '1', '1', NULL, 0, '5a1e2b30-6f11-4d8a-9b01-3b1b7c2a1000', 1, 'YToxOntpOjA7czoyMToic3RpY19Kb2JfQXBwbGljYXRpb25zIjt9', 'status', 'Equal_To', 'Value', 'accepted'),
('5a1e2b30-6f11-4d8a-9b01-3b1b7c2a1002', '', UTC_TIMESTAMP(), UTC_TIMESTAMP(), '1', '1', NULL, 0, '5a1e2b30-6f11-4d8a-9b01-3b1b7c2a1000', 2, 'YToxOntpOjA7czoyMToic3RpY19Kb2JfQXBwbGljYXRpb25zIjt9', 'status', 'Equal_To', 'Any_Change', NULL),
('5a1e2b30-6f11-4d8a-9b01-3b1b7c2a1003', '', UTC_TIMESTAMP(), UTC_TIMESTAMP(), '1', '1', NULL, 0, '5a1e2b30-6f11-4d8a-9b01-3b1b7c2a1000', 3, 'YToxOntpOjA7czoyMToic3RpY19Kb2JfQXBwbGljYXRpb25zIjt9', 'interlocutor', 'Not_Equal_To', 'Value', '');
INSERT INTO aow_actions (id, name, date_entered, date_modified, modified_user_id, created_by, description, deleted, aow_workflow_id, action_order, action, parameters) VALUES
('5a1e2b30-6f11-4d8a-9b01-3b1b7c2a1004', 'Acción Envío notificación - Estado Aceptada (interlocutor)', UTC_TIMESTAMP(), UTC_TIMESTAMP(), '1', '1', NULL, 0, '5a1e2b30-6f11-4d8a-9b01-3b1b7c2a1000', 1, 'SendEmail', 'YToxMDp7czoxNjoiaW5kaXZpZHVhbF9lbWFpbCI7czoxOiIxIjtzOjE0OiJlbWFpbF90ZW1wbGF0ZSI7czozNjoiMWEyZDZmMTAtOGUzMi00ZjhhLTlhMTEtM2IxYjdjMmEwMDAzIjtzOjExOiJvdXRwdXRfc210cCI7czo2OiJzeXN0ZW0iO3M6MTU6ImZyb21fZW1haWxfbmFtZSI7czowOiIiO3M6MTg6ImZyb21fZW1haWxfYWRkcmVzcyI7czowOiIiO3M6MTM6InJlcGx5X3RvX25hbWUiO3M6MDoiIjtzOjg6InJlcGx5X3RvIjtzOjA6IiI7czoxMzoiZW1haWxfdG9fdHlwZSI7YToyOntpOjA7czoyOiJ0byI7aToxO3M6MjoiY2MiO31zOjE3OiJlbWFpbF90YXJnZXRfdHlwZSI7YToxOntpOjA7czoxMzoiUmVsYXRlZCBGaWVsZCI7fXM6NToiZW1haWwiO2E6MTp7aTowO3M6MTI6ImludGVybG9jdXRvciI7fX0=');

-- Candidaturas - Notificación - Estado Rechazada o cerrada (interlocutor)
INSERT INTO aow_workflow (id, name, date_entered, date_modified, modified_user_id, created_by, description, deleted, assigned_user_id, flow_module, flow_run_on, status, run_when, multiple_runs, run_on_import) VALUES
('5a1e2b30-6f11-4d8a-9b01-3b1b7c2a2000', 'Candidaturas - Notificación - Estado Rechazada o cerrada (interlocutor)', UTC_TIMESTAMP(), UTC_TIMESTAMP(), '1', '1', 'Flujo de trabajo que envía una notificación al interlocutor cuando una candidatura cambia a Rechazada o cerrada y existe interlocutor.', 0, '1', 'stic_Job_Applications', 'Modified_Records', 'Inactive', 'Always', 1, 0);
INSERT INTO aow_conditions (id, name, date_entered, date_modified, modified_user_id, created_by, description, deleted, aow_workflow_id, condition_order, module_path, field, operator, value_type, value) VALUES
('5a1e2b30-6f11-4d8a-9b01-3b1b7c2a2001', '', UTC_TIMESTAMP(), UTC_TIMESTAMP(), '1', '1', NULL, 0, '5a1e2b30-6f11-4d8a-9b01-3b1b7c2a2000', 1, 'YToxOntpOjA7czoyMToic3RpY19Kb2JfQXBwbGljYXRpb25zIjt9', 'status', 'Equal_To', 'Value', 'rejected_closed'),
('5a1e2b30-6f11-4d8a-9b01-3b1b7c2a2002', '', UTC_TIMESTAMP(), UTC_TIMESTAMP(), '1', '1', NULL, 0, '5a1e2b30-6f11-4d8a-9b01-3b1b7c2a2000', 2, 'YToxOntpOjA7czoyMToic3RpY19Kb2JfQXBwbGljYXRpb25zIjt9', 'status', 'Equal_To', 'Any_Change', NULL),
('5a1e2b30-6f11-4d8a-9b01-3b1b7c2a2003', '', UTC_TIMESTAMP(), UTC_TIMESTAMP(), '1', '1', NULL, 0, '5a1e2b30-6f11-4d8a-9b01-3b1b7c2a2000', 3, 'YToxOntpOjA7czoyMToic3RpY19Kb2JfQXBwbGljYXRpb25zIjt9', 'interlocutor', 'Not_Equal_To', 'Value', '');
INSERT INTO aow_actions (id, name, date_entered, date_modified, modified_user_id, created_by, description, deleted, aow_workflow_id, action_order, action, parameters) VALUES
('5a1e2b30-6f11-4d8a-9b01-3b1b7c2a2004', 'Acción Envío notificación - Estado Rechazada o cerrada (interlocutor)', UTC_TIMESTAMP(), UTC_TIMESTAMP(), '1', '1', NULL, 0, '5a1e2b30-6f11-4d8a-9b01-3b1b7c2a2000', 1, 'SendEmail', 'YToxMDp7czoxNjoiaW5kaXZpZHVhbF9lbWFpbCI7czoxOiIxIjtzOjE0OiJlbWFpbF90ZW1wbGF0ZSI7czozNjoiMWEyZDZmMTAtOGUzMi00ZjhhLTlhMTEtM2IxYjdjMmEwMDA2IjtzOjExOiJvdXRwdXRfc210cCI7czo2OiJzeXN0ZW0iO3M6MTU6ImZyb21fZW1haWxfbmFtZSI7czowOiIiO3M6MTg6ImZyb21fZW1haWxfYWRkcmVzcyI7czowOiIiO3M6MTM6InJlcGx5X3RvX25hbWUiO3M6MDoiIjtzOjg6InJlcGx5X3RvIjtzOjA6IiI7czoxMzoiZW1haWxfdG9fdHlwZSI7YToyOntpOjA7czoyOiJ0byI7aToxO3M6MjoiY2MiO31zOjE3OiJlbWFpbF90YXJnZXRfdHlwZSI7YToxOntpOjA7czoxMzoiUmVsYXRlZCBGaWVsZCI7fXM6NToiZW1haWwiO2E6MTp7aTowO3M6MTI6ImludGVybG9jdXRvciI7fX0=');

-- Candidaturas - Notificación - Otros estados (interlocutor)
INSERT INTO aow_workflow (id, name, date_entered, date_modified, modified_user_id, created_by, description, deleted, assigned_user_id, flow_module, flow_run_on, status, run_when, multiple_runs, run_on_import) VALUES
('5a1e2b30-6f11-4d8a-9b01-3b1b7c2a3000', 'Candidaturas - Notificación - Otros estados (interlocutor)', UTC_TIMESTAMP(), UTC_TIMESTAMP(), '1', '1', 'Flujo de trabajo que envía una notificación al interlocutor cuando una candidatura cambia a otros estados y existe interlocutor.', 0, '1', 'stic_Job_Applications', 'Modified_Records', 'Inactive', 'Always', 1, 0);
INSERT INTO aow_conditions (id, name, date_entered, date_modified, modified_user_id, created_by, description, deleted, aow_workflow_id, condition_order, module_path, field, operator, value_type, value) VALUES
('5a1e2b30-6f11-4d8a-9b01-3b1b7c2a3001', '', UTC_TIMESTAMP(), UTC_TIMESTAMP(), '1', '1', NULL, 0, '5a1e2b30-6f11-4d8a-9b01-3b1b7c2a3000', 1, 'YToxOntpOjA7czoyMToic3RpY19Kb2JfQXBwbGljYXRpb25zIjt9', 'status', 'Equal_To', 'Multi', '^expected_presentation^,^presented^,^pending_interview^,^interviewed^'),
('5a1e2b30-6f11-4d8a-9b01-3b1b7c2a3002', '', UTC_TIMESTAMP(), UTC_TIMESTAMP(), '1', '1', NULL, 0, '5a1e2b30-6f11-4d8a-9b01-3b1b7c2a3000', 2, 'YToxOntpOjA7czoyMToic3RpY19Kb2JfQXBwbGljYXRpb25zIjt9', 'status', 'Not_Equal_To', 'Multi', '^review^,^accepted^,^rejected_closed^'),
('5a1e2b30-6f11-4d8a-9b01-3b1b7c2a3003', '', UTC_TIMESTAMP(), UTC_TIMESTAMP(), '1', '1', NULL, 0, '5a1e2b30-6f11-4d8a-9b01-3b1b7c2a3000', 3, 'YToxOntpOjA7czoyMToic3RpY19Kb2JfQXBwbGljYXRpb25zIjt9', 'status', 'Equal_To', 'Any_Change', NULL),
('5a1e2b30-6f11-4d8a-9b01-3b1b7c2a3004', '', UTC_TIMESTAMP(), UTC_TIMESTAMP(), '1', '1', NULL, 0, '5a1e2b30-6f11-4d8a-9b01-3b1b7c2a3000', 4, 'YToxOntpOjA7czoyMToic3RpY19Kb2JfQXBwbGljYXRpb25zIjt9', 'interlocutor', 'Not_Equal_To', 'Value', '');
INSERT INTO aow_actions (id, name, date_entered, date_modified, modified_user_id, created_by, description, deleted, aow_workflow_id, action_order, action, parameters) VALUES
('5a1e2b30-6f11-4d8a-9b01-3b1b7c2a3005', 'Acción Envío notificación - Otros estados (interlocutor)', UTC_TIMESTAMP(), UTC_TIMESTAMP(), '1', '1', NULL, 0, '5a1e2b30-6f11-4d8a-9b01-3b1b7c2a3000', 1, 'SendEmail', 'YToxMDp7czoxNjoiaW5kaXZpZHVhbF9lbWFpbCI7czoxOiIxIjtzOjE0OiJlbWFpbF90ZW1wbGF0ZSI7czozNjoiMWEyZDZmMTAtOGUzMi00ZjhhLTlhMTEtM2IxYjdjMmEwMDA5IjtzOjExOiJvdXRwdXRfc210cCI7czo2OiJzeXN0ZW0iO3M6MTU6ImZyb21fZW1haWxfbmFtZSI7czowOiIiO3M6MTg6ImZyb21fZW1haWxfYWRkcmVzcyI7czowOiIiO3M6MTM6InJlcGx5X3RvX25hbWUiO3M6MDoiIjtzOjg6InJlcGx5X3RvIjtzOjA6IiI7czoxMzoiZW1haWxfdG9fdHlwZSI7YToyOntpOjA7czoyOiJ0byI7aToxO3M6MjoiY2MiO31zOjE3OiJlbWFpbF90YXJnZXRfdHlwZSI7YToxOntpOjA7czoxMzoiUmVsYXRlZCBGaWVsZCI7fXM6NToiZW1haWwiO2E6MTp7aTowO3M6MTI6ImludGVybG9jdXRvciI7fX0=');

-- Ofertas Laborales - Notificación - Fecha de cierre vencida sin estado cerrada
INSERT INTO aow_workflow (id, name, date_entered, date_modified, modified_user_id, created_by, description, deleted, assigned_user_id, flow_module, flow_run_on, status, run_when, multiple_runs, run_on_import) VALUES
('000009c0-3302-dbf2-c1b7-69a850a8b6d5', 'Ofertas laborales - Notificación - Fecha de cierre', UTC_TIMESTAMP(), UTC_TIMESTAMP(), '1', '1', 'Flujo de trabajo que envía una notificación al usuario asignado cuando la fecha de cierre en una oferta sea el día anterior y no tenga de estado Cerrada.', 0, '1', 'stic_Job_Offers', 'All_Records', 'Inactive', 'Always', 1, 0);
INSERT INTO aow_conditions (id, name, date_entered, date_modified, modified_user_id, created_by, description, deleted, aow_workflow_id, condition_order, module_path, field, operator, value_type, value) VALUES
('000000cd-0341-b540-66b5-69a8502ff15d', '', UTC_TIMESTAMP(), UTC_TIMESTAMP(), '1', '1', NULL, 0, '000009c0-3302-dbf2-c1b7-69a850a8b6d5', 3, 'YToxOntpOjA7czoxNToic3RpY19Kb2JfT2ZmZXJzIjt9', 'assigned_user_id', 'Not_Equal_To', 'Value', NULL),
('000002a2-0646-1de2-e72c-69a85088e3cf', '', UTC_TIMESTAMP(), UTC_TIMESTAMP(), '1', '1', NULL, 0, '000009c0-3302-dbf2-c1b7-69a850a8b6d5', 1, 'YToxOntpOjA7czoxNToic3RpY19Kb2JfT2ZmZXJzIjt9', 'applications_end_date', 'Equal_To', 'Date', 'YTo0OntpOjA7czo1OiJ0b2RheSI7aToxO3M6NToibWludXMiO2k6MjtzOjE6IjEiO2k6MztzOjM6ImRheSI7fQ=='),
('000003b5-2bb2-8999-84b6-69a850918ce2', '', UTC_TIMESTAMP(), UTC_TIMESTAMP(), '1', '1', NULL, 0, '000009c0-3302-dbf2-c1b7-69a850a8b6d5', 2, 'YToxOntpOjA7czoxNToic3RpY19Kb2JfT2ZmZXJzIjt9', 'status', 'Not_Equal_To', 'Multi', '^closed_covered^,^closed_partially_covered^,^closed_not_covered^');
INSERT INTO aow_actions (id, name, date_entered, date_modified, modified_user_id, created_by, description, deleted, aow_workflow_id, action_order, action, parameters) VALUES
('00000727-a7fd-96e4-64fa-69a850c229f5', 'Acción Envío notificación - Fecha de cierre', UTC_TIMESTAMP(), UTC_TIMESTAMP(), '1', '1', NULL, 0, '000009c0-3302-dbf2-c1b7-69a850a8b6d5', 1, 'SendEmail', 'YToxMDp7czoxNjoiaW5kaXZpZHVhbF9lbWFpbCI7czoxOiIwIjtzOjE0OiJlbWFpbF90ZW1wbGF0ZSI7czozNjoiZDNjMWQ1YjctZjhkMi00ZGY0LTlmNmItMmM2M2FhNmI4ZTQxIjtzOjEzOiJvdXRib3VuZF9zbXRwIjtzOjY6InN5c3RlbSI7czoxNToiZnJvbV9lbWFpbF9uYW1lIjtzOjA6IiI7czoxODoiZnJvbV9lbWFpbF9hZGRyZXNzIjtzOjA6IiI7czoxMzoicmVwbHlfdG9fbmFtZSI7czowOiIiO3M6ODoicmVwbHlfdG8iO3M6MDoiIjtzOjEzOiJlbWFpbF90b190eXBlIjthOjE6e2k6MDtzOjI6InRvIjt9czoxNzoiZW1haWxfdGFyZ2V0X3R5cGUiO2E6MTp7aTowO3M6MTM6IlJlbGF0ZWQgRmllbGQiO31zOjU6ImVtYWlsIjthOjE6e2k6MDtzOjE4OiJhc3NpZ25lZF91c2VyX2xpbmsiO319');

-- Ofertas laborales - Notificación - Nueva oferta laboral (usuario asignado)
INSERT INTO aow_workflow (id, name, date_entered, date_modified, modified_user_id, created_by, description, deleted, assigned_user_id, flow_module, flow_run_on, status, run_when, multiple_runs, run_on_import) VALUES
('3c0a5f6e-0001-4f8a-9a11-3b1b7c2a0200', 'Ofertas laborales - Notificación - Nueva oferta (usuario asignado)', UTC_TIMESTAMP(), UTC_TIMESTAMP(), '1', '1', 'Flujo de trabajo que envía notificaciones al usuario asignado al crear una nueva oferta laboral.', 0, '1', 'stic_Job_Offers', 'New_Records', 'Inactive', 'Always', 0, 0);
INSERT INTO aow_actions (id, name, date_entered, date_modified, modified_user_id, created_by, description, deleted, aow_workflow_id, action_order, action, parameters) VALUES
('3c0a5f6e-0001-4f8a-9a11-3b1b7c2a0201', 'Acción Envío notificación - Nueva oferta (usuario asignado)', UTC_TIMESTAMP(), UTC_TIMESTAMP(), '1', '1', NULL, 0, '3c0a5f6e-0001-4f8a-9a11-3b1b7c2a0200', 1, 'SendEmail', 'YToxMDp7czoxNjoiaW5kaXZpZHVhbF9lbWFpbCI7czoxOiIxIjtzOjE0OiJlbWFpbF90ZW1wbGF0ZSI7czozNjoiM2MwYTVmNmUtMTExMS00ZjhhLTlhMTEtM2IxYjdjMmEwMTAxIjtzOjExOiJvdXRwdXRfc210cCI7czo2OiJzeXN0ZW0iO3M6MTU6ImZyb21fZW1haWxfbmFtZSI7czowOiIiO3M6MTg6ImZyb21fZW1haWxfYWRkcmVzcyI7czowOiIiO3M6MTM6InJlcGx5X3RvX25hbWUiO3M6MDoiIjtzOjg6InJlcGx5X3RvIjtzOjA6IiI7czoxMzoiZW1haWxfdG9fdHlwZSI7YToxOntpOjA7czoyOiJ0byI7fXM6MTc6ImVtYWlsX3RhcmdldF90eXBlIjthOjE6e2k6MDtzOjEzOiJSZWxhdGVkIEZpZWxkIjt9czo1OiJlbWFpbCI7YToxOntpOjA7czoxODoiYXNzaWduZWRfdXNlcl9saW5rIjt9fQ==');

-- Ofertas laborales - Notificación - Nueva oferta laboral (interlocutor)
INSERT INTO aow_workflow (id, name, date_entered, date_modified, modified_user_id, created_by, description, deleted, assigned_user_id, flow_module, flow_run_on, status, run_when, multiple_runs, run_on_import) VALUES
('3c0a5f6e-0001-4f8a-9a11-3b1b7c2a0300', 'Ofertas laborales - Notificación - Nueva oferta (interlocutor)', UTC_TIMESTAMP(), UTC_TIMESTAMP(), '1', '1', 'Flujo de trabajo que envía una notificación al interlocutor al crear una nueva oferta laboral cuando existe interlocutor.', 0, '1', 'stic_Job_Offers', 'New_Records', 'Inactive', 'Always', 0, 0);
INSERT INTO aow_conditions (id, name, date_entered, date_modified, modified_user_id, created_by, description, deleted, aow_workflow_id, condition_order, module_path, field, operator, value_type, value) VALUES
('3c0a5f6e-0001-4f8a-9a11-3b1b7c2a0303', '', UTC_TIMESTAMP(), UTC_TIMESTAMP(), '1', '1', NULL, 0, '3c0a5f6e-0001-4f8a-9a11-3b1b7c2a0300', 1, 'YToxOntpOjA7czoxNToic3RpY19Kb2JfT2ZmZXJzIjt9', 'interlocutor', 'Not_Equal_To', 'Value', '');
INSERT INTO aow_actions (id, name, date_entered, date_modified, modified_user_id, created_by, description, deleted, aow_workflow_id, action_order, action, parameters) VALUES
('3c0a5f6e-0001-4f8a-9a11-3b1b7c2a0301', 'Acción Envío notificación - Nueva oferta (interlocutor)', UTC_TIMESTAMP(), UTC_TIMESTAMP(), '1', '1', NULL, 0, '3c0a5f6e-0001-4f8a-9a11-3b1b7c2a0300', 1, 'SendEmail', 'YToxMDp7czoxNjoiaW5kaXZpZHVhbF9lbWFpbCI7czoxOiIxIjtzOjE0OiJlbWFpbF90ZW1wbGF0ZSI7czozNjoiM2MwYTVmNmUtMTExMS00ZjhhLTlhMTEtM2IxYjdjMmEwMTAyIjtzOjExOiJvdXRwdXRfc210cCI7czo2OiJzeXN0ZW0iO3M6MTU6ImZyb21fZW1haWxfbmFtZSI7czowOiIiO3M6MTg6ImZyb21fZW1haWxfYWRkcmVzcyI7czowOiIiO3M6MTM6InJlcGx5X3RvX25hbWUiO3M6MDoiIjtzOjg6InJlcGx5X3RvIjtzOjA6IiI7czoxMzoiZW1haWxfdG9fdHlwZSI7YToxOntpOjA7czoyOiJ0byI7fXM6MTc6ImVtYWlsX3RhcmdldF90eXBlIjthOjE6e2k6MDtzOjEzOiJSZWxhdGVkIEZpZWxkIjt9czo1OiJlbWFpbCI7YToxOntpOjA7czoxMjoiaW50ZXJsb2N1dG9yIjt9fQ==');

-- Candidaturas - Notificación - Nueva candidatura
INSERT INTO aow_workflow (id, name, date_entered, date_modified, modified_user_id, created_by, description, deleted, assigned_user_id, flow_module, flow_run_on, status, run_when, multiple_runs, run_on_import) VALUES
('2f1b6d2e-6b9c-4b06-9c1e-4b3d4d80a101', 'Candidaturas - Notificación - Nueva candidatura', UTC_TIMESTAMP(), UTC_TIMESTAMP(), '1', '1', 'Flujo de trabajo que envía una notificación al usuario asignado cuando se presenta una nueva candidatura.', 0, '1', 'stic_Job_Applications', 'New_Records', 'Inactive', 'Always', 0, 0);
INSERT INTO aow_actions (id, name, date_entered, date_modified, modified_user_id, created_by, description, deleted, aow_workflow_id, action_order, action, parameters) VALUES
('2f1b6d2e-6b9c-4b06-9c1e-4b3d4d80a103', 'Acción Envío notificación - Nueva candidatura (usuario asignado)', UTC_TIMESTAMP(), UTC_TIMESTAMP(), '1', '1', NULL, 0, '2f1b6d2e-6b9c-4b06-9c1e-4b3d4d80a101', 1, 'SendEmail', 'YToxMDp7czoxNjoiaW5kaXZpZHVhbF9lbWFpbCI7czoxOiIxIjtzOjE0OiJlbWFpbF90ZW1wbGF0ZSI7czozNjoiN2E5ZjhmM2EtMmQxZi00YTQwLTlkZDYtN2M2ZjllMWI3MDAxIjtzOjExOiJvdXRwdXRfc210cCI7czo2OiJzeXN0ZW0iO3M6MTU6ImZyb21fZW1haWxfbmFtZSI7czowOiIiO3M6MTg6ImZyb21fZW1haWxfYWRkcmVzcyI7czowOiIiO3M6MTM6InJlcGx5X3RvX25hbWUiO3M6MDoiIjtzOjg6InJlcGx5X3RvIjtzOjA6IiI7czoxMzoiZW1haWxfdG9fdHlwZSI7YToxOntpOjA7czoyOiJ0byI7fXM6MTc6ImVtYWlsX3RhcmdldF90eXBlIjthOjE6e2k6MDtzOjEzOiJSZWxhdGVkIEZpZWxkIjt9czo1OiJlbWFpbCI7YToxOntpOjA7czoxODoiYXNzaWduZWRfdXNlcl9saW5rIjt9fQ=='),
('2f1b6d2e-6b9c-4b06-9c1e-4b3d4d80a104', 'Acción Envío notificación - Nueva candidatura (candidato)', UTC_TIMESTAMP(), UTC_TIMESTAMP(), '1', '1', NULL, 0, '2f1b6d2e-6b9c-4b06-9c1e-4b3d4d80a101', 2, 'SendEmail', 'YToxMDp7czoxNjoiaW5kaXZpZHVhbF9lbWFpbCI7czoxOiIxIjtzOjE0OiJlbWFpbF90ZW1wbGF0ZSI7czozNjoiN2E5ZjhmM2EtMmQxZi00YTQwLTlkZDYtN2M2ZjllMWI3MDAzIjtzOjExOiJvdXRwdXRfc210cCI7czo2OiJzeXN0ZW0iO3M6MTU6ImZyb21fZW1haWxfbmFtZSI7czowOiIiO3M6MTg6ImZyb21fZW1haWxfYWRkcmVzcyI7czowOiIiO3M6MTM6InJlcGx5X3RvX25hbWUiO3M6MDoiIjtzOjg6InJlcGx5X3RvIjtzOjA6IiI7czoxMzoiZW1haWxfdG9fdHlwZSI7YToyOntpOjA7czoyOiJ0byI7aToxO3M6MjoiY2MiO31zOjE3OiJlbWFpbF90YXJnZXRfdHlwZSI7YToxOntpOjA7czoxMzoiUmVsYXRlZCBGaWVsZCI7fXM6NToiZW1haWwiO2E6MTp7aTowO3M6MzA6InN0aWNfam9iX2FwcGxpY2F0aW9uc19jb250YWN0cyI7fX0=');
INSERT INTO aow_conditions (id, name, date_entered, date_modified, modified_user_id, created_by, description, deleted, aow_workflow_id, condition_order, module_path, field, operator, value_type, value) VALUES
('0000047a-f4b7-3937-dff0-69d8c03ca9bd', '', UTC_TIMESTAMP(), UTC_TIMESTAMP(), '1', '1', NULL, 0, '2f1b6d2e-6b9c-4b06-9c1e-4b3d4d80a101', 1, 'YToxOntpOjA7czoyMToic3RpY19Kb2JfQXBwbGljYXRpb25zIjt9', 'status', 'Equal_To', 'Value', 'review');

-- Mensajes - Notificación - Nuevo mensaje
INSERT INTO aow_workflow (id, name, date_entered, date_modified, modified_user_id, created_by, description, deleted, assigned_user_id, flow_module, flow_run_on, status, run_when, multiple_runs, run_on_import) VALUES
('3a5c7d8e-8b2f-4c1c-9c2b-6e6b0c90b201', 'Mensajes - Notificación - Nuevo mensaje', UTC_TIMESTAMP(), UTC_TIMESTAMP(), '1', '1', 'Flujo de trabajo que envía una notificación al usuario asignado cuando se recibe un nuevo mensaje en conversaciones.', 0, '1', 'stic_Messages', 'New_Records', 'Inactive', 'On_Save', 0, 0);
INSERT INTO aow_actions (id, name, date_entered, date_modified, modified_user_id, created_by, description, deleted, aow_workflow_id, action_order, action, parameters) VALUES
('3a5c7d8e-8b2f-4c1c-9c2b-6e6b0c90b205', 'Acción Envío notificación - Nuevo mensaje (usuario asignado)', UTC_TIMESTAMP(), UTC_TIMESTAMP(), '1', '1', NULL, 0, '3a5c7d8e-8b2f-4c1c-9c2b-6e6b0c90b201', 1, 'SendEmail', 'YToxMDp7czoxNjoiaW5kaXZpZHVhbF9lbWFpbCI7czoxOiIxIjtzOjE0OiJlbWFpbF90ZW1wbGF0ZSI7czozNjoiN2E5ZjhmM2EtMmQxZi00YTQwLTlkZDYtN2M2ZjllMWI3MDAyIjtzOjExOiJvdXRwdXRfc210cCI7czo2OiJzeXN0ZW0iO3M6MTU6ImZyb21fZW1haWxfbmFtZSI7czowOiIiO3M6MTg6ImZyb21fZW1haWxfYWRkcmVzcyI7czowOiIiO3M6MTM6InJlcGx5X3RvX25hbWUiO3M6MDoiIjtzOjg6InJlcGx5X3RvIjtzOjA6IiI7czoxMzoiZW1haWxfdG9fdHlwZSI7YToxOntpOjA7czoyOiJ0byI7fXM6MTc6ImVtYWlsX3RhcmdldF90eXBlIjthOjE6e2k6MDtzOjEzOiJSZWxhdGVkIEZpZWxkIjt9czo1OiJlbWFpbCI7YToxOntpOjA7czoxODoiYXNzaWduZWRfdXNlcl9saW5rIjt9fQ==');
INSERT INTO aow_conditions (id, name, date_entered, date_modified, modified_user_id, created_by, description, deleted, aow_workflow_id, condition_order, module_path, field, operator, value_type, value) VALUES
('3a5c7d8e-8b2f-4c1c-9c2b-6e6b0c90b202', '', UTC_TIMESTAMP(), UTC_TIMESTAMP(), '1', '1', NULL, 0, '3a5c7d8e-8b2f-4c1c-9c2b-6e6b0c90b201', 1, 'YToxOntpOjA7czoxMzoic3RpY19NZXNzYWdlcyI7fQ==', 'type', 'Equal_To', 'Value', 'conversation'),
('3a5c7d8e-8b2f-4c1c-9c2b-6e6b0c90b203', '', UTC_TIMESTAMP(), UTC_TIMESTAMP(), '1', '1', NULL, 0, '3a5c7d8e-8b2f-4c1c-9c2b-6e6b0c90b201', 2, 'YToxOntpOjA7czoxMzoic3RpY19NZXNzYWdlcyI7fQ==', 'status', 'Equal_To', 'Value', 'sent'),
('3a5c7d8e-8b2f-4c1c-9c2b-6e6b0c90b204', '', UTC_TIMESTAMP(), UTC_TIMESTAMP(), '1', '1', NULL, 0, '3a5c7d8e-8b2f-4c1c-9c2b-6e6b0c90b201', 3, 'YToxOntpOjA7czoxMzoic3RpY19NZXNzYWdlcyI7fQ==', 'parent_type', 'Equal_To', 'Value', 'Contacts');