-- Documentos - Alerta Certificado de delitos
INSERT INTO `aow_workflow` (`id`, `name`, `date_entered`, `date_modified`, `modified_user_id`, `created_by`, `description`, `deleted`, `assigned_user_id`, `flow_module`, `flow_run_on`, `status`, `run_when`, `multiple_runs`, `run_on_import`) VALUES('00000226-bd0e-5507-022c-69300f94b397', 'Documentos - Alerta Certificado de delitos', '2025-12-03 10:21:52', '2025-12-03 14:16:20', '1', '1', 'Cuando el CRM detecta que el certificado de delitos ha caducado envía un correo electrónico al responsable de voluntariado de la entidad y a la propia persona voluntaria para que vuelva a enviar el certificado renovado.', 0, '1', 'Documents', 'All_Records', 'Active', 'Always', 0, 0);
INSERT INTO `aow_conditions` (`id`, `name`, `date_entered`, `date_modified`, `modified_user_id`, `created_by`, `description`, `deleted`, `aow_workflow_id`, `condition_order`, `module_path`, `field`, `operator`, `value_type`, `value`) VALUES('00000998-c388-b6c5-4643-69300f6fac66', '', '2025-12-03 10:21:52', '2025-12-03 14:16:20', '1', '1', NULL, 0, '00000226-bd0e-5507-022c-69300f94b397', 1, 'YToxOntpOjA7czo5OiJEb2N1bWVudHMiO30=', 'status_id', 'Equal_To', 'Value', 'Active');
INSERT INTO `aow_conditions` (`id`, `name`, `date_entered`, `date_modified`, `modified_user_id`, `created_by`, `description`, `deleted`, `aow_workflow_id`, `condition_order`, `module_path`, `field`, `operator`, `value_type`, `value`) VALUES('00000093-da63-d1b3-9706-69300ffa93b5', '', '2025-12-03 10:21:52', '2025-12-03 14:16:20', '1', '1', NULL, 0, '00000226-bd0e-5507-022c-69300f94b397', 2, 'YToxOntpOjA7czo5OiJEb2N1bWVudHMiO30=', 'exp_date', 'Less_Than_or_Equal_To', 'Date', 'YTo0OntpOjA7czozOiJub3ciO2k6MTtzOjM6Im5vdyI7aToyO3M6MDoiIjtpOjM7czowOiIiO30=');
INSERT INTO `aow_conditions` (`id`, `name`, `date_entered`, `date_modified`, `modified_user_id`, `created_by`, `description`, `deleted`, `aow_workflow_id`, `condition_order`, `module_path`, `field`, `operator`, `value_type`, `value`) VALUES('00000acd-cca5-4abc-450d-69300f977a4a', '', '2025-12-03 10:21:52', '2025-12-03 14:16:20', '1', '1', NULL, 0, '00000226-bd0e-5507-022c-69300f94b397', 3, 'YToxOntpOjA7czo5OiJEb2N1bWVudHMiO30=', 'stic_category_c', 'Equal_To', 'Value', 'certificate');
INSERT INTO `aow_conditions` (`id`, `name`, `date_entered`, `date_modified`, `modified_user_id`, `created_by`, `description`, `deleted`, `aow_workflow_id`, `condition_order`, `module_path`, `field`, `operator`, `value_type`, `value`) VALUES('00000e35-5f97-3d7c-cac3-69300fa334f4', '', '2025-12-03 10:21:52', '2025-12-03 14:16:20', '1', '1', NULL, 0, '00000226-bd0e-5507-022c-69300f94b397', 4, 'YToxOntpOjA7czo5OiJEb2N1bWVudHMiO30=', 'stic_subcategory_c', 'Equal_To', 'Value', 'certificate_sexual_offences');
INSERT INTO `aow_actions` (`id`, `name`, `date_entered`, `date_modified`, `modified_user_id`, `created_by`, `description`, `deleted`, `aow_workflow_id`, `action_order`, `action`, `parameters`) VALUES('00000955-fba9-042d-4020-69302e7aa6f9', '', '2025-12-03 12:36:09', '2025-12-03 14:16:20', '1', '1', NULL, 0, '00000226-bd0e-5507-022c-69300f94b397', 2, 'SendEmail', 'YTo3OntzOjE2OiJpbmRpdmlkdWFsX2VtYWlsIjtzOjE6IjAiO3M6MTQ6ImVtYWlsX3RlbXBsYXRlIjtzOjA6IiI7czoxMToib3V0cHV0X3NtdHAiO3M6Njoic3lzdGVtIjtzOjE1OiJmcm9tX2VtYWlsX25hbWUiO3M6NjoiU3lzdGVtIjtzOjE4OiJmcm9tX2VtYWlsX2FkZHJlc3MiO3M6MjI6Im1hbnVlbEBzaW5lcmdpYWNybS5vcmciO3M6MTM6InJlcGx5X3RvX25hbWUiO3M6MDoiIjtzOjg6InJlcGx5X3RvIjtzOjA6IiI7fQ==');
INSERT INTO `aow_actions` (`id`, `name`, `date_entered`, `date_modified`, `modified_user_id`, `created_by`, `description`, `deleted`, `aow_workflow_id`, `action_order`, `action`, `parameters`) VALUES('00000d5d-c687-1922-4744-69300f464389', '', '2025-12-03 10:21:52', '2025-12-03 14:16:20', '1', '1', NULL, 0, '00000226-bd0e-5507-022c-69300f94b397', 1, 'SendEmail', 'YTo3OntzOjE2OiJpbmRpdmlkdWFsX2VtYWlsIjtzOjE6IjAiO3M6MTQ6ImVtYWlsX3RlbXBsYXRlIjtzOjA6IiI7czoxMToib3V0cHV0X3NtdHAiO3M6Njoic3lzdGVtIjtzOjE1OiJmcm9tX2VtYWlsX25hbWUiO3M6NjoiU3lzdGVtIjtzOjE4OiJmcm9tX2VtYWlsX2FkZHJlc3MiO3M6MjI6Im1hbnVlbEBzaW5lcmdpYWNybS5vcmciO3M6MTM6InJlcGx5X3RvX25hbWUiO3M6MDoiIjtzOjg6InJlcGx5X3RvIjtzOjA6IiI7fQ==');

-- Documentos - Alerta Póliza de seguros
INSERT INTO `aow_workflow` (`id`, `name`, `date_entered`, `date_modified`, `modified_user_id`, `created_by`, `description`, `deleted`, `assigned_user_id`, `flow_module`, `flow_run_on`, `status`, `run_when`, `multiple_runs`, `run_on_import`) VALUES('00000112-976f-ce58-6c10-6930077b0632', 'Documentos - Alerta Póliza de seguros', '2025-12-03 09:48:46', '2025-12-03 14:15:39', '1', '1', 'Cuando el CRM detecta que la póliza de seguro ha caducado envía un correo electrónico al responsable de voluntariado de la entidad.', 0, '1', 'Documents', 'All_Records', 'Active', 'Always', 0, 0);
INSERT INTO `aow_conditions` (`id`, `name`, `date_entered`, `date_modified`, `modified_user_id`, `created_by`, `description`, `deleted`, `aow_workflow_id`, `condition_order`, `module_path`, `field`, `operator`, `value_type`, `value`) VALUES('000003d2-dd87-4165-2c91-693007f94009', '', '2025-12-03 09:48:46', '2025-12-03 14:15:39', '1', '1', NULL, 0, '00000112-976f-ce58-6c10-6930077b0632', 1, 'YToxOntpOjA7czo5OiJEb2N1bWVudHMiO30=', 'status_id', 'Equal_To', 'Value', 'Active');
INSERT INTO `aow_conditions` (`id`, `name`, `date_entered`, `date_modified`, `modified_user_id`, `created_by`, `description`, `deleted`, `aow_workflow_id`, `condition_order`, `module_path`, `field`, `operator`, `value_type`, `value`) VALUES('00000e01-cb31-d081-edf3-6930076a4cf9', '', '2025-12-03 09:48:46', '2025-12-03 14:15:39', '1', '1', NULL, 0, '00000112-976f-ce58-6c10-6930077b0632', 2, 'YToxOntpOjA7czo5OiJEb2N1bWVudHMiO30=', 'exp_date', 'Less_Than_or_Equal_To', 'Date', 'YTo0OntpOjA7czozOiJub3ciO2k6MTtzOjM6Im5vdyI7aToyO3M6MDoiIjtpOjM7czowOiIiO30=');
INSERT INTO `aow_conditions` (`id`, `name`, `date_entered`, `date_modified`, `modified_user_id`, `created_by`, `description`, `deleted`, `aow_workflow_id`, `condition_order`, `module_path`, `field`, `operator`, `value_type`, `value`) VALUES('00000e30-6aeb-7ab5-0902-693007c9ee51', '', '2025-12-03 09:48:46', '2025-12-03 14:15:39', '1', '1', NULL, 0, '00000112-976f-ce58-6c10-6930077b0632', 3, 'YToxOntpOjA7czo5OiJEb2N1bWVudHMiO30=', 'stic_category_c', 'Equal_To', 'Value', 'insurance');
INSERT INTO `aow_actions` (`id`, `name`, `date_entered`, `date_modified`, `modified_user_id`, `created_by`, `description`, `deleted`, `aow_workflow_id`, `action_order`, `action`, `parameters`) VALUES('000001b4-224a-dc5f-5d8b-6930078f095c', '', '2025-12-03 09:48:46', '2025-12-03 14:15:39', '1', '1', NULL, 0, '00000112-976f-ce58-6c10-6930077b0632', 1, 'SendEmail', 'YTo3OntzOjE2OiJpbmRpdmlkdWFsX2VtYWlsIjtzOjE6IjAiO3M6MTQ6ImVtYWlsX3RlbXBsYXRlIjtzOjA6IiI7czoxMToib3V0cHV0X3NtdHAiO3M6Njoic3lzdGVtIjtzOjE1OiJmcm9tX2VtYWlsX25hbWUiO3M6NjoiU3lzdGVtIjtzOjE4OiJmcm9tX2VtYWlsX2FkZHJlc3MiO3M6MjI6Im1hbnVlbEBzaW5lcmdpYWNybS5vcmciO3M6MTM6InJlcGx5X3RvX25hbWUiO3M6MDoiIjtzOjg6InJlcGx5X3RvIjtzOjA6IiI7fQ==');
