-- Notification templates for the job offers and job applications modules
REPLACE INTO email_templates (id,date_entered,date_modified,modified_user_id,created_by,published,name,description,subject,body,body_html,deleted,assigned_user_id,text_only,`type`) VALUES
	 -- Job offer - Notification - Expired closing date and not closed status
	('d3c1d5b7-f8d2-4df4-9f6b-2c63aa6b8e41', NOW(), NOW(), '1', '1', NULL, 'Notification - Offer with expired closing date and not closed status', 'Template to notify the responsible user that the offer has an application closing date of yesterday and is not in closed status or similar.', 'Review job offer: application deadline passed - $stic_job_offers_name', 'Dear $stic_job_offers_assigned_user_name,\r\n\r\nThe job offer $stic_job_offers_name has an expired application closing date (yesterday) and is currently in status $stic_job_offers_status.\r\n\r\nPlease review the offer and update its status if appropriate: $sugarurl/index.php?module=stic_Job_Offers&action=DetailView&record=$stic_job_offers_id', '<p>Dear $stic_job_offers_assigned_user_name,</p>\n<p>The job offer <strong>$stic_job_offers_name</strong> has an expired application closing date (yesterday) and is currently in status <strong>$stic_job_offers_status</strong>.</p>\n<p>Please <a href="$sugarurl/index.php?module=stic_Job_Offers&action=DetailView&record=$stic_job_offers_id">review the offer</a> and update its status if appropriate.</p>', 0, '1', 0, 'notification'),
	-- Accepted application - Assigned user 
	('1a2d6f10-8e32-4f8a-9a11-3b1b7c2a0001', NOW(), NOW(), '1', '1', NULL, 'Accepted application - Assigned user ', 'Notifies the assigned user when an application changes to Accepted, with a CRM link.', 'Accepted application: $stic_job_applications_stic_job_applications_stic_job_offers_name', 'Dear $stic_job_applications_assigned_user_name,\r\n\r\nThe application of $stic_job_applications_stic_job_applications_contacts_name for the offer $stic_job_applications_stic_job_applications_stic_job_offers_name has changed to Accepted status.\r\n\r\nYou can review it in the CRM: $sugarurl/index.php?module=stic_Job_Applications&action=DetailView&record=$stic_job_applications_id', '<p>Dear $stic_job_applications_assigned_user_name,</p><p>The application of <strong>$stic_job_applications_stic_job_applications_contacts_name</strong> for the offer <strong>$stic_job_applications_stic_job_applications_stic_job_offers_name</strong> has changed to <strong>Accepted</strong> status.</p><p>You can review it in the CRM: <a href="$sugarurl/index.php?module=stic_Job_Applications&action=DetailView&record=$stic_job_applications_id">Open application in CRM</a>.</p>', 0, '1', 0, 'notification'),
	-- Accepted application - Candidate 
	('1a2d6f10-8e32-4f8a-9a11-3b1b7c2a0002', NOW(), NOW(), '1', '1', NULL, 'Accepted application - Candidate ', 'Notifies the candidate when their application changes to Accepted, with a private area link.', 'Your application has been accepted: $stic_job_applications_stic_job_applications_stic_job_offers_name', 'Dear $stic_job_applications_stic_job_applications_contacts_name:\r\n\r\nWe are pleased to inform you that your application for the offer $stic_job_applications_stic_job_applications_stic_job_offers_name has changed to Accepted status.\r\n\r\nYou can view the details in your private area: $portal_address/?internalpage=single_stic_job_applications&action=detail&id=$stic_job_applications_id', '<p>Dear $stic_job_applications_stic_job_applications_contacts_name:</p><p>We are pleased to inform you that your application for the offer <strong>$stic_job_applications_stic_job_applications_stic_job_offers_name</strong> has changed to <strong>Accepted</strong> status.</p><p>You can view the details in your private area: <a href="$portal_address/?internalpage=single_stic_job_applications&action=detail&id=$stic_job_applications_id">Access private area</a>.</p>', 0, '1', 0, 'notification'),
	-- Accepted application - Organization 
	('1a2d6f10-8e32-4f8a-9a11-3b1b7c2a0003', NOW(), NOW(), '1', '1', NULL, 'Accepted application - Organization ', 'Notifies the organization when an application changes to Accepted, with a private area link.', 'Accepted application in offer: $stic_job_applications_stic_job_applications_stic_job_offers_name', 'Dear $stic_job_applications_account,\r\n\r\nThe application of $stic_job_applications_stic_job_applications_contacts_name for the offer $stic_job_applications_stic_job_applications_stic_job_offers_name has changed to Accepted status.\r\n\r\nYou can view it in the private area: $portal_address/?internalpage=single_stic_job_applications&action=detail&id=$stic_job_applications_id', '<p>Dear $stic_job_applications_account,</p><p>The application of <strong>$stic_job_applications_stic_job_applications_contacts_name</strong> for the offer <strong>$stic_job_applications_stic_job_applications_stic_job_offers_name</strong> has changed to <strong>Accepted</strong> status.</p><p>You can view it in the private area: <a href="$portal_address/?internalpage=single_stic_job_applications&action=detail&id=$stic_job_applications_id">Access private area</a>.</p>', 0, '1', 0, 'notification'),
	-- Rejected or closed application - Assigned user 
	('1a2d6f10-8e32-4f8a-9a11-3b1b7c2a0004', NOW(), NOW(), '1', '1', NULL, 'Rejected/closed application - Assigned user ', 'Notifies the assigned user when an application changes to Rejected or closed, with a CRM link.', 'Rejected or closed application: $stic_job_applications_stic_job_applications_stic_job_offers_name', 'Dear $stic_job_applications_assigned_user_name,\r\n\r\nThe application of $stic_job_applications_stic_job_applications_contacts_name for the offer $stic_job_applications_stic_job_applications_stic_job_offers_name has changed to Rejected or closed status.\r\n\r\nYou can access details at: $sugarurl/index.php?module=stic_Job_Applications&action=DetailView&record=$stic_job_applications_id', '<p>Dear $stic_job_applications_assigned_user_name,</p><p>The application of <strong>$stic_job_applications_stic_job_applications_contacts_name</strong> for the offer <strong>$stic_job_applications_stic_job_applications_stic_job_offers_name</strong> has changed to <strong>Rejected or closed</strong> status.</p><p>You can access details at: <a href="$sugarurl/index.php?module=stic_Job_Applications&action=DetailView&record=$stic_job_applications_id">Open application in CRM</a>.</p>', 0, '1', 0, 'notification'),
	-- Rejected or closed application - Candidate 
	('1a2d6f10-8e32-4f8a-9a11-3b1b7c2a0005', NOW(), NOW(), '1', '1', NULL, 'Rejected/closed application - Candidate ', 'Notifies the candidate when their application changes to Rejected or closed, with a private area link.', 'Update on your application: $stic_job_applications_stic_job_applications_stic_job_offers_name', 'Dear $stic_job_applications_stic_job_applications_contacts_name:\r\n\r\nYour application for the offer $stic_job_applications_stic_job_applications_stic_job_offers_name has changed to Rejected or closed status.\r\n\r\nYou can view the details in your private area: $portal_address/?internalpage=single_stic_job_applications&action=detail&id=$stic_job_applications_id', '<p>Dear $stic_job_applications_stic_job_applications_contacts_name:</p><p>Your application for the offer <strong>$stic_job_applications_stic_job_applications_stic_job_offers_name</strong> has changed to <strong>Rejected or closed</strong> status.</p><p>You can view the details in your private area: <a href="$portal_address/?internalpage=single_stic_job_applications&action=detail&id=$stic_job_applications_id">Access private area</a>.</p>', 0, '1', 0, 'notification'),
	-- Rejected or closed application - Organization 
	('1a2d6f10-8e32-4f8a-9a11-3b1b7c2a0006', NOW(), NOW(), '1', '1', NULL, 'Rejected/closed application - Organization ', 'Notifies the organization when an application changes to Rejected or closed, with a private area link.', 'Rejected or closed application in offer: $stic_job_applications_stic_job_applications_stic_job_offers_name', 'Dear $stic_job_applications_account,\r\n\r\nThe application of $stic_job_applications_stic_job_applications_contacts_name for the offer $stic_job_applications_stic_job_applications_stic_job_offers_name has changed to Rejected or closed status.\r\n\r\nYou can view it in the private area: $portal_address/?internalpage=single_stic_job_applications&action=detail&id=$stic_job_applications_id', '<p>Dear $stic_job_applications_account,</p><p>The application of <strong>$stic_job_applications_stic_job_applications_contacts_name</strong> for the offer <strong>$stic_job_applications_stic_job_applications_stic_job_offers_name</strong> has changed to <strong>Rejected or closed</strong> status.</p><p>You can view it in the private area: <a href="$portal_address/?internalpage=single_stic_job_applications&action=detail&id=$stic_job_applications_id">Access private area</a>.</p>', 0, '1', 0, 'notification'),
	-- Other application statuses - Assigned user 
	('1a2d6f10-8e32-4f8a-9a11-3b1b7c2a0007', NOW(), NOW(), '1', '1', NULL, 'Other application statuses - Assigned user ', 'Notifies the assigned user when an application changes to other statuses, with a CRM link.', 'Application status changed: $stic_job_applications_stic_job_applications_stic_job_offers_name', 'Dear $stic_job_applications_assigned_user_name,\r\n\r\nThe application of $stic_job_applications_stic_job_applications_contacts_name for the offer $stic_job_applications_stic_job_applications_stic_job_offers_name has changed to status $stic_job_applications_status.\r\n\r\nYou can access details at: $sugarurl/index.php?module=stic_Job_Applications&action=DetailView&record=$stic_job_applications_id', '<p>Dear $stic_job_applications_assigned_user_name,</p><p>The application of <strong>$stic_job_applications_stic_job_applications_contacts_name</strong> for the offer <strong>$stic_job_applications_stic_job_applications_stic_job_offers_name</strong> has changed to status <strong>$stic_job_applications_status</strong>.</p><p>You can access details at: <a href="$sugarurl/index.php?module=stic_Job_Applications&action=DetailView&record=$stic_job_applications_id">Open application in CRM</a>.</p>', 0, '1', 0, 'notification'),
	-- Other application statuses - Candidate 
	('1a2d6f10-8e32-4f8a-9a11-3b1b7c2a0008', NOW(), NOW(), '1', '1', NULL, 'Other application statuses - Candidate ', 'Notifies the candidate when their application changes to other statuses, with a private area link.', 'Your application status changed: $stic_job_applications_stic_job_applications_stic_job_offers_name', 'Dear $stic_job_applications_stic_job_applications_contacts_name:\r\n\r\nYour application for the offer $stic_job_applications_stic_job_applications_stic_job_offers_name has changed to status $stic_job_applications_status.\r\n\r\nYou can view the details in your private area: $portal_address/?internalpage=single_stic_job_applications&action=detail&id=$stic_job_applications_id', '<p>Dear $stic_job_applications_stic_job_applications_contacts_name:</p><p>Your application for the offer <strong>$stic_job_applications_stic_job_applications_stic_job_offers_name</strong> has changed to status <strong>$stic_job_applications_status</strong>.</p><p>You can view the details in your private area: <a href="$portal_address/?internalpage=single_stic_job_applications&action=detail&id=$stic_job_applications_id">Access private area</a>.</p>', 0, '1', 0, 'notification'),
	-- Other application statuses - Organization 
	('1a2d6f10-8e32-4f8a-9a11-3b1b7c2a0009', NOW(), NOW(), '1', '1', NULL, 'Other application statuses - Organization ', 'Notifies the organization when an application changes to other statuses, with a private area link.', 'Application status changed in offer: $stic_job_applications_stic_job_applications_stic_job_offers_name', 'Dear $stic_job_applications_account,\r\n\r\nThe application of $stic_job_applications_stic_job_applications_contacts_name for the offer $stic_job_applications_stic_job_applications_stic_job_offers_name has changed to status $stic_job_applications_status.\r\n\r\nYou can view it in the private area: $portal_address/?internalpage=single_stic_job_applications&action=detail&id=$stic_job_applications_id', '<p>Dear $stic_job_applications_account,</p><p>The application of <strong>$stic_job_applications_stic_job_applications_contacts_name</strong> for the offer <strong>$stic_job_applications_stic_job_applications_stic_job_offers_name</strong> has changed to status <strong>$stic_job_applications_status</strong>.</p><p>You can view it in the private area: <a href="$portal_address/?internalpage=single_stic_job_applications&action=detail&id=$stic_job_applications_id">Access private area</a>.</p>', 0, '1', 0, 'notification'),
	-- Offer - Status change - Assigned user 
	('1a2d6f10-8e32-4f8a-9a11-3b1b7c2a0010', NOW(), NOW(), '1', '1', NULL, 'Offer status change - Assigned user ', 'Notifies the assigned user when an offer status changes, with a CRM link.', 'Offer status changed: $stic_job_offers_name', 'Dear $stic_job_offers_assigned_user_name,\r\n\r\nThe offer $stic_job_offers_name has changed to status $stic_job_offers_status.\r\n\r\nYou can access details at: $sugarurl/index.php?module=stic_Job_Offers&action=DetailView&record=$stic_job_offers_id', '<p>Dear $stic_job_offers_assigned_user_name,</p><p>The offer <strong>$stic_job_offers_name</strong> has changed to status <strong>$stic_job_offers_status</strong>.</p><p>You can access details at: <a href="$sugarurl/index.php?module=stic_Job_Offers&action=DetailView&record=$stic_job_offers_id">Open offer in CRM</a>.</p>', 0, '1', 0, 'notification'),
	-- Offer - Status change - Candidates 
	('1a2d6f10-8e32-4f8a-9a11-3b1b7c2a0011', NOW(), NOW(), '1', '1', NULL, 'Offer status change - Candidates ', 'Notifies candidates of an offer status change, with a private area link.', 'Offer update: $stic_job_offers_name', 'Dear,\r\n\r\nThe offer $stic_job_offers_name has changed to status $stic_job_offers_status.\r\n\r\nYou can view the offer in the private area: $portal_address/?internalpage=single_stic_job_offers&action=detail&id=$stic_job_offers_id', '<p>Dear,</p><p>The offer <strong>$stic_job_offers_name</strong> has changed to status <strong>$stic_job_offers_status</strong>.</p><p>You can view the offer in the private area: <a href="$portal_address/?internalpage=single_stic_job_offers&action=detail&id=$stic_job_offers_id">View offer in private area</a>.</p>', 0, '1', 0, 'notification'),
	-- Offer - Status change - Organization 
	('1a2d6f10-8e32-4f8a-9a11-3b1b7c2a0012', NOW(), NOW(), '1', '1', NULL, 'Offer status change - Organization ', 'Notifies the organization of an offer status change, with a private area link.', 'Offer status changed: $stic_job_offers_name', 'Dear $stic_job_offers_stic_job_offers_accounts_name,\r\n\r\nThe offer $stic_job_offers_name has changed to status $stic_job_offers_status.\r\n\r\nYou can review it in the private area: $portal_address/?internalpage=single_stic_job_offers&action=detail&id=$stic_job_offers_id', '<p>Dear $stic_job_offers_stic_job_offers_accounts_name,</p><p>The offer <strong>$stic_job_offers_name</strong> has changed to status <strong>$stic_job_offers_status</strong>.</p><p>You can review it in the private area: <a href="$portal_address/?internalpage=single_stic_job_offers&action=detail&id=$stic_job_offers_id">View offer in private area</a>.</p>', 0, '1', 0, 'notification'),
	-- Private Area - Access credentials - Contact
	('6e6f5a91-2cb9-4f42-bf26-0a13b2f1c101', NOW(), NOW(), '1', '1', NULL, 'Private Area - Access credentials (Contact)', 'Initial template to send Private Area credentials to Contacts when access is enabled', 'Your Private Area access credentials', 'Hello $contacts_name,\r\n\r\nYour access to the Private Area has been enabled.\r\n\r\nUsername: $contacts_stic_pa_username_c\r\nPassword: $contacts_stic_pa_password_c\r\n\r\nAccess from: $portal_address\r\n\r\nIf you did not request this access, please contact the organization.', '<p>Hello $contacts_name,</p><p>Your access to the Private Area has been enabled.</p><p><strong>Username:</strong> $contacts_stic_pa_username_c<br><strong>Password:</strong> $contacts_stic_pa_password_c</p><p>Access from: <a href="$portal_address">$portal_address</a></p><p>If you did not request this access, please contact the organization.</p>', 0, '1', 0, 'notification'),
	-- Private Area - Access credentials - Account
	('6e6f5a91-2cb9-4f42-bf26-0a13b2f1c102', NOW(), NOW(), '1', '1', NULL, 'Private Area - Access credentials (Account)', 'Initial template to send Private Area credentials to Accounts when access is enabled', 'Private Area access credentials', 'Hello $accounts_name,\r\n\r\nYour access to the Private Area has been enabled.\r\n\r\nUsername: $accounts_stic_pa_username_c\r\nPassword: $accounts_stic_pa_password_c\r\n\r\nAccess from: $portal_address\r\n\r\nIf you did not request this access, please contact the organization.', '<p>Hello $accounts_name,</p><p>Your access to the Private Area has been enabled.</p><p><strong>Username:</strong> $accounts_stic_pa_username_c<br><strong>Password:</strong> $accounts_stic_pa_password_c</p><p>Access from: <a href="$portal_address">$portal_address</a></p><p>If you did not request this access, please contact the organization.</p>', 0, '1', 0, 'notification');

-- Job applications - Notification - Accepted status
REPLACE INTO aow_workflow (id, name, date_entered, date_modified, modified_user_id, created_by, description, deleted, assigned_user_id, flow_module, flow_run_on, status, run_when, multiple_runs, run_on_import) VALUES
('00000190-75e4-3e38-5f8f-69a82fb83c15', 'Job applications - Notification - Accepted status', NOW(), NOW(), '1', '1', 'Workflow that sends a notification when an application has changed to Accepted status.', 0, '1', 'stic_Job_Applications', 'All_Records', 'Inactive', 'Always', 1, 0);
REPLACE INTO aow_conditions (id, name, date_entered, date_modified, modified_user_id, created_by, description, deleted, aow_workflow_id, condition_order, module_path, field, operator, value_type, value) VALUES
('000003b6-1b3f-4bc3-b4f5-69a82f8345f3', '', NOW(), NOW(), '1', '1', NULL, 0, '00000190-75e4-3e38-5f8f-69a82fb83c15', 1, 'YToxOntpOjA7czoyMToic3RpY19Kb2JfQXBwbGljYXRpb25zIjt9', 'status', 'Equal_To', 'Value', 'accepted'),
('00000f10-1111-2222-3333-69a82fb83c15', '', NOW(), NOW(), '1', '1', NULL, 0, '00000190-75e4-3e38-5f8f-69a82fb83c15', 2, 'YToxOntpOjA7czoyMToic3RpY19Kb2JfQXBwbGljYXRpb25zIjt9', 'status', 'Equal_To', 'Any_Change', NULL);
REPLACE INTO aow_actions (id, name, date_entered, date_modified, modified_user_id, created_by, description, deleted, aow_workflow_id, action_order, action, parameters) VALUES
('000009bf-d247-6e61-ac71-69a82f5103df', 'Action Send notification - Accepted status (assigned user)', NOW(), NOW(), '1', '1', NULL, 0, '00000190-75e4-3e38-5f8f-69a82fb83c15', 1, 'SendEmail', 'YToxMDp7czoxNjoiaW5kaXZpZHVhbF9lbWFpbCI7czoxOiIxIjtzOjE0OiJlbWFpbF90ZW1wbGF0ZSI7czozNjoiMWEyZDZmMTAtOGUzMi00ZjhhLTlhMTEtM2IxYjdjMmEwMDAxIjtzOjExOiJvdXRwdXRfc210cCI7czo2OiJzeXN0ZW0iO3M6MTU6ImZyb21fZW1haWxfbmFtZSI7czowOiIiO3M6MTg6ImZyb21fZW1haWxfYWRkcmVzcyI7czowOiIiO3M6MTM6InJlcGx5X3RvX25hbWUiO3M6MDoiIjtzOjg6InJlcGx5X3RvIjtzOjA6IiI7czoxMzoiZW1haWxfdG9fdHlwZSI7YToyOntpOjA7czoyOiJ0byI7aToxO3M6MjoiY2MiO31zOjE3OiJlbWFpbF90YXJnZXRfdHlwZSI7YToxOntpOjA7czoxMzoiUmVsYXRlZCBGaWVsZCI7fXM6NToiZW1haWwiO2E6MTp7aTowO3M6MTg6ImFzc2lnbmVkX3VzZXJfbGluayI7fX0='),
('000009c1-d247-6e61-ac71-69a82f5103d1', 'Action Send notification - Accepted status (candidate)', NOW(), NOW(), '1', '1', NULL, 0, '00000190-75e4-3e38-5f8f-69a82fb83c15', 2, 'SendEmail', 'YToxMDp7czoxNjoiaW5kaXZpZHVhbF9lbWFpbCI7czoxOiIxIjtzOjE0OiJlbWFpbF90ZW1wbGF0ZSI7czozNjoiMWEyZDZmMTAtOGUzMi00ZjhhLTlhMTEtM2IxYjdjMmEwMDAyIjtzOjExOiJvdXRwdXRfc210cCI7czo2OiJzeXN0ZW0iO3M6MTU6ImZyb21fZW1haWxfbmFtZSI7czowOiIiO3M6MTg6ImZyb21fZW1haWxfYWRkcmVzcyI7czowOiIiO3M6MTM6InJlcGx5X3RvX25hbWUiO3M6MDoiIjtzOjg6InJlcGx5X3RvIjtzOjA6IiI7czoxMzoiZW1haWxfdG9fdHlwZSI7YToyOntpOjA7czoyOiJ0byI7aToxO3M6MjoiY2MiO31zOjE3OiJlbWFpbF90YXJnZXRfdHlwZSI7YToxOntpOjA7czoxMzoiUmVsYXRlZCBGaWVsZCI7fXM6NToiZW1haWwiO2E6MTp7aTowO3M6MzA6InN0aWNfam9iX2FwcGxpY2F0aW9uc19jb250YWN0cyI7fX0='),
('000009c2-d247-6e61-ac71-69a82f5103d2', 'Action Send notification - Accepted status (organization)', NOW(), NOW(), '1', '1', NULL, 0, '00000190-75e4-3e38-5f8f-69a82fb83c15', 3, 'SendEmail', 'YToxMDp7czoxNjoiaW5kaXZpZHVhbF9lbWFpbCI7czoxOiIxIjtzOjE0OiJlbWFpbF90ZW1wbGF0ZSI7czozNjoiMWEyZDZmMTAtOGUzMi00ZjhhLTlhMTEtM2IxYjdjMmEwMDAzIjtzOjExOiJvdXRwdXRfc210cCI7czo2OiJzeXN0ZW0iO3M6MTU6ImZyb21fZW1haWxfbmFtZSI7czowOiIiO3M6MTg6ImZyb21fZW1haWxfYWRkcmVzcyI7czowOiIiO3M6MTM6InJlcGx5X3RvX25hbWUiO3M6MDoiIjtzOjg6InJlcGx5X3RvIjtzOjA6IiI7czoxMzoiZW1haWxfdG9fdHlwZSI7YToyOntpOjA7czoyOiJ0byI7aToxO3M6MjoiY2MiO31zOjE3OiJlbWFpbF90YXJnZXRfdHlwZSI7YToxOntpOjA7czoxMzoiUmVsYXRlZCBGaWVsZCI7fXM6NToiZW1haWwiO2E6MTp7aTowO3M6NzoiYWNjb3VudCI7fX0=');

-- Job applications - Notification - Rejected or closed status
REPLACE INTO aow_workflow (id, name, date_entered, date_modified, modified_user_id, created_by, description, deleted, assigned_user_id, flow_module, flow_run_on, status, run_when, multiple_runs, run_on_import) VALUES
('00000ace-02d2-2425-107e-69a82a9eacb5', 'Job applications - Notification - Rejected or closed status', NOW(), NOW(), '1', '1', 'Workflow that sends a notification when an application has changed to Rejected or closed status.', 0, '1', 'stic_Job_Applications', 'All_Records', 'Inactive', 'Always', 1, 0);
REPLACE INTO aow_conditions (id, name, date_entered, date_modified, modified_user_id, created_by, description, deleted, aow_workflow_id, condition_order, module_path, field, operator, value_type, value) VALUES
('000001a5-41d3-7d65-fe58-69a82a22be9d', '', NOW(), NOW(), '1', '1', NULL, 0, '00000ace-02d2-2425-107e-69a82a9eacb5', 1, 'YToxOntpOjA7czoyMToic3RpY19Kb2JfQXBwbGljYXRpb25zIjt9', 'status', 'Equal_To', 'Value', 'rejected_closed'),
('00000f11-1111-2222-3333-69a82a9eacb5', '', NOW(), NOW(), '1', '1', NULL, 0, '00000ace-02d2-2425-107e-69a82a9eacb5', 2, 'YToxOntpOjA7czoyMToic3RpY19Kb2JfQXBwbGljYXRpb25zIjt9', 'status', 'Equal_To', 'Any_Change', NULL);
REPLACE INTO aow_actions (id, name, date_entered, date_modified, modified_user_id, created_by, description, deleted, aow_workflow_id, action_order, action, parameters) VALUES
('00000b52-cd9a-161e-c7d1-69a82a27d7fb', 'Action Send notification - Rejected or closed status (assigned user)', NOW(), NOW(), '1', '1', NULL, 0, '00000ace-02d2-2425-107e-69a82a9eacb5', 1, 'SendEmail', 'YToxMDp7czoxNjoiaW5kaXZpZHVhbF9lbWFpbCI7czoxOiIxIjtzOjE0OiJlbWFpbF90ZW1wbGF0ZSI7czozNjoiMWEyZDZmMTAtOGUzMi00ZjhhLTlhMTEtM2IxYjdjMmEwMDA0IjtzOjExOiJvdXRwdXRfc210cCI7czo2OiJzeXN0ZW0iO3M6MTU6ImZyb21fZW1haWxfbmFtZSI7czowOiIiO3M6MTg6ImZyb21fZW1haWxfYWRkcmVzcyI7czowOiIiO3M6MTM6InJlcGx5X3RvX25hbWUiO3M6MDoiIjtzOjg6InJlcGx5X3RvIjtzOjA6IiI7czoxMzoiZW1haWxfdG9fdHlwZSI7YToyOntpOjA7czoyOiJ0byI7aToxO3M6MjoiY2MiO31zOjE3OiJlbWFpbF90YXJnZXRfdHlwZSI7YToxOntpOjA7czoxMzoiUmVsYXRlZCBGaWVsZCI7fXM6NToiZW1haWwiO2E6MTp7aTowO3M6MTg6ImFzc2lnbmVkX3VzZXJfbGluayI7fX0='),
('00000b53-cd9a-161e-c7d1-69a82a27d7f1', 'Action Send notification - Rejected or closed status (candidate)', NOW(), NOW(), '1', '1', NULL, 0, '00000ace-02d2-2425-107e-69a82a9eacb5', 2, 'SendEmail', 'YToxMDp7czoxNjoiaW5kaXZpZHVhbF9lbWFpbCI7czoxOiIxIjtzOjE0OiJlbWFpbF90ZW1wbGF0ZSI7czozNjoiMWEyZDZmMTAtOGUzMi00ZjhhLTlhMTEtM2IxYjdjMmEwMDA1IjtzOjExOiJvdXRwdXRfc210cCI7czo2OiJzeXN0ZW0iO3M6MTU6ImZyb21fZW1haWxfbmFtZSI7czowOiIiO3M6MTg6ImZyb21fZW1haWxfYWRkcmVzcyI7czowOiIiO3M6MTM6InJlcGx5X3RvX25hbWUiO3M6MDoiIjtzOjg6InJlcGx5X3RvIjtzOjA6IiI7czoxMzoiZW1haWxfdG9fdHlwZSI7YToyOntpOjA7czoyOiJ0byI7aToxO3M6MjoiY2MiO31zOjE3OiJlbWFpbF90YXJnZXRfdHlwZSI7YToxOntpOjA7czoxMzoiUmVsYXRlZCBGaWVsZCI7fXM6NToiZW1haWwiO2E6MTp7aTowO3M6MzA6InN0aWNfam9iX2FwcGxpY2F0aW9uc19jb250YWN0cyI7fX0='),
('00000b54-cd9a-161e-c7d1-69a82a27d7f2', 'Action Send notification - Rejected or closed status (organization)', NOW(), NOW(), '1', '1', NULL, 0, '00000ace-02d2-2425-107e-69a82a9eacb5', 3, 'SendEmail', 'YToxMDp7czoxNjoiaW5kaXZpZHVhbF9lbWFpbCI7czoxOiIxIjtzOjE0OiJlbWFpbF90ZW1wbGF0ZSI7czozNjoiMWEyZDZmMTAtOGUzMi00ZjhhLTlhMTEtM2IxYjdjMmEwMDA2IjtzOjExOiJvdXRwdXRfc210cCI7czo2OiJzeXN0ZW0iO3M6MTU6ImZyb21fZW1haWxfbmFtZSI7czowOiIiO3M6MTg6ImZyb21fZW1haWxfYWRkcmVzcyI7czowOiIiO3M6MTM6InJlcGx5X3RvX25hbWUiO3M6MDoiIjtzOjg6InJlcGx5X3RvIjtzOjA6IiI7czoxMzoiZW1haWxfdG9fdHlwZSI7YToyOntpOjA7czoyOiJ0byI7aToxO3M6MjoiY2MiO31zOjE3OiJlbWFpbF90YXJnZXRfdHlwZSI7YToxOntpOjA7czoxMzoiUmVsYXRlZCBGaWVsZCI7fXM6NToiZW1haWwiO2E6MTp7aTowO3M6NzoiYWNjb3VudCI7fX0=');

-- Job applications - Notification - Other statuses
REPLACE INTO aow_workflow (id, name, date_entered, date_modified, modified_user_id, created_by, description, deleted, assigned_user_id, flow_module, flow_run_on, status, run_when, multiple_runs, run_on_import) VALUES
('00000174-497a-ef41-5ae8-69a830ec33ce', 'Job applications - Notification - Other statuses', NOW(), NOW(), '1', '1', 'Workflow that sends a notification when an application changes to other statuses different from Accepted and Rejected/closed.', 0, '1', 'stic_Job_Applications', 'All_Records', 'Inactive', 'Always', 1, 0);
REPLACE INTO aow_conditions (id, name, date_entered, date_modified, modified_user_id, created_by, description, deleted, aow_workflow_id, condition_order, module_path, field, operator, value_type, value) VALUES
('0000033d-8ae0-fe4a-64ba-69a830439caf', '', NOW(), NOW(), '1', '1', NULL, 0, '00000174-497a-ef41-5ae8-69a830ec33ce', 1, 'YToxOntpOjA7czoyMToic3RpY19Kb2JfQXBwbGljYXRpb25zIjt9', 'status', 'Equal_To', 'Multi', '^expected_presentation^,^presented^,^pending_interview^,^interviewed^,^review^'),
('00000f12-1111-2222-3333-69a830ec33ce', '', NOW(), NOW(), '1', '1', NULL, 0, '00000174-497a-ef41-5ae8-69a830ec33ce', 2, 'YToxOntpOjA7czoyMToic3RpY19Kb2JfQXBwbGljYXRpb25zIjt9', 'status', 'Equal_To', 'Any_Change', NULL);
REPLACE INTO aow_actions (id, name, date_entered, date_modified, modified_user_id, created_by, description, deleted, aow_workflow_id, action_order, action, parameters) VALUES
('00000b79-f2fc-034b-4bb2-69a830fb223b', 'Action Send notification - Other statuses (assigned user)', NOW(), NOW(), '1', '1', NULL, 0, '00000174-497a-ef41-5ae8-69a830ec33ce', 1, 'SendEmail', 'YToxMDp7czoxNjoiaW5kaXZpZHVhbF9lbWFpbCI7czoxOiIxIjtzOjE0OiJlbWFpbF90ZW1wbGF0ZSI7czozNjoiMWEyZDZmMTAtOGUzMi00ZjhhLTlhMTEtM2IxYjdjMmEwMDA3IjtzOjExOiJvdXRwdXRfc210cCI7czo2OiJzeXN0ZW0iO3M6MTU6ImZyb21fZW1haWxfbmFtZSI7czowOiIiO3M6MTg6ImZyb21fZW1haWxfYWRkcmVzcyI7czowOiIiO3M6MTM6InJlcGx5X3RvX25hbWUiO3M6MDoiIjtzOjg6InJlcGx5X3RvIjtzOjA6IiI7czoxMzoiZW1haWxfdG9fdHlwZSI7YToyOntpOjA7czoyOiJ0byI7aToxO3M6MjoiY2MiO31zOjE3OiJlbWFpbF90YXJnZXRfdHlwZSI7YToxOntpOjA7czoxMzoiUmVsYXRlZCBGaWVsZCI7fXM6NToiZW1haWwiO2E6MTp7aTowO3M6MTg6ImFzc2lnbmVkX3VzZXJfbGluayI7fX0='),
('00000b80-f2fc-034b-4bb2-69a830fb2240', 'Action Send notification - Other statuses (candidate)', NOW(), NOW(), '1', '1', NULL, 0, '00000174-497a-ef41-5ae8-69a830ec33ce', 2, 'SendEmail', 'YToxMDp7czoxNjoiaW5kaXZpZHVhbF9lbWFpbCI7czoxOiIxIjtzOjE0OiJlbWFpbF90ZW1wbGF0ZSI7czozNjoiMWEyZDZmMTAtOGUzMi00ZjhhLTlhMTEtM2IxYjdjMmEwMDA4IjtzOjExOiJvdXRwdXRfc210cCI7czo2OiJzeXN0ZW0iO3M6MTU6ImZyb21fZW1haWxfbmFtZSI7czowOiIiO3M6MTg6ImZyb21fZW1haWxfYWRkcmVzcyI7czowOiIiO3M6MTM6InJlcGx5X3RvX25hbWUiO3M6MDoiIjtzOjg6InJlcGx5X3RvIjtzOjA6IiI7czoxMzoiZW1haWxfdG9fdHlwZSI7YToyOntpOjA7czoyOiJ0byI7aToxO3M6MjoiY2MiO31zOjE3OiJlbWFpbF90YXJnZXRfdHlwZSI7YToxOntpOjA7czoxMzoiUmVsYXRlZCBGaWVsZCI7fXM6NToiZW1haWwiO2E6MTp7aTowO3M6MzA6InN0aWNfam9iX2FwcGxpY2F0aW9uc19jb250YWN0cyI7fX0=');

-- Job applications - Notification - Other statuses (organization)
REPLACE INTO aow_workflow (id, name, date_entered, date_modified, modified_user_id, created_by, description, deleted, assigned_user_id, flow_module, flow_run_on, status, run_when, multiple_runs, run_on_import) VALUES
('11f8b4a0-52d8-4f64-a2bf-8f9e6d4c2101', 'Job applications - Notification - Other statuses (organization)', NOW(), NOW(), '1', '1', 'Workflow that sends a notification to the organization when an application changes status, except In Review, Accepted and Rejected/closed.', 0, '1', 'stic_Job_Applications', 'All_Records', 'Inactive', 'Always', 1, 0);
REPLACE INTO aow_conditions (id, name, date_entered, date_modified, modified_user_id, created_by, description, deleted, aow_workflow_id, condition_order, module_path, field, operator, value_type, value) VALUES
('11f8b4a0-52d8-4f64-a2bf-8f9e6d4c2102', '', NOW(), NOW(), '1', '1', NULL, 0, '11f8b4a0-52d8-4f64-a2bf-8f9e6d4c2101', 1, 'YToxOntpOjA7czoyMToic3RpY19Kb2JfQXBwbGljYXRpb25zIjt9', 'status', 'Equal_To', 'Multi', '^expected_presentation^,^presented^,^pending_interview^,^interviewed^'),
('11f8b4a0-52d8-4f64-a2bf-8f9e6d4c2105', '', NOW(), NOW(), '1', '1', NULL, 0, '11f8b4a0-52d8-4f64-a2bf-8f9e6d4c2101', 2, 'YToxOntpOjA7czoyMToic3RpY19Kb2JfQXBwbGljYXRpb25zIjt9', 'status', 'Not_Equal_To', 'Multi', '^accepted^,^rejected_closed^,^review^'),
('11f8b4a0-52d8-4f64-a2bf-8f9e6d4c2103', '', NOW(), NOW(), '1', '1', NULL, 0, '11f8b4a0-52d8-4f64-a2bf-8f9e6d4c2101', 3, 'YToxOntpOjA7czoyMToic3RpY19Kb2JfQXBwbGljYXRpb25zIjt9', 'status', 'Equal_To', 'Any_Change', NULL);
REPLACE INTO aow_actions (id, name, date_entered, date_modified, modified_user_id, created_by, description, deleted, aow_workflow_id, action_order, action, parameters) VALUES
('11f8b4a0-52d8-4f64-a2bf-8f9e6d4c2104', 'Action Send notification - Other statuses (organization)', NOW(), NOW(), '1', '1', NULL, 0, '11f8b4a0-52d8-4f64-a2bf-8f9e6d4c2101', 1, 'SendEmail', 'YToxMDp7czoxNjoiaW5kaXZpZHVhbF9lbWFpbCI7czoxOiIxIjtzOjE0OiJlbWFpbF90ZW1wbGF0ZSI7czozNjoiMWEyZDZmMTAtOGUzMi00ZjhhLTlhMTEtM2IxYjdjMmEwMDA5IjtzOjExOiJvdXRwdXRfc210cCI7czo2OiJzeXN0ZW0iO3M6MTU6ImZyb21fZW1haWxfbmFtZSI7czowOiIiO3M6MTg6ImZyb21fZW1haWxfYWRkcmVzcyI7czowOiIiO3M6MTM6InJlcGx5X3RvX25hbWUiO3M6MDoiIjtzOjg6InJlcGx5X3RvIjtzOjA6IiI7czoxMzoiZW1haWxfdG9fdHlwZSI7YToyOntpOjA7czoyOiJ0byI7aToxO3M6MjoiY2MiO31zOjE3OiJlbWFpbF90YXJnZXRfdHlwZSI7YToxOntpOjA7czoxMzoiUmVsYXRlZCBGaWVsZCI7fXM6NToiZW1haWwiO2E6MTp7aTowO3M6NzoiYWNjb3VudCI7fX0=');

-- Job offers - Notification - Expired closing date and not closed status
REPLACE INTO aow_workflow (id, name, date_entered, date_modified, modified_user_id, created_by, description, deleted, assigned_user_id, flow_module, flow_run_on, status, run_when, multiple_runs, run_on_import) VALUES
('000009c0-3302-dbf2-c1b7-69a850a8b6d5', 'Job offers - Notification - Closing date', NOW(), NOW(), '1', '1', 'Workflow that sends a notification to the assigned user when a job offer closing date is yesterday and status is not Closed.', 0, '1', 'stic_Job_Offers', 'All_Records', 'Inactive', 'Always', 1, 0);
REPLACE INTO aow_conditions (id, name, date_entered, date_modified, modified_user_id, created_by, description, deleted, aow_workflow_id, condition_order, module_path, field, operator, value_type, value) VALUES
('000000cd-0341-b540-66b5-69a8502ff15d', '', NOW(), NOW(), '1', '1', NULL, 0, '000009c0-3302-dbf2-c1b7-69a850a8b6d5', 3, 'YToxOntpOjA7czoxNToic3RpY19Kb2JfT2ZmZXJzIjt9', 'responsible', 'Not_Equal_To', 'Value', NULL),
('000002a2-0646-1de2-e72c-69a85088e3cf', '', NOW(), NOW(), '1', '1', NULL, 0, '000009c0-3302-dbf2-c1b7-69a850a8b6d5', 1, 'YToxOntpOjA7czoxNToic3RpY19Kb2JfT2ZmZXJzIjt9', 'applications_end_date', 'Equal_To', 'Date', 'YTo0OntpOjA7czo1OiJ0b2RheSI7aToxO3M6NToibWludXMiO2k6MjtzOjE6IjEiO2k6MztzOjM6ImRheSI7fQ=='),
('000003b5-2bb2-8999-84b6-69a850918ce2', '', NOW(), NOW(), '1', '1', NULL, 0, '000009c0-3302-dbf2-c1b7-69a850a8b6d5', 2, 'YToxOntpOjA7czoxNToic3RpY19Kb2JfT2ZmZXJzIjt9', 'status', 'Not_Equal_To', 'Multi', '^closed_covered^,^closed_partially_covered^,^closed_not_covered^');
REPLACE INTO aow_actions (id, name, date_entered, date_modified, modified_user_id, created_by, description, deleted, aow_workflow_id, action_order, action, parameters) VALUES
('00000727-a7fd-96e4-64fa-69a850c229f5', 'Action Send notification - Closing date', NOW(), NOW(), '1', '1', NULL, 0, '000009c0-3302-dbf2-c1b7-69a850a8b6d5', 1, 'SendEmail', 'YToxMDp7czoxNjoiaW5kaXZpZHVhbF9lbWFpbCI7czoxOiIwIjtzOjE0OiJlbWFpbF90ZW1wbGF0ZSI7czozNjoiZDNjMWQ1YjctZjhkMi00ZGY0LTlmNmItMmM2M2FhNmI4ZTQxIjtzOjExOiJvdXRwdXRfc210cCI7czo2OiJzeXN0ZW0iO3M6MTU6ImZyb21fZW1haWxfbmFtZSI7czowOiIiO3M6MTg6ImZyb21fZW1haWxfYWRkcmVzcyI7czowOiIiO3M6MTM6InJlcGx5X3RvX25hbWUiO3M6MDoiIjtzOjg6InJlcGx5X3RvIjtzOjA6IiI7czoxMzoiZW1haWxfdG9fdHlwZSI7YToyOntpOjA7czoyOiJ0byI7aToxO3M6MjoiY2MiO31zOjE3OiJlbWFpbF90YXJnZXRfdHlwZSI7YToyOntpOjA7czoxMzoiUmVsYXRlZCBGaWVsZCI7aToxO3M6MTM6IlJlbGF0ZWQgRmllbGQiO31zOjU6ImVtYWlsIjthOjI6e2k6MDtzOjExOiJyZXNwb25zaWJsZSI7aToxO3M6MTg6ImFzc2lnbmVkX3VzZXJfbGluayI7fX0=');

-- Setting for sending Private Area credentials email
REPLACE INTO `stic_settings` (`id`, `date_entered`, `date_modified`, `modified_user_id`, `created_by`, `deleted`, `assigned_user_id`, `type`, `name`, `value`, `description`) VALUES
('f8b4a3a2-9f40-4c2e-9f8d-5e76a20f5d11', NOW(), NOW(), '1', '1', 0, '1', 'PRIVATE_AREA', 'PRIVATE_AREA_SEND_CREDENTIALS_ON_ENABLE', '0', 'Enable automatic Private Area credentials email when stic_pa_enable_c is activated (0 = No, 1 = Yes)'),
('4ef9497d-6511-4a87-9467-01ca8ac99f20', NOW(), NOW(), '1', '1', 0, '1', 'PRIVATE_AREA', 'PRIVATE_AREA_CREDENTIALS_TEMPLATE_CONTACTS', '6e6f5a91-2cb9-4f42-bf26-0a13b2f1c101', 'Notification email template ID used to send Private Area credentials for Contacts'),
('8a2014ed-569d-44ad-b03a-f39420aa7ef6', NOW(), NOW(), '1', '1', 0, '1', 'PRIVATE_AREA', 'PRIVATE_AREA_CREDENTIALS_TEMPLATE_ACCOUNTS', '6e6f5a91-2cb9-4f42-bf26-0a13b2f1c102', 'Notification email template ID used to send Private Area credentials for Accounts');
