-- Notification templates for the job offers and job applications modules
REPLACE INTO email_templates (id,date_entered,date_modified,modified_user_id,created_by,published,name,description,subject,body,body_html,deleted,assigned_user_id,text_only,`type`) VALUES
	 -- Job offer - Notification - Expired closing date and not closed status
	('d3c1d5b7-f8d2-4df4-9f6b-2c63aa6b8e41', NOW(), NOW(), '1', '1', NULL, 'Example - Notification - Offer with expired closing date and not closed status', 'Template to notify the responsible user that the offer has an application closing date of yesterday and is not in closed status or similar.', 'Review job offer: application deadline passed - $stic_job_offers_name', 'Dear $stic_job_offers_assigned_user_name,\r\n\r\nThe job offer $stic_job_offers_name has an expired application closing date (yesterday) and is currently in status $stic_job_offers_status.\r\n\r\nPlease review the offer and update its status if appropriate: $sugarurl/index.php?module=stic_Job_Offers&action=DetailView&record=$stic_job_offers_id', '<p>Dear $stic_job_offers_assigned_user_name,</p>\n<p>The job offer <strong>$stic_job_offers_name</strong> has an expired application closing date (yesterday) and is currently in status <strong>$stic_job_offers_status</strong>.</p>\n<p>Please <a href="$sugarurl/index.php?module=stic_Job_Offers&action=DetailView&record=$stic_job_offers_id">review the offer</a> and update its status if appropriate.</p>', 0, '1', 0, 'notification'),
	-- Accepted application - Assigned user 
	('1a2d6f10-8e32-4f8a-9a11-3b1b7c2a0001', NOW(), NOW(), '1', '1', NULL, 'Example - Accepted application - Assigned user ', 'Notifies the assigned user when an application changes to Accepted, with a CRM link.', 'Accepted application: $stic_job_applications_stic_job_applications_stic_job_offers_name', 'Dear $stic_job_applications_assigned_user_name,\r\n\r\nThe application of $stic_job_applications_stic_job_applications_contacts_name for the offer $stic_job_applications_stic_job_applications_stic_job_offers_name has changed to Accepted status.\r\n\r\nYou can review it in the CRM: $sugarurl/index.php?module=stic_Job_Applications&action=DetailView&record=$stic_job_applications_id', '<p>Dear $stic_job_applications_assigned_user_name,</p><p>The application of <strong>$stic_job_applications_stic_job_applications_contacts_name</strong> for the offer <strong>$stic_job_applications_stic_job_applications_stic_job_offers_name</strong> has changed to <strong>Accepted</strong> status.</p><p>You can review it in the CRM: <a href="$sugarurl/index.php?module=stic_Job_Applications&action=DetailView&record=$stic_job_applications_id">Open application in CRM</a>.</p>', 0, '1', 0, 'notification'),
	-- Accepted application - Candidate 
	('1a2d6f10-8e32-4f8a-9a11-3b1b7c2a0002', NOW(), NOW(), '1', '1', NULL, 'Example - Accepted application - Candidate ', 'Notifies the candidate when their application changes to Accepted, with a private area link.', 'Your application has been accepted: $stic_job_applications_stic_job_applications_stic_job_offers_name', 'Dear $stic_job_applications_stic_job_applications_contacts_name:\r\n\r\nWe are pleased to inform you that your application for the offer $stic_job_applications_stic_job_applications_stic_job_offers_name has changed to Accepted status.\r\n\r\nYou can view the details in your private area: $portal_address/?internalpage=single_stic_job_applications&action=detail&id=$stic_job_applications_id', '<p>Dear $stic_job_applications_stic_job_applications_contacts_name:</p><p>We are pleased to inform you that your application for the offer <strong>$stic_job_applications_stic_job_applications_stic_job_offers_name</strong> has changed to <strong>Accepted</strong> status.</p><p>You can view the details in your private area: <a href="$portal_address/?internalpage=single_stic_job_applications&action=detail&id=$stic_job_applications_id">Access private area</a>.</p>', 0, '1', 0, 'notification'),
	-- Rejected or closed application - Assigned user 
	('1a2d6f10-8e32-4f8a-9a11-3b1b7c2a0004', NOW(), NOW(), '1', '1', NULL, 'Example - Application rejected/closed - Assigned User', 'Notifies the assigned user.', 'Application rejected or closed: $stic_job_applications_stic_job_applications_stic_job_offers_name', 'Dear $stic_job_applications_assigned_user_name,\n\nWe inform you that the status for $stic_job_applications_stic_job_applications_contacts_name regarding the position $stic_job_applications_stic_job_applications_stic_job_offers_name has been updated.\n\nNew status: Application rejected / Process closed.', '<p>Dear <strong>$stic_job_applications_assigned_user_name</strong>,</p><p>We inform you that the status for <strong>$stic_job_applications_stic_job_applications_contacts_name</strong> regarding the position <strong>$stic_job_applications_stic_job_applications_stic_job_offers_name</strong> has been updated.</p><p>New status: <strong>Application rejected / Process closed.</strong></p><p>You can review the details in the CRM: <a href=\"$sugarurl/index.php?module=stic_Job_Applications&action=DetailView&record=$stic_job_applications_id\">Open application in CRM</a>.</p>', 0, '1', 0, 'notification'),
	-- Rejected or closed application - Candidate 
	('1a2d6f10-8e32-4f8a-9a11-3b1b7c2a0005', NOW(), NOW(), '1', '1', NULL, 'Example - Application rejected/closed - Candidate', 'Formal rejection notice.', 'Update on your application: $stic_job_applications_stic_job_applications_stic_job_offers_name', 'Dear $stic_job_applications_stic_job_applications_contacts_name:\n\nThank you for your interest in $stic_job_applications_stic_job_applications_stic_job_offers_name.\n\nAfter careful consideration, we regret to inform you that we have decided to move forward with other candidates.', '<p>Dear <strong>$stic_job_applications_stic_job_applications_contacts_name</strong>:</p><p>Thank you very much for your interest in the <strong>$stic_job_applications_stic_job_applications_stic_job_offers_name</strong> position.</p><p>After careful consideration, we regret to inform you that we have decided to move forward with other candidates whose profiles more closely match our requirements.</p><p>You can check your status in your private area: <a href=\"$portal_address/?internalpage=single_stic_job_applications&action=detail&id=$stic_job_applications_id\">Access Private Area</a>.</p><p>Best regards,<br><strong>$stic_job_applications_account</strong></p>', 0, '1', 0, 'notification'),
	-- Other application statuses - Assigned user 
	('1a2d6f10-8e32-4f8a-9a11-3b1b7c2a0007', NOW(), NOW(), '1', '1', NULL, 'Example - Other application statuses - Assigned user ', 'Notifies the assigned user when an application changes to other statuses, with a CRM link.', 'Application status changed: $stic_job_applications_stic_job_applications_stic_job_offers_name', 'Dear $stic_job_applications_assigned_user_name,\r\n\r\nThe application of $stic_job_applications_stic_job_applications_contacts_name for the offer $stic_job_applications_stic_job_applications_stic_job_offers_name has changed to status $stic_job_applications_status.\r\n\r\nYou can access details at: $sugarurl/index.php?module=stic_Job_Applications&action=DetailView&record=$stic_job_applications_id', '<p>Dear $stic_job_applications_assigned_user_name,</p><p>The application of <strong>$stic_job_applications_stic_job_applications_contacts_name</strong> for the offer <strong>$stic_job_applications_stic_job_applications_stic_job_offers_name</strong> has changed to status <strong>$stic_job_applications_status</strong>.</p><p>You can access details at: <a href="$sugarurl/index.php?module=stic_Job_Applications&action=DetailView&record=$stic_job_applications_id">Open application in CRM</a>.</p>', 0, '1', 0, 'notification'),
	-- Other application statuses - Candidate 
	('1a2d6f10-8e32-4f8a-9a11-3b1b7c2a0008', NOW(), NOW(), '1', '1', NULL, 'Example - Other application statuses - Candidate ', 'Notifies the candidate when their application changes to other statuses, with a private area link.', 'Your application status changed: $stic_job_applications_stic_job_applications_stic_job_offers_name', 'Dear $stic_job_applications_stic_job_applications_contacts_name:\r\n\r\nYour application for the offer $stic_job_applications_stic_job_applications_stic_job_offers_name has changed to status $stic_job_applications_status.\r\n\r\nYou can view the details in your private area: $portal_address/?internalpage=single_stic_job_applications&action=detail&id=$stic_job_applications_id', '<p>Dear $stic_job_applications_stic_job_applications_contacts_name:</p><p>Your application for the offer <strong>$stic_job_applications_stic_job_applications_stic_job_offers_name</strong> has changed to status <strong>$stic_job_applications_status</strong>.</p><p>You can view the details in your private area: <a href="$portal_address/?internalpage=single_stic_job_applications&action=detail&id=$stic_job_applications_id">Access private area</a>.</p>', 0, '1', 0, 'notification'),
	-- Offer - Status change - Assigned user 
	('1a2d6f10-8e32-4f8a-9a11-3b1b7c2a0010', NOW(), NOW(), '1', '1', NULL, 'Example - Offer status change - Assigned user ', 'Notifies the assigned user when an offer status changes, with a CRM link.', 'Offer status changed: $stic_job_offers_name', 'Dear $stic_job_offers_assigned_user_name,\r\n\r\nThe offer $stic_job_offers_name has changed to status $stic_job_offers_status.\r\n\r\nYou can access details at: $sugarurl/index.php?module=stic_Job_Offers&action=DetailView&record=$stic_job_offers_id', '<p>Dear $stic_job_offers_assigned_user_name,</p><p>The offer <strong>$stic_job_offers_name</strong> has changed to status <strong>$stic_job_offers_status</strong>.</p><p>You can access details at: <a href="$sugarurl/index.php?module=stic_Job_Offers&action=DetailView&record=$stic_job_offers_id">Open offer in CRM</a>.</p>', 0, '1', 0, 'notification'),
	-- Offer - Status change - Candidates 
	('1a2d6f10-8e32-4f8a-9a11-3b1b7c2a0011', NOW(), NOW(), '1', '1', NULL, 'Example - Offer status change - Candidates ', 'Notifies candidates of an offer status change, with a private area link.', 'Offer update: $stic_job_offers_name', 'Dear,\r\n\r\nThe offer $stic_job_offers_name has changed to status $stic_job_offers_status.\r\n\r\nYou can view the offer in the private area: $portal_address/?internalpage=single_stic_job_offers&action=detail&id=$stic_job_offers_id', '<p>Dear,</p><p>The offer <strong>$stic_job_offers_name</strong> has changed to status <strong>$stic_job_offers_status</strong>.</p><p>You can view the offer in the private area: <a href="$portal_address/?internalpage=single_stic_job_offers&action=detail&id=$stic_job_offers_id">View offer in private area</a>.</p>', 0, '1', 0, 'notification'),
	-- Private Area - Access credentials - Contact
	('6e6f5a91-2cb9-4f42-bf26-0a13b2f1c101', NOW(), NOW(), '1', '1', NULL, 'Example - Private Area - Access credentials (Contact)', 'Initial template to send Private Area credentials to Contacts when access is enabled', 'Your Private Area access credentials', 'Hello $contacts_name,\r\n\r\nYour access to the Private Area has been enabled.\r\n\r\nUsername: $contacts_stic_pa_username_c\r\nPassword: $contacts_stic_pa_password_c\r\n\r\nAccess from: $portal_address\r\n\r\nIf you did not request this access, please contact the organization.', '<p>Hello $contacts_name,</p><p>Your access to the Private Area has been enabled.</p><p><strong>Username:</strong> $contacts_stic_pa_username_c<br><strong>Password:</strong> $contacts_stic_pa_password_c</p><p>Access from: <a href="$portal_address">$portal_address</a></p><p>If you did not request this access, please contact the organization.</p>', 0, '1', 0, 'notification'),
	-- Private Area - Access credentials - Account
	('6e6f5a91-2cb9-4f42-bf26-0a13b2f1c102', NOW(), NOW(), '1', '1', NULL, 'Example - Private Area - Access credentials (Account)', 'Initial template to send Private Area credentials to Accounts when access is enabled', 'Private Area access credentials', 'Hello $accounts_name,\r\n\r\nYour access to the Private Area has been enabled.\r\n\r\nUsername: $accounts_stic_pa_username_c\r\nPassword: $accounts_stic_pa_password_c\r\n\r\nAccess from: $portal_address\r\n\r\nIf you did not request this access, please contact the organization.', '<p>Hello $accounts_name,</p><p>Your access to the Private Area has been enabled.</p><p><strong>Username:</strong> $accounts_stic_pa_username_c<br><strong>Password:</strong> $accounts_stic_pa_password_c</p><p>Access from: <a href="$portal_address">$portal_address</a></p><p>If you did not request this access, please contact the organization.</p>', 0, '1', 0, 'notification'),
	-- Jop applications - Notification - New application submitted
	('7a9f8f3a-2d1f-4a40-9dd6-7c6f9e1b7001', NOW(), NOW(), '1', '1', NULL, 'Example - Application submitted - Assigned user', 'Notifies the assigned user when a new application is submitted, with a CRM link.', 'New application received: $stic_job_applications_stic_job_applications_stic_job_offers_name', 'Dear $stic_job_applications_assigned_user_name,\r\n\r\nA new application from $stic_job_applications_stic_job_applications_contacts_name has been submitted for the offer $stic_job_applications_stic_job_applications_stic_job_offers_name.\r\n\r\nYou can review it in the CRM: $sugarurl/index.php?module=stic_Job_Applications&action=DetailView&record=$stic_job_applications_id', '<p>Dear $stic_job_applications_assigned_user_name,</p><p>A new application from <strong>$stic_job_applications_stic_job_applications_contacts_name</strong> has been submitted for the offer <strong>$stic_job_applications_stic_job_applications_stic_job_offers_name</strong>.</p><p>You can review it in the CRM: <a href=\"$sugarurl/index.php?module=stic_Job_Applications&action=DetailView&record=$stic_job_applications_id\">Open application in CRM</a>.</p>', 0, '1', 0, 'notification'),
	-- Job applications - Notification - Application registered (candidate)
	('7a9f8f3a-2d1f-4a40-9dd6-7c6f9e1b7003', NOW(), NOW(), '1', '1', NULL, 'Example - Application submitted - Candidate', 'Notifies the candidate that their application has been registered, with a link to the private area.', 'We have received your application: $stic_job_applications_stic_job_applications_stic_job_offers_name', 'Dear $stic_job_applications_stic_job_applications_contacts_name,\r\n\r\nWe have received your application for the offer $stic_job_applications_stic_job_applications_stic_job_offers_name and it has been recorded.\r\n\r\nYou can view the details in your private area: $portal_address/?internalpage=single_stic_job_applications&action=detail&id=$stic_job_applications_id', '<p>Dear $stic_job_applications_stic_job_applications_contacts_name,</p><p>We have received your application for the offer <strong>$stic_job_applications_stic_job_applications_stic_job_offers_name</strong> and it has been recorded.</p><p>You can view the details in your private area: <a href=\"$portal_address/?internalpage=single_stic_job_applications&action=detail&id=$stic_job_applications_id\">Access the private area</a>.</p>', 0, '1', 0, 'notification'),
	-- Message - Notification - New message in conversation
	('7a9f8f3a-2d1f-4a40-9dd6-7c6f9e1b7002', NOW(), NOW(), '1', '1', NULL, 'Example - New message in conversation - Assigned user', 'Notifies the assigned user when a new message arrives in a conversation.', 'New message received', 'Dear $stic_messages_assigned_user_name,\r\n\r\nA new message has been received in a portal conversation.\r\n\r\nConversation:\r\n$stic_conversations_subject\r\n\r\nMessage:\r\n$stic_messages_message\r\n\r\nYou can review it in the CRM: $sugarurl/index.php?module=stic_Messages&action=DetailView&record=$stic_messages_id', '<p>Dear $stic_messages_assigned_user_name,</p><p>A new message has been received in a portal conversation.</p><p><strong>Conversation:</strong><br>$stic_conversations_subject</p><p><strong>Message:</strong><br>$stic_messages_message</p><p>You can review it in the CRM: <a href=\"$sugarurl/index.php?module=stic_Messages&action=DetailView&record=$stic_messages_id\">Open message in CRM</a>.</p>', 0, '1', 0, 'notification'),
	-- Job offers - Notification - New job offer (assigned user)
	('3c0a5f6e-1111-4f8a-9a11-3b1b7c2a0101', NOW(), NOW(), '1', '1', NULL, 'Example - New job offer - Assigned user', 'Notifies assigned user when a new job offer is created.', 'New offer created: $stic_job_offers_name', 'Dear $stic_job_offers_assigned_user_name,\r\n\r\nA new job offer has been created: $stic_job_offers_name.\r\n\r\nYou can review it in the CRM: $sugarurl/index.php?module=stic_Job_Offers&action=DetailView&record=$stic_job_offers_id', '<p>Dear $stic_job_offers_assigned_user_name,</p><p>A new job offer has been created: <strong>$stic_job_offers_name</strong>.</p><p>You can review it in the CRM: <a href="$sugarurl/index.php?module=stic_Job_Offers&action=DetailView&record=$stic_job_offers_id">Open offer in CRM</a>.</p>', 0, '1', 0, 'notification');
	-- Message - Notification - New message in conversation (contact)
	('7a9f8f3a-2d1f-4a40-9dd6-7c6f9e1b7004', NOW(), NOW(), '1', '1', NULL, 'Example - New message in conversation - Contact', 'Notifies the related contact when the assigned user sends a new message in a conversation.', 'New message in your conversation', 'Dear $contact_name,\r\n\r\nYou have received a new message in a portal conversation.\r\n\r\nConversation:\r\n$stic_conversations_subject\r\n\r\nMessage:\r\n$stic_messages_message\r\n\r\nYou can review and reply in the private area: $portal_address', '<p>Dear $contact_name,</p><p>You have received a new message in a portal conversation.</p><p><strong>Conversation:</strong><br>$stic_conversations_subject</p><p><strong>Message:</strong><br>$stic_messages_message</p><p>You can review and reply in the private area: <a href="$portal_address">$portal_address</a>.</p>', 0, '1', 0, 'notification'),
	-- Job applications - Notification - Application presented (interlocutor)
	('4f2c7b91-0c3e-4a2b-9b3e-7c4a9b1e9001', NOW(), NOW(), '1', '1', NULL, 'Example - Application presented - Interlocutor', 'Notifies the interlocutor when an application changes to Presented.', 'Application presented: $stic_job_applications_stic_job_applications_stic_job_offers_name', 'Dear $contact_name,\r\n\r\nThe application from $stic_job_applications_stic_job_applications_contacts_name for the offer $stic_job_applications_stic_job_applications_stic_job_offers_name has changed to Presented.\r\n\r\nYou can review it in the CRM: $sugarurl/index.php?module=stic_Job_Applications&action=DetailView&record=$stic_job_applications_id', '<p>Dear $contact_name,</p><p>The application from <strong>$stic_job_applications_stic_job_applications_contacts_name</strong> for the offer <strong>$stic_job_applications_stic_job_applications_stic_job_offers_name</strong> has changed to <strong>Presented</strong>.</p><p>You can review it in the CRM: <a href="$sugarurl/index.php?module=stic_Job_Applications&action=DetailView&record=$stic_job_applications_id">Open application in CRM</a>.</p>', 0, '1', 0, 'notification'),
	('4f2c7b91-0c3e-4a2b-9b3e-7c4a9b1e9002', NOW(), NOW(), '1', '1', NULL, 'Example - Application canceled in portal - Assigned user', 'Notifies the assigned user when the candidate cancels their application.', 'Application canceled by the candidate: $stic_job_applications_stic_job_applications_stic_job_offers_name', 'Dear $stic_job_applications_assigned_user_name,\r\n\r\nThe candidate $stic_job_applications_stic_job_applications_contacts_name has canceled their application for the offer $stic_job_applications_stic_job_applications_stic_job_offers_name.\r\n\r\nYou can review it in the CRM: $sugarurl/index.php?module=stic_Job_Applications&action=DetailView&record=$stic_job_applications_id', '<p>Dear $stic_job_applications_assigned_user_name,</p><p>The candidate <strong>$stic_job_applications_stic_job_applications_contacts_name</strong> has canceled their application for the offer <strong>$stic_job_applications_stic_job_applications_stic_job_offers_name</strong>.</p><p>You can review it in the CRM: <a href="$sugarurl/index.php?module=stic_Job_Applications&action=DetailView&record=$stic_job_applications_id">Open application in CRM</a>.</p>', 0, '1', 0, 'notification'),
	('4f2c7b91-0c3e-4a2b-9b3e-7c4a9b1e9003', NOW(), NOW(), '1', '1', NULL, 'Example - Application canceled in portal - Interlocutor', 'Notifies the interlocutor when the candidate cancels their application.', 'Application canceled: $stic_job_applications_stic_job_applications_stic_job_offers_name', 'Dear $contact_name,\r\n\r\nThe candidate $stic_job_applications_stic_job_applications_contacts_name has canceled their application for the offer $stic_job_applications_stic_job_applications_stic_job_offers_name.\r\n\r\nYou can review it in the CRM: $sugarurl/index.php?module=stic_Job_Applications&action=DetailView&record=$stic_job_applications_id', '<p>Dear $contact_name,</p><p>The candidate <strong>$stic_job_applications_stic_job_applications_contacts_name</strong> has canceled their application for the offer <strong>$stic_job_applications_stic_job_applications_stic_job_offers_name</strong>.</p><p>You can review it in the CRM: <a href="$sugarurl/index.php?module=stic_Job_Applications&action=DetailView&record=$stic_job_applications_id">Open application in CRM</a>.</p>', 0, '1', 0, 'notification');


-- Job applications - Notification - Accepted status
REPLACE INTO aow_workflow (id, name, date_entered, date_modified, modified_user_id, created_by, description, deleted, assigned_user_id, flow_module, flow_run_on, status, run_when, multiple_runs, run_on_import) VALUES
('00000190-75e4-3e38-5f8f-69a82fb83c15', 'Job applications - Notification - Accepted status', UTC_TIMESTAMP(), UTC_TIMESTAMP(), '1', '1', 'Workflow that sends a notification when an application has changed to Accepted status.', 0, '1', 'stic_Job_Applications', 'Modified_Records', 'Inactive', 'On_Save', 1, 0);
REPLACE INTO aow_conditions (id, name, date_entered, date_modified, modified_user_id, created_by, description, deleted, aow_workflow_id, condition_order, module_path, field, operator, value_type, value) VALUES
('000003b6-1b3f-4bc3-b4f5-69a82f8345f3', '', UTC_TIMESTAMP(), UTC_TIMESTAMP(), '1', '1', NULL, 0, '00000190-75e4-3e38-5f8f-69a82fb83c15', 1, 'YToxOntpOjA7czoyMToic3RpY19Kb2JfQXBwbGljYXRpb25zIjt9', 'status', 'Equal_To', 'Value', 'accepted'),
('00000f10-1111-2222-3333-69a82fb83c15', '', UTC_TIMESTAMP(), UTC_TIMESTAMP(), '1', '1', NULL, 0, '00000190-75e4-3e38-5f8f-69a82fb83c15', 2, 'YToxOntpOjA7czoyMToic3RpY19Kb2JfQXBwbGljYXRpb25zIjt9', 'status', 'Equal_To', 'Any_Change', NULL);
REPLACE INTO aow_actions (id, name, date_entered, date_modified, modified_user_id, created_by, description, deleted, aow_workflow_id, action_order, action, parameters) VALUES
('000009bf-d247-6e61-ac71-69a82f5103df', 'Action Send notification - Accepted status (assigned user)', UTC_TIMESTAMP(), UTC_TIMESTAMP(), '1', '1', NULL, 0, '00000190-75e4-3e38-5f8f-69a82fb83c15', 1, 'SendEmail', 'YToxMDp7czoxNjoiaW5kaXZpZHVhbF9lbWFpbCI7czoxOiIxIjtzOjE0OiJlbWFpbF90ZW1wbGF0ZSI7czozNjoiMWEyZDZmMTAtOGUzMi00ZjhhLTlhMTEtM2IxYjdjMmEwMDAxIjtzOjExOiJvdXRwdXRfc210cCI7czo2OiJzeXN0ZW0iO3M6MTU6ImZyb21fZW1haWxfbmFtZSI7czowOiIiO3M6MTg6ImZyb21fZW1haWxfYWRkcmVzcyI7czowOiIiO3M6MTM6InJlcGx5X3RvX25hbWUiO3M6MDoiIjtzOjg6InJlcGx5X3RvIjtzOjA6IiI7czoxMzoiZW1haWxfdG9fdHlwZSI7YToyOntpOjA7czoyOiJ0byI7aToxO3M6MjoiY2MiO31zOjE3OiJlbWFpbF90YXJnZXRfdHlwZSI7YToxOntpOjA7czoxMzoiUmVsYXRlZCBGaWVsZCI7fXM6NToiZW1haWwiO2E6MTp7aTowO3M6MTg6ImFzc2lnbmVkX3VzZXJfbGluayI7fX0='),
('000009c1-d247-6e61-ac71-69a82f5103d1', 'Action Send notification - Accepted status (candidate)', UTC_TIMESTAMP(), UTC_TIMESTAMP(), '1', '1', NULL, 0, '00000190-75e4-3e38-5f8f-69a82fb83c15', 2, 'SendEmail', 'YToxMDp7czoxNjoiaW5kaXZpZHVhbF9lbWFpbCI7czoxOiIxIjtzOjE0OiJlbWFpbF90ZW1wbGF0ZSI7czozNjoiMWEyZDZmMTAtOGUzMi00ZjhhLTlhMTEtM2IxYjdjMmEwMDAyIjtzOjExOiJvdXRwdXRfc210cCI7czo2OiJzeXN0ZW0iO3M6MTU6ImZyb21fZW1haWxfbmFtZSI7czowOiIiO3M6MTg6ImZyb21fZW1haWxfYWRkcmVzcyI7czowOiIiO3M6MTM6InJlcGx5X3RvX25hbWUiO3M6MDoiIjtzOjg6InJlcGx5X3RvIjtzOjA6IiI7czoxMzoiZW1haWxfdG9fdHlwZSI7YToyOntpOjA7czoyOiJ0byI7aToxO3M6MjoiY2MiO31zOjE3OiJlbWFpbF90YXJnZXRfdHlwZSI7YToxOntpOjA7czoxMzoiUmVsYXRlZCBGaWVsZCI7fXM6NToiZW1haWwiO2E6MTp7aTowO3M6MzA6InN0aWNfam9iX2FwcGxpY2F0aW9uc19jb250YWN0cyI7fX0=');

-- Job applications - Notification - Rejected or closed status
REPLACE INTO aow_workflow (id, name, date_entered, date_modified, modified_user_id, created_by, description, deleted, assigned_user_id, flow_module, flow_run_on, status, run_when, multiple_runs, run_on_import) VALUES
('00000ace-02d2-2425-107e-69a82a9eacb5', 'Job applications - Notification - Rejected or closed status', UTC_TIMESTAMP(), UTC_TIMESTAMP(), '1', '1', 'Workflow that sends a notification when an application has changed to Rejected or closed status.', 0, '1', 'stic_Job_Applications', 'Modified_Records', 'Inactive', 'On_Save', 1, 0);
REPLACE INTO aow_conditions (id, name, date_entered, date_modified, modified_user_id, created_by, description, deleted, aow_workflow_id, condition_order, module_path, field, operator, value_type, value) VALUES
('000001a5-41d3-7d65-fe58-69a82a22be9d', '', UTC_TIMESTAMP(), UTC_TIMESTAMP(), '1', '1', NULL, 0, '00000ace-02d2-2425-107e-69a82a9eacb5', 1, 'YToxOntpOjA7czoyMToic3RpY19Kb2JfQXBwbGljYXRpb25zIjt9', 'status', 'Equal_To', 'Value', 'rejected_closed'),
('00000f11-1111-2222-3333-69a82a9eacb5', '', UTC_TIMESTAMP(), UTC_TIMESTAMP(), '1', '1', NULL, 0, '00000ace-02d2-2425-107e-69a82a9eacb5', 2, 'YToxOntpOjA7czoyMToic3RpY19Kb2JfQXBwbGljYXRpb25zIjt9', 'status', 'Equal_To', 'Any_Change', NULL),
('00000f14-7b3a-4a1b-8f2a-69a82a9eacb6', '', UTC_TIMESTAMP(), UTC_TIMESTAMP(), '1', '1', NULL, 0, '00000ace-02d2-2425-107e-69a82a9eacb5', 3, 'YToxOntpOjA7czoyMToic3RpY19Kb2JfQXBwbGljYXRpb25zIjt9', 'rejection_reason', 'Not_Equal_To', 'Value', 'resignation');
REPLACE INTO aow_actions (id, name, date_entered, date_modified, modified_user_id, created_by, description, deleted, aow_workflow_id, action_order, action, parameters) VALUES
('00000b52-cd9a-161e-c7d1-69a82a27d7fb', 'Action Send notification - Rejected or closed status (assigned user)', UTC_TIMESTAMP(), UTC_TIMESTAMP(), '1', '1', NULL, 0, '00000ace-02d2-2425-107e-69a82a9eacb5', 1, 'SendEmail', 'YToxMDp7czoxNjoiaW5kaXZpZHVhbF9lbWFpbCI7czoxOiIxIjtzOjE0OiJlbWFpbF90ZW1wbGF0ZSI7czozNjoiMWEyZDZmMTAtOGUzMi00ZjhhLTlhMTEtM2IxYjdjMmEwMDA0IjtzOjExOiJvdXRwdXRfc210cCI7czo2OiJzeXN0ZW0iO3M6MTU6ImZyb21fZW1haWxfbmFtZSI7czowOiIiO3M6MTg6ImZyb21fZW1haWxfYWRkcmVzcyI7czowOiIiO3M6MTM6InJlcGx5X3RvX25hbWUiO3M6MDoiIjtzOjg6InJlcGx5X3RvIjtzOjA6IiI7czoxMzoiZW1haWxfdG9fdHlwZSI7YToyOntpOjA7czoyOiJ0byI7aToxO3M6MjoiY2MiO31zOjE3OiJlbWFpbF90YXJnZXRfdHlwZSI7YToxOntpOjA7czoxMzoiUmVsYXRlZCBGaWVsZCI7fXM6NToiZW1haWwiO2E6MTp7aTowO3M6MTg6ImFzc2lnbmVkX3VzZXJfbGluayI7fX0='),
('00000b53-cd9a-161e-c7d1-69a82a27d7f1', 'Action Send notification - Rejected or closed status (candidate)', UTC_TIMESTAMP(), UTC_TIMESTAMP(), '1', '1', NULL, 0, '00000ace-02d2-2425-107e-69a82a9eacb5', 2, 'SendEmail', 'YToxMDp7czoxNjoiaW5kaXZpZHVhbF9lbWFpbCI7czoxOiIxIjtzOjE0OiJlbWFpbF90ZW1wbGF0ZSI7czozNjoiMWEyZDZmMTAtOGUzMi00ZjhhLTlhMTEtM2IxYjdjMmEwMDA1IjtzOjExOiJvdXRwdXRfc210cCI7czo2OiJzeXN0ZW0iO3M6MTU6ImZyb21fZW1haWxfbmFtZSI7czowOiIiO3M6MTg6ImZyb21fZW1haWxfYWRkcmVzcyI7czowOiIiO3M6MTM6InJlcGx5X3RvX25hbWUiO3M6MDoiIjtzOjg6InJlcGx5X3RvIjtzOjA6IiI7czoxMzoiZW1haWxfdG9fdHlwZSI7YToyOntpOjA7czoyOiJ0byI7aToxO3M6MjoiY2MiO31zOjE3OiJlbWFpbF90YXJnZXRfdHlwZSI7YToxOntpOjA7czoxMzoiUmVsYXRlZCBGaWVsZCI7fXM6NToiZW1haWwiO2E6MTp7aTowO3M6MzA6InN0aWNfam9iX2FwcGxpY2F0aW9uc19jb250YWN0cyI7fX0=');

-- Job applications - Notification - Other statuses
REPLACE INTO aow_workflow (id, name, date_entered, date_modified, modified_user_id, created_by, description, deleted, assigned_user_id, flow_module, flow_run_on, status, run_when, multiple_runs, run_on_import) VALUES
('00000174-497a-ef41-5ae8-69a830ec33ce', 'Job applications - Notification - Other statuses', UTC_TIMESTAMP(), UTC_TIMESTAMP(), '1', '1', 'Workflow that sends a notification to the candidate and the assigned user when the organization changes the status of an application. Statuses: Pending Interview and Interviewed', 0, '1', 'stic_Job_Applications', 'Modified_Records', 'Inactive', 'On_Save', 1, 0);
REPLACE INTO aow_conditions (id, name, date_entered, date_modified, modified_user_id, created_by, description, deleted, aow_workflow_id, condition_order, module_path, field, operator, value_type, value) VALUES
('0000033d-8ae0-fe4a-64ba-69a830439caf', '', UTC_TIMESTAMP(), UTC_TIMESTAMP(), '1', '1', NULL, 0, '00000174-497a-ef41-5ae8-69a830ec33ce', 1, 'YToxOntpOjA7czoyMToic3RpY19Kb2JfQXBwbGljYXRpb25zIjt9', 'status', 'Equal_To', 'Multi', '^pending_interview^,^interviewed^'),
('00000f13-1111-2222-3333-69a830ec33ce', '', UTC_TIMESTAMP(), UTC_TIMESTAMP(), '1', '1', NULL, 0, '00000174-497a-ef41-5ae8-69a830ec33ce', 2, 'YToxOntpOjA7czoyMToic3RpY19Kb2JfQXBwbGljYXRpb25zIjt9', 'status', 'Not_Equal_To', 'Multi', '^expected_presentation^,^review^,^accepted^,^rejected_closed^'),
('00000f12-1111-2222-3333-69a830ec33ce', '', UTC_TIMESTAMP(), UTC_TIMESTAMP(), '1', '1', NULL, 0, '00000174-497a-ef41-5ae8-69a830ec33ce', 3, 'YToxOntpOjA7czoyMToic3RpY19Kb2JfQXBwbGljYXRpb25zIjt9', 'status', 'Equal_To', 'Any_Change', NULL);
REPLACE INTO aow_actions (id, name, date_entered, date_modified, modified_user_id, created_by, description, deleted, aow_workflow_id, action_order, action, parameters) VALUES
('00000b79-f2fc-034b-4bb2-69a830fb223b', 'Action Send notification - Other statuses (assigned user)', UTC_TIMESTAMP(), UTC_TIMESTAMP(), '1', '1', NULL, 0, '00000174-497a-ef41-5ae8-69a830ec33ce', 1, 'SendEmail', 'YToxMDp7czoxNjoiaW5kaXZpZHVhbF9lbWFpbCI7czoxOiIxIjtzOjE0OiJlbWFpbF90ZW1wbGF0ZSI7czozNjoiMWEyZDZmMTAtOGUzMi00ZjhhLTlhMTEtM2IxYjdjMmEwMDA3IjtzOjExOiJvdXRwdXRfc210cCI7czo2OiJzeXN0ZW0iO3M6MTU6ImZyb21fZW1haWxfbmFtZSI7czowOiIiO3M6MTg6ImZyb21fZW1haWxfYWRkcmVzcyI7czowOiIiO3M6MTM6InJlcGx5X3RvX25hbWUiO3M6MDoiIjtzOjg6InJlcGx5X3RvIjtzOjA6IiI7czoxMzoiZW1haWxfdG9fdHlwZSI7YToyOntpOjA7czoyOiJ0byI7aToxO3M6MjoiY2MiO31zOjE3OiJlbWFpbF90YXJnZXRfdHlwZSI7YToxOntpOjA7czoxMzoiUmVsYXRlZCBGaWVsZCI7fXM6NToiZW1haWwiO2E6MTp7aTowO3M6MTg6ImFzc2lnbmVkX3VzZXJfbGluayI7fX0='),
('00000b80-f2fc-034b-4bb2-69a830fb2240', 'Action Send notification - Other statuses (candidate)', UTC_TIMESTAMP(), UTC_TIMESTAMP(), '1', '1', NULL, 0, '00000174-497a-ef41-5ae8-69a830ec33ce', 2, 'SendEmail', 'YToxMDp7czoxNjoiaW5kaXZpZHVhbF9lbWFpbCI7czoxOiIxIjtzOjE0OiJlbWFpbF90ZW1wbGF0ZSI7czozNjoiMWEyZDZmMTAtOGUzMi00ZjhhLTlhMTEtM2IxYjdjMmEwMDA4IjtzOjExOiJvdXRwdXRfc210cCI7czo2OiJzeXN0ZW0iO3M6MTU6ImZyb21fZW1haWxfbmFtZSI7czowOiIiO3M6MTg6ImZyb21fZW1haWxfYWRkcmVzcyI7czowOiIiO3M6MTM6InJlcGx5X3RvX25hbWUiO3M6MDoiIjtzOjg6InJlcGx5X3RvIjtzOjA6IiI7czoxMzoiZW1haWxfdG9fdHlwZSI7YToyOntpOjA7czoyOiJ0byI7aToxO3M6MjoiY2MiO31zOjE3OiJlbWFpbF90YXJnZXRfdHlwZSI7YToxOntpOjA7czoxMzoiUmVsYXRlZCBGaWVsZCI7fXM6NToiZW1haWwiO2E6MTp7aTowO3M6MzA6InN0aWNfam9iX2FwcGxpY2F0aW9uc19jb250YWN0cyI7fX0=');

-- Job applications - Notification - Presented status (candidate)
REPLACE INTO aow_workflow (id, name, date_entered, date_modified, modified_user_id, created_by, description, deleted, assigned_user_id, flow_module, flow_run_on, status, run_when, multiple_runs, run_on_import) VALUES
('00000f20-7b3a-4a1b-8f2a-69a830ec33d0', 'Job applications - Notification - Presented status (candidate)', UTC_TIMESTAMP(), UTC_TIMESTAMP(), '1', '1', 'Workflow that sends a notification to the candidate when an application changes to Presented status.', 0, '1', 'stic_Job_Applications', 'Modified_Records', 'Inactive', 'On_Save', 1, 0);
REPLACE INTO aow_conditions (id, name, date_entered, date_modified, modified_user_id, created_by, description, deleted, aow_workflow_id, condition_order, module_path, field, operator, value_type, value) VALUES
('00000f21-7b3a-4a1b-8f2a-69a830ec33d0', '', UTC_TIMESTAMP(), UTC_TIMESTAMP(), '1', '1', NULL, 0, '00000f20-7b3a-4a1b-8f2a-69a830ec33d0', 1, 'YToxOntpOjA7czoyMToic3RpY19Kb2JfQXBwbGljYXRpb25zIjt9', 'status', 'Equal_To', 'Value', 'presented'),
('00000f22-7b3a-4a1b-8f2a-69a830ec33d0', '', UTC_TIMESTAMP(), UTC_TIMESTAMP(), '1', '1', NULL, 0, '00000f20-7b3a-4a1b-8f2a-69a830ec33d0', 2, 'YToxOntpOjA7czoyMToic3RpY19Kb2JfQXBwbGljYXRpb25zIjt9', 'status', 'Equal_To', 'Any_Change', NULL);
REPLACE INTO aow_actions (id, name, date_entered, date_modified, modified_user_id, created_by, description, deleted, aow_workflow_id, action_order, action, parameters) VALUES
('00000f23-7b3a-4a1b-8f2a-69a830ec33d0', 'Action Send notification - Presented status (candidate)', UTC_TIMESTAMP(), UTC_TIMESTAMP(), '1', '1', NULL, 0, '00000f20-7b3a-4a1b-8f2a-69a830ec33d0', 1, 'SendEmail', 'YToxMDp7czoxNjoiaW5kaXZpZHVhbF9lbWFpbCI7czoxOiIxIjtzOjE0OiJlbWFpbF90ZW1wbGF0ZSI7czozNjoiMWEyZDZmMTAtOGUzMi00ZjhhLTlhMTEtM2IxYjdjMmEwMDA4IjtzOjExOiJvdXRwdXRfc210cCI7czo2OiJzeXN0ZW0iO3M6MTU6ImZyb21fZW1haWxfbmFtZSI7czowOiIiO3M6MTg6ImZyb21fZW1haWxfYWRkcmVzcyI7czowOiIiO3M6MTM6InJlcGx5X3RvX25hbWUiO3M6MDoiIjtzOjg6InJlcGx5X3RvIjtzOjA6IiI7czoxMzoiZW1haWxfdG9fdHlwZSI7YToyOntpOjA7czoyOiJ0byI7aToxO3M6MjoiY2MiO31zOjE3OiJlbWFpbF90YXJnZXRfdHlwZSI7YToxOntpOjA7czoxMzoiUmVsYXRlZCBGaWVsZCI7fXM6NToiZW1haWwiO2E6MTp7aTowO3M6MzA6InN0aWNfam9iX2FwcGxpY2F0aW9uc19jb250YWN0cyI7fX0=');


-- Job offers - Notification - Expired closing date and not closed status
REPLACE INTO aow_workflow (id, name, date_entered, date_modified, modified_user_id, created_by, description, deleted, assigned_user_id, flow_module, flow_run_on, status, run_when, multiple_runs, run_on_import) VALUES
('000009c0-3302-dbf2-c1b7-69a850a8b6d5', 'Job offers - Notification - Closing date', UTC_TIMESTAMP(), UTC_TIMESTAMP(), '1', '1', 'Workflow that sends a notification to the assigned user when a job offer closing date is yesterday and status is not Closed.', 0, '1', 'stic_Job_Offers', 'All_Records', 'Inactive', 'In_Scheduler', 1, 0);
REPLACE INTO aow_conditions (id, name, date_entered, date_modified, modified_user_id, created_by, description, deleted, aow_workflow_id, condition_order, module_path, field, operator, value_type, value) VALUES
('000000cd-0341-b540-66b5-69a8502ff15d', '', UTC_TIMESTAMP(), UTC_TIMESTAMP(), '1', '1', NULL, 0, '000009c0-3302-dbf2-c1b7-69a850a8b6d5', 3, 'YToxOntpOjA7czoxNToic3RpY19Kb2JfT2ZmZXJzIjt9', 'assigned_user_id', 'Not_Equal_To', 'Value', NULL),
('000002a2-0646-1de2-e72c-69a85088e3cf', '', UTC_TIMESTAMP(), UTC_TIMESTAMP(), '1', '1', NULL, 0, '000009c0-3302-dbf2-c1b7-69a850a8b6d5', 1, 'YToxOntpOjA7czoxNToic3RpY19Kb2JfT2ZmZXJzIjt9', 'applications_end_date', 'Equal_To', 'Date', 'YTo0OntpOjA7czo1OiJ0b2RheSI7aToxO3M6NToibWludXMiO2k6MjtzOjE6IjEiO2k6MztzOjM6ImRheSI7fQ=='),
('000003b5-2bb2-8999-84b6-69a850918ce2', '', UTC_TIMESTAMP(), UTC_TIMESTAMP(), '1', '1', NULL, 0, '000009c0-3302-dbf2-c1b7-69a850a8b6d5', 2, 'YToxOntpOjA7czoxNToic3RpY19Kb2JfT2ZmZXJzIjt9', 'status', 'Not_Equal_To', 'Multi', '^closed_covered^,^closed_partially_covered^,^closed_not_covered^');
REPLACE INTO aow_actions (id, name, date_entered, date_modified, modified_user_id, created_by, description, deleted, aow_workflow_id, action_order, action, parameters) VALUES
('00000727-a7fd-96e4-64fa-69a850c229f5', 'Action Send notification - Closing date', UTC_TIMESTAMP(), UTC_TIMESTAMP(), '1', '1', NULL, 0, '000009c0-3302-dbf2-c1b7-69a850a8b6d5', 1, 'SendEmail', 'YToxMDp7czoxNjoiaW5kaXZpZHVhbF9lbWFpbCI7czoxOiIwIjtzOjE0OiJlbWFpbF90ZW1wbGF0ZSI7czozNjoiZDNjMWQ1YjctZjhkMi00ZGY0LTlmNmItMmM2M2FhNmI4ZTQxIjtzOjEzOiJvdXRib3VuZF9zbXRwIjtzOjY6InN5c3RlbSI7czoxNToiZnJvbV9lbWFpbF9uYW1lIjtzOjA6IiI7czoxODoiZnJvbV9lbWFpbF9hZGRyZXNzIjtzOjA6IiI7czoxMzoicmVwbHlfdG9fbmFtZSI7czowOiIiO3M6ODoicmVwbHlfdG8iO3M6MDoiIjtzOjEzOiJlbWFpbF90b190eXBlIjthOjE6e2k6MDtzOjI6InRvIjt9czoxNzoiZW1haWxfdGFyZ2V0X3R5cGUiO2E6MTp7aTowO3M6MTM6IlJlbGF0ZWQgRmllbGQiO31zOjU6ImVtYWlsIjthOjE6e2k6MDtzOjE4OiJhc3NpZ25lZF91c2VyX2xpbmsiO319');

-- Job offers - Notification - New job offer
REPLACE INTO aow_workflow (id, name, date_entered, date_modified, modified_user_id, created_by, description, deleted, assigned_user_id, flow_module, flow_run_on, status, run_when, multiple_runs, run_on_import) VALUES
('3c0a5f6e-0001-4f8a-9a11-3b1b7c2a0200', 'Job offers - Notification - New job offer', UTC_TIMESTAMP(), UTC_TIMESTAMP(), '1', '1', 'Workflow that sends a notification to assigned user when a new job offer is created.', 0, '1', 'stic_Job_Offers', 'New_Records', 'Inactive', 'On_Save', 0, 0);
REPLACE INTO aow_actions (id, name, date_entered, date_modified, modified_user_id, created_by, description, deleted, aow_workflow_id, action_order, action, parameters) VALUES
('3c0a5f6e-0001-4f8a-9a11-3b1b7c2a0201', 'Action Send notification - New offer', UTC_TIMESTAMP(), UTC_TIMESTAMP(), '1', '1', NULL, 0, '3c0a5f6e-0001-4f8a-9a11-3b1b7c2a0200', 1, 'SendEmail', 'YToxMDp7czoxNjoiaW5kaXZpZHVhbF9lbWFpbCI7czoxOiIxIjtzOjE0OiJlbWFpbF90ZW1wbGF0ZSI7czozNjoiM2MwYTVmNmUtMTExMS00ZjhhLTlhMTEtM2IxYjdjMmEwMTAxIjtzOjExOiJvdXRwdXRfc210cCI7czo2OiJzeXN0ZW0iO3M6MTU6ImZyb21fZW1haWxfbmFtZSI7czowOiIiO3M6MTg6ImZyb21fZW1haWxfYWRkcmVzcyI7czowOiIiO3M6MTM6InJlcGx5X3RvX25hbWUiO3M6MDoiIjtzOjg6InJlcGx5X3RvIjtzOjA6IiI7czoxMzoiZW1haWxfdG9fdHlwZSI7YToxOntpOjA7czoyOiJ0byI7fXM6MTc6ImVtYWlsX3RhcmdldF90eXBlIjthOjE6e2k6MDtzOjEzOiJSZWxhdGVkIEZpZWxkIjt9czo1OiJlbWFpbCI7YToxOntpOjA7czoxODoiYXNzaWduZWRfdXNlcl9saW5rIjt9fQ==');

-- Setting for sending Private Area credentials email
REPLACE INTO `stic_settings` (`id`, `date_entered`, `date_modified`, `modified_user_id`, `created_by`, `deleted`, `assigned_user_id`, `type`, `name`, `value`, `description`) VALUES
('f8b4a3a2-9f40-4c2e-9f8d-5e76a20f5d11', NOW(), NOW(), '1', '1', 0, '1', 'PRIVATEAREA', 'PRIVATEAREA_SEND_CREDENTIALS_ON_ENABLE', '0', 'Indicates whether the Private Area credentials will be automatically sent when checking the "Activate Private Area" field in Contacts and Accounts modules (0 = No (default value), 1 = Yes).'),
('4ef9497d-6511-4a87-9467-01ca8ac99f20', NOW(), NOW(), '1', '1', 0, '1', 'PRIVATEAREA', 'PRIVATEAREA_CREDENTIALS_TEMPLATE_CONTACTS', '6e6f5a91-2cb9-4f42-bf26-0a13b2f1c101', 'Notification email template ID used to send Private Area credentials for Contacts'),
('8a2014ed-569d-44ad-b03a-f39420aa7ef6', NOW(), NOW(), '1', '1', 0, '1', 'PRIVATEAREA', 'PRIVATEAREA_CREDENTIALS_TEMPLATE_ACCOUNTS', '6e6f5a91-2cb9-4f42-bf26-0a13b2f1c102', 'Notification email template ID used to send Private Area credentials for Accounts');

-- Job applications - Notification - New application
REPLACE INTO aow_workflow (id, name, date_entered, date_modified, modified_user_id, created_by, description, deleted, assigned_user_id, flow_module, flow_run_on, status, run_when, multiple_runs, run_on_import) VALUES
('2f1b6d2e-6b9c-4b06-9c1e-4b3d4d80a101', 'Job applications - Notification - New application', UTC_TIMESTAMP(), UTC_TIMESTAMP(), '1', '1', 'Workflow that sends a notification to the assigned user when a new application is submitted.', 0, '1', 'stic_Job_Applications', 'New_Records', 'Inactive', 'On_Save', 0, 0);
REPLACE INTO aow_actions (id, name, date_entered, date_modified, modified_user_id, created_by, description, deleted, aow_workflow_id, action_order, action, parameters) VALUES
('2f1b6d2e-6b9c-4b06-9c1e-4b3d4d80a103', 'Action Send notification - New application (assigned user)', UTC_TIMESTAMP(), UTC_TIMESTAMP(), '1', '1', NULL, 0, '2f1b6d2e-6b9c-4b06-9c1e-4b3d4d80a101', 1, 'SendEmail', 'YToxMDp7czoxNjoiaW5kaXZpZHVhbF9lbWFpbCI7czoxOiIxIjtzOjE0OiJlbWFpbF90ZW1wbGF0ZSI7czozNjoiN2E5ZjhmM2EtMmQxZi00YTQwLTlkZDYtN2M2ZjllMWI3MDAxIjtzOjExOiJvdXRwdXRfc210cCI7czo2OiJzeXN0ZW0iO3M6MTU6ImZyb21fZW1haWxfbmFtZSI7czowOiIiO3M6MTg6ImZyb21fZW1haWxfYWRkcmVzcyI7czowOiIiO3M6MTM6InJlcGx5X3RvX25hbWUiO3M6MDoiIjtzOjg6InJlcGx5X3RvIjtzOjA6IiI7czoxMzoiZW1haWxfdG9fdHlwZSI7YToxOntpOjA7czoyOiJ0byI7fXM6MTc6ImVtYWlsX3RhcmdldF90eXBlIjthOjE6e2k6MDtzOjEzOiJSZWxhdGVkIEZpZWxkIjt9czo1OiJlbWFpbCI7YToxOntpOjA7czoxODoiYXNzaWduZWRfdXNlcl9saW5rIjt9fQ=='),
('2f1b6d2e-6b9c-4b06-9c1e-4b3d4d80a104', 'Action Send notification - New application (candidate)', UTC_TIMESTAMP(), UTC_TIMESTAMP(), '1', '1', NULL, 0, '2f1b6d2e-6b9c-4b06-9c1e-4b3d4d80a101', 2, 'SendEmail', 'YToxMDp7czoxNjoiaW5kaXZpZHVhbF9lbWFpbCI7czoxOiIxIjtzOjE0OiJlbWFpbF90ZW1wbGF0ZSI7czozNjoiN2E5ZjhmM2EtMmQxZi00YTQwLTlkZDYtN2M2ZjllMWI3MDAzIjtzOjExOiJvdXRwdXRfc210cCI7czo2OiJzeXN0ZW0iO3M6MTU6ImZyb21fZW1haWxfbmFtZSI7czowOiIiO3M6MTg6ImZyb21fZW1haWxfYWRkcmVzcyI7czowOiIiO3M6MTM6InJlcGx5X3RvX25hbWUiO3M6MDoiIjtzOjg6InJlcGx5X3RvIjtzOjA6IiI7czoxMzoiZW1haWxfdG9fdHlwZSI7YToyOntpOjA7czoyOiJ0byI7aToxO3M6MjoiY2MiO31zOjE3OiJlbWFpbF90YXJnZXRfdHlwZSI7YToxOntpOjA7czoxMzoiUmVsYXRlZCBGaWVsZCI7fXM6NToiZW1haWwiO2E6MTp7aTowO3M6MzA6InN0aWNfam9iX2FwcGxpY2F0aW9uc19jb250YWN0cyI7fX0=');
REPLACE INTO aow_conditions (id, name, date_entered, date_modified, modified_user_id, created_by, description, deleted, aow_workflow_id, condition_order, module_path, field, operator, value_type, value) VALUES
('0000047a-f4b7-3937-dff0-69d8c03ca9bd', '', UTC_TIMESTAMP(), UTC_TIMESTAMP(), '1', '1', NULL, 0, '2f1b6d2e-6b9c-4b06-9c1e-4b3d4d80a101', 1, 'YToxOntpOjA7czoyMToic3RpY19Kb2JfQXBwbGljYXRpb25zIjt9', 'status', 'Equal_To', 'Value', 'review');

-- Messages - Notification - New message
REPLACE INTO aow_workflow (id, name, date_entered, date_modified, modified_user_id, created_by, description, deleted, assigned_user_id, flow_module, flow_run_on, status, run_when, multiple_runs, run_on_import) VALUES
('3a5c7d8e-8b2f-4c1c-9c2b-6e6b0c90b201', 'Messages - Notification - New message', UTC_TIMESTAMP(), UTC_TIMESTAMP(), '1', '1', 'Workflow that sends a notification to the assigned user when a new message is received in conversations.', 0, '1', 'stic_Messages', 'New_Records', 'Inactive', 'On_Save', 0, 0);
REPLACE INTO aow_actions (id, name, date_entered, date_modified, modified_user_id, created_by, description, deleted, aow_workflow_id, action_order, action, parameters) VALUES
('3a5c7d8e-8b2f-4c1c-9c2b-6e6b0c90b205', 'Action Send notification - New message (assigned user)', UTC_TIMESTAMP(), UTC_TIMESTAMP(), '1', '1', NULL, 0, '3a5c7d8e-8b2f-4c1c-9c2b-6e6b0c90b201', 1, 'SendEmail', 'YToxMDp7czoxNjoiaW5kaXZpZHVhbF9lbWFpbCI7czoxOiIxIjtzOjE0OiJlbWFpbF90ZW1wbGF0ZSI7czozNjoiN2E5ZjhmM2EtMmQxZi00YTQwLTlkZDYtN2M2ZjllMWI3MDAyIjtzOjExOiJvdXRwdXRfc210cCI7czo2OiJzeXN0ZW0iO3M6MTU6ImZyb21fZW1haWxfbmFtZSI7czowOiIiO3M6MTg6ImZyb21fZW1haWxfYWRkcmVzcyI7czowOiIiO3M6MTM6InJlcGx5X3RvX25hbWUiO3M6MDoiIjtzOjg6InJlcGx5X3RvIjtzOjA6IiI7czoxMzoiZW1haWxfdG9fdHlwZSI7YToxOntpOjA7czoyOiJ0byI7fXM6MTc6ImVtYWlsX3RhcmdldF90eXBlIjthOjE6e2k6MDtzOjEzOiJSZWxhdGVkIEZpZWxkIjt9czo1OiJlbWFpbCI7YToxOntpOjA7czoxODoiYXNzaWduZWRfdXNlcl9saW5rIjt9fQ==');
REPLACE INTO aow_conditions (id, name, date_entered, date_modified, modified_user_id, created_by, description, deleted, aow_workflow_id, condition_order, module_path, field, operator, value_type, value) VALUES
('3a5c7d8e-8b2f-4c1c-9c2b-6e6b0c90b202', '', UTC_TIMESTAMP(), UTC_TIMESTAMP(), '1', '1', NULL, 0, '3a5c7d8e-8b2f-4c1c-9c2b-6e6b0c90b201', 1, 'YToxOntpOjA7czoxMzoic3RpY19NZXNzYWdlcyI7fQ==', 'type', 'Equal_To', 'Value', 'conversation'),
('3a5c7d8e-8b2f-4c1c-9c2b-6e6b0c90b203', '', UTC_TIMESTAMP(), UTC_TIMESTAMP(), '1', '1', NULL, 0, '3a5c7d8e-8b2f-4c1c-9c2b-6e6b0c90b201', 2, 'YToxOntpOjA7czoxMzoic3RpY19NZXNzYWdlcyI7fQ==', 'status', 'Equal_To', 'Value', 'sent'),
('3a5c7d8e-8b2f-4c1c-9c2b-6e6b0c90b204', '', UTC_TIMESTAMP(), UTC_TIMESTAMP(), '1', '1', NULL, 0, '3a5c7d8e-8b2f-4c1c-9c2b-6e6b0c90b201', 3, 'YToxOntpOjA7czoxMzoic3RpY19NZXNzYWdlcyI7fQ==', 'parent_type', 'Equal_To', 'Value', 'Contacts'),
('3a5c7d8e-8b2f-4c1c-9c2b-6e6b0c90b206', '', UTC_TIMESTAMP(), UTC_TIMESTAMP(), '1', '1', NULL, 0, '3a5c7d8e-8b2f-4c1c-9c2b-6e6b0c90b201', 4, 'YToxOntpOjA7czoxMzoic3RpY19NZXNzYWdlcyI7fQ==', 'direction', 'Equal_To', 'Value', 'inbound');

-- Messages - Notification - New message (contact)
REPLACE INTO aow_workflow (id, name, date_entered, date_modified, modified_user_id, created_by, description, deleted, assigned_user_id, flow_module, flow_run_on, status, run_when, multiple_runs, run_on_import) VALUES
('3a5c7d8e-8b2f-4c1c-9c2b-6e6b0c90b210', 'Messages - Notification - New message (contact)', UTC_TIMESTAMP(), UTC_TIMESTAMP(), '1', '1', 'Workflow that sends a notification to the related contact when the assigned user sends a new message in conversations.', 0, '1', 'stic_Messages', 'New_Records', 'Inactive', 'On_Save', 0, 0);
REPLACE INTO aow_actions (id, name, date_entered, date_modified, modified_user_id, created_by, description, deleted, aow_workflow_id, action_order, action, parameters) VALUES
('3a5c7d8e-8b2f-4c1c-9c2b-6e6b0c90b211', 'Action Send notification - New message (contact)', UTC_TIMESTAMP(), UTC_TIMESTAMP(), '1', '1', NULL, 0, '3a5c7d8e-8b2f-4c1c-9c2b-6e6b0c90b210', 1, 'SendEmail', 'YToxMDp7czoxNjoiaW5kaXZpZHVhbF9lbWFpbCI7czoxOiIxIjtzOjE0OiJlbWFpbF90ZW1wbGF0ZSI7czozNjoiN2E5ZjhmM2EtMmQxZi00YTQwLTlkZDYtN2M2ZjllMWI3MDA0IjtzOjExOiJvdXRwdXRfc210cCI7czo2OiJzeXN0ZW0iO3M6MTU6ImZyb21fZW1haWxfbmFtZSI7czowOiIiO3M6MTg6ImZyb21fZW1haWxfYWRkcmVzcyI7czowOiIiO3M6MTM6InJlcGx5X3RvX25hbWUiO3M6MDoiIjtzOjg6InJlcGx5X3RvIjtzOjA6IiI7czoxMzoiZW1haWxfdG9fdHlwZSI7YToxOntpOjA7czoyOiJ0byI7fXM6MTc6ImVtYWlsX3RhcmdldF90eXBlIjthOjE6e2k6MDtzOjEzOiJSZWxhdGVkIEZpZWxkIjt9czo1OiJlbWFpbCI7YToxOntpOjA7czoxOToicGFyZW50X2NvbnRhY3RfbmFtZSI7fX0=');
REPLACE INTO aow_conditions (id, name, date_entered, date_modified, modified_user_id, created_by, description, deleted, aow_workflow_id, condition_order, module_path, field, operator, value_type, value) VALUES
('3a5c7d8e-8b2f-4c1c-9c2b-6e6b0c90b212', '', UTC_TIMESTAMP(), UTC_TIMESTAMP(), '1', '1', NULL, 0, '3a5c7d8e-8b2f-4c1c-9c2b-6e6b0c90b210', 1, 'YToxOntpOjA7czoxMzoic3RpY19NZXNzYWdlcyI7fQ==', 'type', 'Equal_To', 'Value', 'conversation'),
('3a5c7d8e-8b2f-4c1c-9c2b-6e6b0c90b213', '', UTC_TIMESTAMP(), UTC_TIMESTAMP(), '1', '1', NULL, 0, '3a5c7d8e-8b2f-4c1c-9c2b-6e6b0c90b210', 2, 'YToxOntpOjA7czoxMzoic3RpY19NZXNzYWdlcyI7fQ==', 'status', 'Equal_To', 'Value', 'sent'),
('3a5c7d8e-8b2f-4c1c-9c2b-6e6b0c90b214', '', UTC_TIMESTAMP(), UTC_TIMESTAMP(), '1', '1', NULL, 0, '3a5c7d8e-8b2f-4c1c-9c2b-6e6b0c90b210', 3, 'YToxOntpOjA7czoxMzoic3RpY19NZXNzYWdlcyI7fQ==', 'parent_type', 'Equal_To', 'Value', 'Contacts'),
('3a5c7d8e-8b2f-4c1c-9c2b-6e6b0c90b215', '', UTC_TIMESTAMP(), UTC_TIMESTAMP(), '1', '1', NULL, 0, '3a5c7d8e-8b2f-4c1c-9c2b-6e6b0c90b210', 4, 'YToxOntpOjA7czoxMzoic3RpY19NZXNzYWdlcyI7fQ==', 'direction', 'Equal_To', 'Value', 'outbound');
