-- Notification templates for job offers and job applications module
REPLACE INTO email_templates (id,date_entered,date_modified,modified_user_id,created_by,published,name,description,subject,body,body_html,deleted,assigned_user_id,text_only,`type`) VALUES
	-- Notification - Job offer status change
	 ('c79e5db6-d89d-487f-a4ff-6e2801f7ade5', NOW(), NOW(), '1', '1', NULL, 'Notification - Job offer status change', 'Template to notify job offer status changes.', 'Job offer status change: $stic_job_offers_name', 'Dear,\r\n\r\nThe status of the job offer $stic_job_offers_name has changed to $stic_job_offers_status.', 
	 '<p>Dear,</p>
	 <p>The status of the job offer <strong>$stic_job_offers_name</strong> has changed to <strong><span style="background-color: #f1c40f;">$stic_job_offers_status</span></strong></p>',
	 0, '1', 0, 'notification'),
	 -- Notification - Job application status change
	 ('8ec00c6b-6102-4eb4-a601-7cdb420676a3', NOW(), NOW(), '1', '1', NULL, 'Notification - Job application status change', 'Default template to notify job application status changes.', 'Job application status change: $stic_job_applications_stic_job_applications_stic_job_offers_name', 'Dear $contact_full_name:\r\n\r\nThe status of your application for the job offer $stic_job_applications_stic_job_applications_stic_job_offers_name has changed to $stic_job_applications_status.', '<p>Dear $contact_full_name:</p>\n<p>The status of your application for the job offer $stic_job_applications_stic_job_applications_stic_job_offers_name has changed to $stic_job_applications_status.</p>', 0, '1', 0, 'notification'),
	 -- Job application - Notification - Accepted status
	 ('6a31f063-2d17-4fd6-aef1-9e15db0f7d11', NOW(), NOW(), '1', '1', NULL, 'Notification - Application accepted', 'Template to notify that a job application has been accepted.', 'Your application has been accepted: $stic_job_applications_stic_job_applications_stic_job_offers_name', 'Dear $contact_full_name:\r\n\r\nWe are pleased to inform you that your application for the job offer $stic_job_applications_stic_job_applications_stic_job_offers_name has been accepted.\r\n\r\nCurrent status: $stic_job_applications_status.', '<p>Dear $contact_full_name:</p>\n<p>We are pleased to inform you that your application for the job offer <strong>$stic_job_applications_stic_job_applications_stic_job_offers_name</strong> has been accepted.</p>\n<p>Current status: <strong>$stic_job_applications_status</strong>.</p>', 0, '1', 0, 'notification'),
	-- Job application - Notification - Rejected or closed status
	 ('bb6fe9c6-8b74-4526-a0a8-a7f4fd8e5960', NOW(), NOW(), '1', '1', NULL, 'Notification - Application rejected or closed', 'Template to notify that a job application has been rejected or closed.', 'Update on your application: $stic_job_applications_stic_job_applications_stic_job_offers_name', 'Dear $contact_full_name:\r\n\r\nWe regret to inform you that your application for the job offer $stic_job_applications_stic_job_applications_stic_job_offers_name has changed to status $stic_job_applications_status.\r\n\r\nThank you for your interest.', '<p>Dear $contact_full_name:</p>\n<p>We regret to inform you that your application for the job offer <strong>$stic_job_applications_stic_job_applications_stic_job_offers_name</strong> has changed to status <strong>$stic_job_applications_status</strong>.</p>\n<p>Thank you for your interest.</p>', 0, '1', 0, 'notification'),
	 -- Job offer - Notification - Deadline passed and status not closed
	('d3c1d5b7-f8d2-4df4-9f6b-2c63aa6b8e41', NOW(), NOW(), '1', '1', NULL, 'Notification - Offer with expired closing date and not closed status', 'Template to notify the responsible user that the application closing date was yesterday and the status is not closed or similar.', 'Review job offer: application deadline passed - $stic_job_offers_name', 'Dear,\r\n\r\nThe job offer $stic_job_offers_name has an expired application closing date (yesterday) and is currently in status $stic_job_offers_status.\r\n\r\nPlease review the offer and update its status if applicable.', '<p>Dear,</p>\n<p>The job offer <strong>$stic_job_offers_name</strong> has an expired application closing date (yesterday) and is currently in status <strong>$stic_job_offers_status</strong>.</p>\n<p>Please review the offer and update its status if applicable.</p>', 0, '1', 0, 'notification');

-- Job applications - Notification - Accepted status
REPLACE INTO aow_workflow (id, name, date_entered, date_modified, modified_user_id, created_by, description, deleted, assigned_user_id, flow_module, flow_run_on, status, run_when, multiple_runs, run_on_import) VALUES
('00000190-75e4-3e38-5f8f-69a82fb83c15', 'Job applications - Notification - Accepted status', NOW(), NOW(), '1', '1', 'Workflow that sends a notification to the contact when their application changes to Accepted.', 0, '1', 'stic_Job_Applications', 'All_Records', 'Inactive', 'Always', 1, 0);
REPLACE INTO aow_conditions (id, name, date_entered, date_modified, modified_user_id, created_by, description, deleted, aow_workflow_id, condition_order, module_path, field, operator, value_type, value) VALUES
('000003b6-1b3f-4bc3-b4f5-69a82f8345f3', '', NOW(), NOW(), '1', '1', NULL, 0, '00000190-75e4-3e38-5f8f-69a82fb83c15', 1, 'YToxOntpOjA7czoyMToic3RpY19Kb2JfQXBwbGljYXRpb25zIjt9', 'status', 'Equal_To', 'Value', 'accepted');
REPLACE INTO aow_actions (id, name, date_entered, date_modified, modified_user_id, created_by, description, deleted, aow_workflow_id, action_order, action, parameters) VALUES
('000009bf-d247-6e61-ac71-69a82f5103df', 'Action Send notification - Accepted status', NOW(), NOW(), '1', '1', NULL, 0, '00000190-75e4-3e38-5f8f-69a82fb83c15', 1, 'SendEmail', 'YToxMDp7czoxNjoiaW5kaXZpZHVhbF9lbWFpbCI7czoxOiIxIjtzOjE0OiJlbWFpbF90ZW1wbGF0ZSI7czozNjoiNmEzMWYwNjMtMmQxNy00ZmQ2LWFlZjEtOWUxNWRiMGY3ZDExIjtzOjExOiJvdXRwdXRfc210cCI7czo2OiJzeXN0ZW0iO3M6MTU6ImZyb21fZW1haWxfbmFtZSI7czowOiIiO3M6MTg6ImZyb21fZW1haWxfYWRkcmVzcyI7czowOiIiO3M6MTM6InJlcGx5X3RvX25hbWUiO3M6MDoiIjtzOjg6InJlcGx5X3RvIjtzOjA6IiI7czoxMzoiZW1haWxfdG9fdHlwZSI7YToyOntpOjA7czoyOiJ0byI7aToxO3M6MjoiY2MiO31zOjE3OiJlbWFpbF90YXJnZXRfdHlwZSI7YToyOntpOjA7czoxMzoiUmVsYXRlZCBGaWVsZCI7aToxO3M6MTM6IlJlbGF0ZWQgRmllbGQiO31zOjU6ImVtYWlsIjthOjI6e2k6MDtzOjMwOiJzdGljX2pvYl9hcHBsaWNhdGlvbnNfY29udGFjdHMiO2k6MTtzOjE4OiJhc3NpZ25lZF91c2VyX2xpbmsiO319');

-- Job applications - Notification - Rejected or closed status
REPLACE INTO aow_workflow (id, name, date_entered, date_modified, modified_user_id, created_by, description, deleted, assigned_user_id, flow_module, flow_run_on, status, run_when, multiple_runs, run_on_import) VALUES
('00000ace-02d2-2425-107e-69a82a9eacb5', 'Job applications - Notification - Rejected or closed status', NOW(), NOW(), '1', '1', 'Workflow that sends a notification to the contact when their application changes to Rejected or closed.', 0, '1', 'stic_Job_Applications', 'All_Records', 'Inactive', 'Always', 1, 0);
REPLACE INTO aow_conditions (id, name, date_entered, date_modified, modified_user_id, created_by, description, deleted, aow_workflow_id, condition_order, module_path, field, operator, value_type, value) VALUES
('000001a5-41d3-7d65-fe58-69a82a22be9d', '', NOW(), NOW(), '1', '1', NULL, 0, '00000ace-02d2-2425-107e-69a82a9eacb5', 1, 'YToxOntpOjA7czoyMToic3RpY19Kb2JfQXBwbGljYXRpb25zIjt9', 'status', 'Equal_To', 'Value', 'rejected_closed');
REPLACE INTO aow_actions (id, name, date_entered, date_modified, modified_user_id, created_by, description, deleted, aow_workflow_id, action_order, action, parameters) VALUES
('00000b52-cd9a-161e-c7d1-69a82a27d7fb', 'Action Send notification - Rejected or closed status', NOW(), NOW(), '1', '1', NULL, 0, '00000ace-02d2-2425-107e-69a82a9eacb5', 1, 'SendEmail', 'YToxMDp7czoxNjoiaW5kaXZpZHVhbF9lbWFpbCI7czoxOiIxIjtzOjE0OiJlbWFpbF90ZW1wbGF0ZSI7czozNjoiYmI2ZmU5YzYtOGI3NC00NTI2LWEwYTgtYTdmNGZkOGU1OTYwIjtzOjExOiJvdXRwdXRfc210cCI7czo2OiJzeXN0ZW0iO3M6MTU6ImZyb21fZW1haWxfbmFtZSI7czowOiIiO3M6MTg6ImZyb21fZW1haWxfYWRkcmVzcyI7czowOiIiO3M6MTM6InJlcGx5X3RvX25hbWUiO3M6MDoiIjtzOjg6InJlcGx5X3RvIjtzOjA6IiI7czoxMzoiZW1haWxfdG9fdHlwZSI7YToyOntpOjA7czoyOiJ0byI7aToxO3M6MjoiY2MiO31zOjE3OiJlbWFpbF90YXJnZXRfdHlwZSI7YToyOntpOjA7czoxMzoiUmVsYXRlZCBGaWVsZCI7aToxO3M6MTM6IlJlbGF0ZWQgRmllbGQiO31zOjU6ImVtYWlsIjthOjI6e2k6MDtzOjMwOiJzdGljX2pvYl9hcHBsaWNhdGlvbnNfY29udGFjdHMiO2k6MTtzOjE4OiJhc3NpZ25lZF91c2VyX2xpbmsiO319');

-- Job applications - Notification - Other statuses
REPLACE INTO aow_workflow (id, name, date_entered, date_modified, modified_user_id, created_by, description, deleted, assigned_user_id, flow_module, flow_run_on, status, run_when, multiple_runs, run_on_import) VALUES
('00000174-497a-ef41-5ae8-69a830ec33ce', 'Job applications - Notification - Other statuses', NOW(), NOW(), '1', '1', 'Workflow that sends a notification to the contact when their application changes to statuses other than Accepted or Rejected/closed.', 0, '1', 'stic_Job_Applications', 'All_Records', 'Inactive', 'Always', 1, 0);
REPLACE INTO aow_conditions (id, name, date_entered, date_modified, modified_user_id, created_by, description, deleted, aow_workflow_id, condition_order, module_path, field, operator, value_type, value) VALUES
('0000033d-8ae0-fe4a-64ba-69a830439caf', '', NOW(), NOW(), '1', '1', NULL, 0, '00000174-497a-ef41-5ae8-69a830ec33ce', 1, 'YToxOntpOjA7czoyMToic3RpY19Kb2JfQXBwbGljYXRpb25zIjt9', 'status', 'Equal_To', 'Multi', '^expected_presentation^,^presented^,^pending_interview^,^interviewed^,^review^');
REPLACE INTO aow_actions (id, name, date_entered, date_modified, modified_user_id, created_by, description, deleted, aow_workflow_id, action_order, action, parameters) VALUES
('00000b79-f2fc-034b-4bb2-69a830fb223b', 'Action Send notification - Other statuses', NOW(), NOW(), '1', '1', NULL, 0, '00000174-497a-ef41-5ae8-69a830ec33ce', 1, 'SendEmail', 'YToxMDp7czoxNjoiaW5kaXZpZHVhbF9lbWFpbCI7czoxOiIxIjtzOjE0OiJlbWFpbF90ZW1wbGF0ZSI7czozNjoiOGVjMDBjNmItNjEwMi00ZWI0LWE2MDEtN2NkYjQyMDY3NmEzIjtzOjExOiJvdXRwdXRfc210cCI7czo2OiJzeXN0ZW0iO3M6MTU6ImZyb21fZW1haWxfbmFtZSI7czowOiIiO3M6MTg6ImZyb21fZW1haWxfYWRkcmVzcyI7czowOiIiO3M6MTM6InJlcGx5X3RvX25hbWUiO3M6MDoiIjtzOjg6InJlcGx5X3RvIjtzOjA6IiI7czoxMzoiZW1haWxfdG9fdHlwZSI7YToyOntpOjA7czoyOiJ0byI7aToxO3M6MjoiY2MiO31zOjE3OiJlbWFpbF90YXJnZXRfdHlwZSI7YToyOntpOjA7czoxMzoiUmVsYXRlZCBGaWVsZCI7aToxO3M6MTM6IlJlbGF0ZWQgRmllbGQiO31zOjU6ImVtYWlsIjthOjI6e2k6MDtzOjMwOiJzdGljX2pvYl9hcHBsaWNhdGlvbnNfY29udGFjdHMiO2k6MTtzOjE4OiJhc3NpZ25lZF91c2VyX2xpbmsiO319');

-- Job offers - Notification - Expired closing date with non-closed status
REPLACE INTO aow_workflow (id, name, date_entered, date_modified, modified_user_id, created_by, description, deleted, assigned_user_id, flow_module, flow_run_on, status, run_when, multiple_runs, run_on_import) VALUES
('000009c0-3302-dbf2-c1b7-69a850a8b6d5', 'Job offers - Notification - Closing date', NOW(), NOW(), '1', '1', 'Workflow that sends a notification to the assigned user when a job offer has closing date equal to yesterday and its status is not Closed.', 0, '1', 'stic_Job_Offers', 'All_Records', 'Inactive', 'Always', 1, 0);
REPLACE INTO aow_conditions (id, name, date_entered, date_modified, modified_user_id, created_by, description, deleted, aow_workflow_id, condition_order, module_path, field, operator, value_type, value) VALUES
('000000cd-0341-b540-66b5-69a8502ff15d', '', NOW(), NOW(), '1', '1', NULL, 0, '000009c0-3302-dbf2-c1b7-69a850a8b6d5', 3, 'YToxOntpOjA7czoxNToic3RpY19Kb2JfT2ZmZXJzIjt9', 'responsible', 'Not_Equal_To', 'Value', NULL),
('000002a2-0646-1de2-e72c-69a85088e3cf', '', NOW(), NOW(), '1', '1', NULL, 0, '000009c0-3302-dbf2-c1b7-69a850a8b6d5', 1, 'YToxOntpOjA7czoxNToic3RpY19Kb2JfT2ZmZXJzIjt9', 'applications_end_date', 'Equal_To', 'Date', 'YTo0OntpOjA7czo1OiJ0b2RheSI7aToxO3M6NToibWludXMiO2k6MjtzOjE6IjEiO2k6MztzOjM6ImRheSI7fQ=='),
('000003b5-2bb2-8999-84b6-69a850918ce2', '', NOW(), NOW(), '1', '1', NULL, 0, '000009c0-3302-dbf2-c1b7-69a850a8b6d5', 2, 'YToxOntpOjA7czoxNToic3RpY19Kb2JfT2ZmZXJzIjt9', 'status', 'Not_Equal_To', 'Multi', '^closed_covered^,^closed_partially_covered^,^closed_not_covered^');
REPLACE INTO aow_actions (id, name, date_entered, date_modified, modified_user_id, created_by, description, deleted, aow_workflow_id, action_order, action, parameters) VALUES
('00000727-a7fd-96e4-64fa-69a850c229f5', 'Action Send notification - Closing date', NOW(), NOW(), '1', '1', NULL, 0, '000009c0-3302-dbf2-c1b7-69a850a8b6d5', 1, 'SendEmail', 'YToxMDp7czoxNjoiaW5kaXZpZHVhbF9lbWFpbCI7czoxOiIwIjtzOjE0OiJlbWFpbF90ZW1wbGF0ZSI7czozNjoiZDNjMWQ1YjctZjhkMi00ZGY0LTlmNmItMmM2M2FhNmI4ZTQxIjtzOjExOiJvdXRwdXRfc210cCI7czo2OiJzeXN0ZW0iO3M6MTU6ImZyb21fZW1haWxfbmFtZSI7czowOiIiO3M6MTg6ImZyb21fZW1haWxfYWRkcmVzcyI7czowOiIiO3M6MTM6InJlcGx5X3RvX25hbWUiO3M6MDoiIjtzOjg6InJlcGx5X3RvIjtzOjA6IiI7czoxMzoiZW1haWxfdG9fdHlwZSI7YToyOntpOjA7czoyOiJ0byI7aToxO3M6MjoiY2MiO31zOjE3OiJlbWFpbF90YXJnZXRfdHlwZSI7YToyOntpOjA7czoxMzoiUmVsYXRlZCBGaWVsZCI7aToxO3M6MTM6IlJlbGF0ZWQgRmllbGQiO31zOjU6ImVtYWlsIjthOjI6e2k6MDtzOjExOiJyZXNwb25zaWJsZSI7aToxO3M6MTg6ImFzc2lnbmVkX3VzZXJfbGluayI7fX0=');
