-- Plantillas de notificaciones para el módulo de ofertas laborales y candidaturas
REPLACE INTO email_templates (id,date_entered,date_modified,modified_user_id,created_by,published,name,description,subject,body,body_html,deleted,assigned_user_id,text_only,`type`) VALUES
	-- Notificación - Cambio de estado de oferta laboral
	 ('c79e5db6-d89d-487f-a4ff-6e2801f7ade5', NOW(), NOW(), '1', '1', NULL, 'Notificación - Cambio de estado de oferta laboral', 'Plantilla para notificar cambios de estado en ofertas laborales.', 'Cambio de estado de la oferta laboral: $stic_job_offers_name', 'Estimado/a,\r\n\r\nEl estado de la oferta laboral $stic_job_offers_name ha cambiado a $stic_job_offers_status.', 
	 '<p>Estimado/a,</p>
	 <p>El estado de la oferta laboral <strong>$stic_job_offers_name</strong> ha cambiado a <strong><span style="background-color: #f1c40f;">$stic_job_offers_status</span></strong></p>',
	 0, '1', 0, 'notification'),
	 -- Notificación - Cambio de estado de candidatura
	 ('8ec00c6b-6102-4eb4-a601-7cdb420676a3', NOW(), NOW(), '1', '1', NULL, 'Notificación - Cambio de estado de candidatura', 'Plantilla por defecto para notificar cambios de estado en candidaturas.', 'Cambio de estado de la candidatura: $stic_job_applications_stic_job_applications_stic_job_offers_name', 'Estimado/a $contact_full_name:\r\n\r\nSe ha cambiado el estado de su candidatura para la oferta laboral $stic_job_applications_stic_job_applications_stic_job_offers_name a $stic_job_applications_status.', '<p>Estimado/a $contact_full_name:</p>\n<p>Se ha cambiado el estado de su candidatura para la oferta laboral $stic_job_applications_stic_job_applications_stic_job_offers_name a $stic_job_applications_status.</p>', 0, '1', 0, 'notification'),
	 -- Candidatura - Notificación - Estado Aceptada
	 ('6a31f063-2d17-4fd6-aef1-9e15db0f7d11', NOW(), NOW(), '1', '1', NULL, 'Notificación - Candidatura aceptada', 'Plantilla para notificar que una candidatura ha sido aceptada.', 'Tu candidatura ha sido aceptada: $stic_job_applications_stic_job_applications_stic_job_offers_name', 'Estimado/a $contact_full_name:\r\n\r\nNos complace informarte de que tu candidatura para la oferta laboral $stic_job_applications_stic_job_applications_stic_job_offers_name ha sido aceptada.\r\n\r\nEstado actual: $stic_job_applications_status.', '<p>Estimado/a $contact_full_name:</p>\n<p>Nos complace informarte de que tu candidatura para la oferta laboral <strong>$stic_job_applications_stic_job_applications_stic_job_offers_name</strong> ha sido aceptada.</p>\n<p>Estado actual: <strong>$stic_job_applications_status</strong>.</p>', 0, '1', 0, 'notification'),
	-- Candidatura - Notificación - Estado Rechazada o cerrada
	 ('bb6fe9c6-8b74-4526-a0a8-a7f4fd8e5960', NOW(), NOW(), '1', '1', NULL, 'Notificación - Candidatura rechazada o cerrada', 'Plantilla para notificar que una candidatura ha sido rechazada o cerrada.', 'Actualización de tu candidatura: $stic_job_applications_stic_job_applications_stic_job_offers_name', 'Estimado/a $contact_full_name:\r\n\r\nLamentamos comunicarte que tu candidatura para la oferta laboral $stic_job_applications_stic_job_applications_stic_job_offers_name ha pasado a estado $stic_job_applications_status.\r\n\r\nGracias por tu interés.', '<p>Estimado/a $contact_full_name:</p>\n<p>Lamentamos comunicarte que tu candidatura para la oferta laboral <strong>$stic_job_applications_stic_job_applications_stic_job_offers_name</strong> ha pasado a estado <strong>$stic_job_applications_status</strong>.</p>\n<p>Gracias por tu interés.</p>', 0, '1', 0, 'notification'),
	 -- Oferta laboral - Notificación - Cierre vencido y estado no cerrado
	('d3c1d5b7-f8d2-4df4-9f6b-2c63aa6b8e41', NOW(), NOW(), '1', '1', NULL, 'Notificación - Oferta con cierre vencido sin estado cerrada', 'Plantilla para notificar al responsable que la oferta tiene cierre de candidaturas a ayer y no está en estado cerrada o similar.', 'Revisar oferta laboral: cierre de candidaturas vencido - $stic_job_offers_name', 'Estimado/a,\r\n\r\nLa oferta laboral $stic_job_offers_name tiene la fecha de cierre de candidaturas vencida (ayer) y actualmente está en estado $stic_job_offers_status.\r\n\r\nPor favor, revisa la oferta y actualiza su estado si corresponde.', '<p>Estimado/a,</p>\n<p>La oferta laboral <strong>$stic_job_offers_name</strong> tiene la fecha de cierre de candidaturas vencida (ayer) y actualmente está en estado <strong>$stic_job_offers_status</strong>.</p>\n<p>Por favor, revisa la oferta y actualiza su estado si corresponde.</p>', 0, '1', 0, 'notification');

-- Candidaturas - Notificación - Estado Aceptada
REPLACE INTO aow_workflow (id, name, date_entered, date_modified, modified_user_id, created_by, description, deleted, assigned_user_id, flow_module, flow_run_on, status, run_when, multiple_runs, run_on_import) VALUES
('00000190-75e4-3e38-5f8f-69a82fb83c15', 'Candidaturas - Notificación - Estado Aceptada', NOW(), NOW(), '1', '1', 'Flujo de trabajo que envía una notificación al contacto cuando ha cambiado su candidatura a Aceptada', 0, '1', 'stic_Job_Applications', 'All_Records', 'Inactive', 'Always', 1, 0);
REPLACE INTO aow_conditions (id, name, date_entered, date_modified, modified_user_id, created_by, description, deleted, aow_workflow_id, condition_order, module_path, field, operator, value_type, value) VALUES
('000003b6-1b3f-4bc3-b4f5-69a82f8345f3', '', NOW(), NOW(), '1', '1', NULL, 0, '00000190-75e4-3e38-5f8f-69a82fb83c15', 1, 'YToxOntpOjA7czoyMToic3RpY19Kb2JfQXBwbGljYXRpb25zIjt9', 'status', 'Equal_To', 'Value', 'accepted');
REPLACE INTO aow_actions (id, name, date_entered, date_modified, modified_user_id, created_by, description, deleted, aow_workflow_id, action_order, action, parameters) VALUES
('000009bf-d247-6e61-ac71-69a82f5103df', 'Acción Envío notificación - Estado Aceptada', NOW(), NOW(), '1', '1', NULL, 0, '00000190-75e4-3e38-5f8f-69a82fb83c15', 1, 'SendEmail', 'YToxMDp7czoxNjoiaW5kaXZpZHVhbF9lbWFpbCI7czoxOiIxIjtzOjE0OiJlbWFpbF90ZW1wbGF0ZSI7czozNjoiNmEzMWYwNjMtMmQxNy00ZmQ2LWFlZjEtOWUxNWRiMGY3ZDExIjtzOjExOiJvdXRwdXRfc210cCI7czo2OiJzeXN0ZW0iO3M6MTU6ImZyb21fZW1haWxfbmFtZSI7czowOiIiO3M6MTg6ImZyb21fZW1haWxfYWRkcmVzcyI7czowOiIiO3M6MTM6InJlcGx5X3RvX25hbWUiO3M6MDoiIjtzOjg6InJlcGx5X3RvIjtzOjA6IiI7czoxMzoiZW1haWxfdG9fdHlwZSI7YToyOntpOjA7czoyOiJ0byI7aToxO3M6MjoiY2MiO31zOjE3OiJlbWFpbF90YXJnZXRfdHlwZSI7YToyOntpOjA7czoxMzoiUmVsYXRlZCBGaWVsZCI7aToxO3M6MTM6IlJlbGF0ZWQgRmllbGQiO31zOjU6ImVtYWlsIjthOjI6e2k6MDtzOjMwOiJzdGljX2pvYl9hcHBsaWNhdGlvbnNfY29udGFjdHMiO2k6MTtzOjE4OiJhc3NpZ25lZF91c2VyX2xpbmsiO319');

-- Candidaturas - Notificación - Estado Rechazada o cerrada
REPLACE INTO aow_workflow (id, name, date_entered, date_modified, modified_user_id, created_by, description, deleted, assigned_user_id, flow_module, flow_run_on, status, run_when, multiple_runs, run_on_import) VALUES
('00000ace-02d2-2425-107e-69a82a9eacb5', 'Candidaturas - Notificación - Estado Rechazada o cerrada', NOW(), NOW(), '1', '1', 'Flujo de trabajo que envía una notificación al contacto cuando ha cambiado su candidatura a Rechazada o cerrada', 0, '1', 'stic_Job_Applications', 'All_Records', 'Inactive', 'Always', 1, 0);
REPLACE INTO aow_conditions (id, name, date_entered, date_modified, modified_user_id, created_by, description, deleted, aow_workflow_id, condition_order, module_path, field, operator, value_type, value) VALUES
('000001a5-41d3-7d65-fe58-69a82a22be9d', '', NOW(), NOW(), '1', '1', NULL, 0, '00000ace-02d2-2425-107e-69a82a9eacb5', 1, 'YToxOntpOjA7czoyMToic3RpY19Kb2JfQXBwbGljYXRpb25zIjt9', 'status', 'Equal_To', 'Value', 'rejected_closed');
REPLACE INTO aow_actions (id, name, date_entered, date_modified, modified_user_id, created_by, description, deleted, aow_workflow_id, action_order, action, parameters) VALUES
('00000b52-cd9a-161e-c7d1-69a82a27d7fb', 'Acción Envío notificación - Estado Rechazada o cerrada', NOW(), NOW(), '1', '1', NULL, 0, '00000ace-02d2-2425-107e-69a82a9eacb5', 1, 'SendEmail', 'YToxMDp7czoxNjoiaW5kaXZpZHVhbF9lbWFpbCI7czoxOiIxIjtzOjE0OiJlbWFpbF90ZW1wbGF0ZSI7czozNjoiYmI2ZmU5YzYtOGI3NC00NTI2LWEwYTgtYTdmNGZkOGU1OTYwIjtzOjExOiJvdXRwdXRfc210cCI7czo2OiJzeXN0ZW0iO3M6MTU6ImZyb21fZW1haWxfbmFtZSI7czowOiIiO3M6MTg6ImZyb21fZW1haWxfYWRkcmVzcyI7czowOiIiO3M6MTM6InJlcGx5X3RvX25hbWUiO3M6MDoiIjtzOjg6InJlcGx5X3RvIjtzOjA6IiI7czoxMzoiZW1haWxfdG9fdHlwZSI7YToyOntpOjA7czoyOiJ0byI7aToxO3M6MjoiY2MiO31zOjE3OiJlbWFpbF90YXJnZXRfdHlwZSI7YToyOntpOjA7czoxMzoiUmVsYXRlZCBGaWVsZCI7aToxO3M6MTM6IlJlbGF0ZWQgRmllbGQiO31zOjU6ImVtYWlsIjthOjI6e2k6MDtzOjMwOiJzdGljX2pvYl9hcHBsaWNhdGlvbnNfY29udGFjdHMiO2k6MTtzOjE4OiJhc3NpZ25lZF91c2VyX2xpbmsiO319');

-- Candidaturas - Notificación - Otros Estados
REPLACE INTO aow_workflow (id, name, date_entered, date_modified, modified_user_id, created_by, description, deleted, assigned_user_id, flow_module, flow_run_on, status, run_when, multiple_runs, run_on_import) VALUES
('00000174-497a-ef41-5ae8-69a830ec33ce', 'Candidaturas - Notificación - Otros estados', NOW(), NOW(), '1', '1', 'Flujo de trabajo que envía una notificación al contacto cuando ha cambiado su candidatura a otros estados que no sean ni Aceptada ni Rechazada o cerrada', 0, '1', 'stic_Job_Applications', 'All_Records', 'Inactive', 'Always', 1, 0);
REPLACE INTO aow_conditions (id, name, date_entered, date_modified, modified_user_id, created_by, description, deleted, aow_workflow_id, condition_order, module_path, field, operator, value_type, value) VALUES
('0000033d-8ae0-fe4a-64ba-69a830439caf', '', NOW(), NOW(), '1', '1', NULL, 0, '00000174-497a-ef41-5ae8-69a830ec33ce', 1, 'YToxOntpOjA7czoyMToic3RpY19Kb2JfQXBwbGljYXRpb25zIjt9', 'status', 'Equal_To', 'Multi', '^expected_presentation^,^presented^,^pending_interview^,^interviewed^,^review^');
REPLACE INTO aow_actions (id, name, date_entered, date_modified, modified_user_id, created_by, description, deleted, aow_workflow_id, action_order, action, parameters) VALUES
('00000b79-f2fc-034b-4bb2-69a830fb223b', 'Acción Envío notificación - Otros estados', NOW(), NOW(), '1', '1', NULL, 0, '00000174-497a-ef41-5ae8-69a830ec33ce', 1, 'SendEmail', 'YToxMDp7czoxNjoiaW5kaXZpZHVhbF9lbWFpbCI7czoxOiIxIjtzOjE0OiJlbWFpbF90ZW1wbGF0ZSI7czozNjoiOGVjMDBjNmItNjEwMi00ZWI0LWE2MDEtN2NkYjQyMDY3NmEzIjtzOjExOiJvdXRwdXRfc210cCI7czo2OiJzeXN0ZW0iO3M6MTU6ImZyb21fZW1haWxfbmFtZSI7czowOiIiO3M6MTg6ImZyb21fZW1haWxfYWRkcmVzcyI7czowOiIiO3M6MTM6InJlcGx5X3RvX25hbWUiO3M6MDoiIjtzOjg6InJlcGx5X3RvIjtzOjA6IiI7czoxMzoiZW1haWxfdG9fdHlwZSI7YToyOntpOjA7czoyOiJ0byI7aToxO3M6MjoiY2MiO31zOjE3OiJlbWFpbF90YXJnZXRfdHlwZSI7YToyOntpOjA7czoxMzoiUmVsYXRlZCBGaWVsZCI7aToxO3M6MTM6IlJlbGF0ZWQgRmllbGQiO31zOjU6ImVtYWlsIjthOjI6e2k6MDtzOjMwOiJzdGljX2pvYl9hcHBsaWNhdGlvbnNfY29udGFjdHMiO2k6MTtzOjE4OiJhc3NpZ25lZF91c2VyX2xpbmsiO319');

-- Ofertas Laborales - Notificación - Fecha de cierre vencida sin estado cerrada
REPLACE INTO aow_workflow (id, name, date_entered, date_modified, modified_user_id, created_by, description, deleted, assigned_user_id, flow_module, flow_run_on, status, run_when, multiple_runs, run_on_import) VALUES
('000009c0-3302-dbf2-c1b7-69a850a8b6d5', 'Ofertas laborales - Notificación - Fecha de cierre', NOW(), NOW(), '1', '1', 'Flujo de trabajo que envía una notificación al usuario asignado cuando la fecha de cierre en una oferta sea el día anterior y no tenga de estado Cerrada.', 0, '1', 'stic_Job_Offers', 'All_Records', 'Inactive', 'Always', 1, 0);
REPLACE INTO aow_conditions (id, name, date_entered, date_modified, modified_user_id, created_by, description, deleted, aow_workflow_id, condition_order, module_path, field, operator, value_type, value) VALUES
('000000cd-0341-b540-66b5-69a8502ff15d', '', NOW(), NOW(), '1', '1', NULL, 0, '000009c0-3302-dbf2-c1b7-69a850a8b6d5', 3, 'YToxOntpOjA7czoxNToic3RpY19Kb2JfT2ZmZXJzIjt9', 'responsible', 'Not_Equal_To', 'Value', NULL),
('000002a2-0646-1de2-e72c-69a85088e3cf', '', NOW(), NOW(), '1', '1', NULL, 0, '000009c0-3302-dbf2-c1b7-69a850a8b6d5', 1, 'YToxOntpOjA7czoxNToic3RpY19Kb2JfT2ZmZXJzIjt9', 'applications_end_date', 'Equal_To', 'Date', 'YTo0OntpOjA7czo1OiJ0b2RheSI7aToxO3M6NToibWludXMiO2k6MjtzOjE6IjEiO2k6MztzOjM6ImRheSI7fQ=='),
('000003b5-2bb2-8999-84b6-69a850918ce2', '', NOW(), NOW(), '1', '1', NULL, 0, '000009c0-3302-dbf2-c1b7-69a850a8b6d5', 2, 'YToxOntpOjA7czoxNToic3RpY19Kb2JfT2ZmZXJzIjt9', 'status', 'Not_Equal_To', 'Multi', '^closed_covered^,^closed_partially_covered^,^closed_not_covered^');
REPLACE INTO aow_actions (id, name, date_entered, date_modified, modified_user_id, created_by, description, deleted, aow_workflow_id, action_order, action, parameters) VALUES
('00000727-a7fd-96e4-64fa-69a850c229f5', 'Acción Envío notificación - Fecha de cierre', NOW(), NOW(), '1', '1', NULL, 0, '000009c0-3302-dbf2-c1b7-69a850a8b6d5', 1, 'SendEmail', 'YToxMDp7czoxNjoiaW5kaXZpZHVhbF9lbWFpbCI7czoxOiIwIjtzOjE0OiJlbWFpbF90ZW1wbGF0ZSI7czozNjoiZDNjMWQ1YjctZjhkMi00ZGY0LTlmNmItMmM2M2FhNmI4ZTQxIjtzOjExOiJvdXRwdXRfc210cCI7czo2OiJzeXN0ZW0iO3M6MTU6ImZyb21fZW1haWxfbmFtZSI7czowOiIiO3M6MTg6ImZyb21fZW1haWxfYWRkcmVzcyI7czowOiIiO3M6MTM6InJlcGx5X3RvX25hbWUiO3M6MDoiIjtzOjg6InJlcGx5X3RvIjtzOjA6IiI7czoxMzoiZW1haWxfdG9fdHlwZSI7YToyOntpOjA7czoyOiJ0byI7aToxO3M6MjoiY2MiO31zOjE3OiJlbWFpbF90YXJnZXRfdHlwZSI7YToyOntpOjA7czoxMzoiUmVsYXRlZCBGaWVsZCI7aToxO3M6MTM6IlJlbGF0ZWQgRmllbGQiO31zOjU6ImVtYWlsIjthOjI6e2k6MDtzOjExOiJyZXNwb25zaWJsZSI7aToxO3M6MTg6ImFzc2lnbmVkX3VzZXJfbGluayI7fX0=');
